<?xml version="1.0" encoding="UTF-8"?>
<xrgb>
  <models>
    <model DisplayAs="Custom" StringType="RGB Nodes" StartSide="B" Dir="L" Antialias="1" PixelSize="2" Transparency="0" parm3="1" LayoutGroup="Default" name="Snowflake 3" parm2="7" parm1="7" CustomModel="18,,,1,,,6;,17,,2,,5,;,,16,3,4,,;,,,,7,,;,,13,10,,8,;,14,,11,,,9;15,,,12,,," CustomBkgLightness="0" offsetXpct="0.6416" offsetYpct="0.5419" PreviewScaleX="0.0341" PreviewScaleY="0.0537" PreviewRotation="0" versionNumber="1" StartChannel="10315"/>
    <model DisplayAs="Custom" StringType="RGB Nodes" StartSide="B" Dir="L" Antialias="1" PixelSize="2" Transparency="0" parm3="1" LayoutGroup="Default" name="Snowflake 2" parm2="7" parm1="7" CustomModel="18,,,1,,,6;,17,,2,,5,;,,16,3,4,,;,,,,7,,;,,13,10,,8,;,14,,11,,,9;15,,,12,,," CustomBkgLightness="0" offsetXpct="0.4809" offsetYpct="0.6275" PreviewScaleX="0.0402" PreviewScaleY="0.0604" PreviewRotation="180" versionNumber="1" StartChannel="10255"/>
    <model DisplayAs="Custom" StringType="RGB Nodes" StartSide="B" Dir="L" Antialias="1" PixelSize="2" Transparency="0" parm3="1" LayoutGroup="Default" name="Snowflake 1" parm2="7" parm1="7" CustomModel="18,,,1,,,6;,17,,2,,5,;,,16,3,4,,;,,,,7,,;,,13,10,,8,;,14,,11,,,9;15,,,12,,," CustomBkgLightness="0" offsetXpct="0.3745" offsetYpct="0.6393" PreviewScaleX="0.0422" PreviewScaleY="0.0604" PreviewRotation="179" versionNumber="1" StartChannel="10195"/>
    <model DisplayAs="Single Line" StringType="RGB Nodes" StartSide="B" Dir="L" Antialias="1" PixelSize="2" Transparency="0" parm1="1" parm2="50" parm3="1" LayoutGroup="Default" name="Pixel White Tree 2" X1="0.093374" Y1="0.211410" X2="0.093374" Y2="0.333893" versionNumber="1" StartChannel="9745"/>
    <model DisplayAs="Single Line" StringType="RGB Nodes" StartSide="B" Dir="L" Antialias="1" PixelSize="2" Transparency="0" parm1="1" parm2="50" parm3="1" LayoutGroup="Default" name="Pixel White Tree 1" X1="0.065261" Y1="0.201342" X2="0.065261" Y2="0.338926" versionNumber="1" StartChannel="9595"/>
    <model DisplayAs="Single Line" StringType="RGB Nodes" StartSide="B" Dir="L" Antialias="1" PixelSize="2" Transparency="0" parm1="1" parm3="1" name="Bath Window single line" parm2="40" LayoutGroup="Unassigned" X1="0.163655" Y1="0.120805" X2="0.321285" Y2="0.120805" versionNumber="1" StartChannel="4168"/>
    <model DisplayAs="Custom" StringType="RGB Nodes" StartSide="B" Dir="L" Antialias="1" PixelSize="2" Transparency="0" parm3="1" LayoutGroup="Default" parm2="12" parm1="11" CustomModel=",28,27,26,25,24,23,22,21,20,;29,,,,,,,,,,19;30,,,,,,,,,,18;31,,,,,,,,,,17;32,,,,,,,,,,16;33,,,,,,,,,,15;34,,,,,,,,,,14;35,,,,,,,,,,13;36,,,,,,,,,,12;37,,,,,,,,,,11;38,,,,,,,,,,10;,1,2,3,4,5,6,7,8,9," CustomBkgLightness="0" name="Wardrobe Window 2" offsetXpct="0.1144" offsetYpct="0.5537" PreviewScaleX="0.0582" PreviewScaleY="0.1342" PreviewRotation="0" versionNumber="1" StartChannel="4054"/>
    <model DisplayAs="Custom" StringType="RGB Nodes" StartSide="B" Dir="L" Antialias="1" PixelSize="2" Transparency="0" parm3="1" LayoutGroup="Default" name="Bath window 2" parm2="13" parm1="11" CustomModel=",29,28,27,26,25,24,23,22,21,;30,,,,,,,,,,20;31,,,,,,,,,,19;32,,,,,,,,,,18;33,,,,,,,,,,17;34,,,,,,,,,,16;35,,,,,,,,,,15;36,,,,,,,,,,14;37,,,,,,,,,,13;38,,,,,,,,,,12;39,,,,,,,,,,11;40,,,,,,,,,,10;,1,2,3,4,5,6,7,8,9," CustomBkgLightness="0" CustomBkgImage="/Users/loganc/MEGA/Windows test/IMG_1012.jpg" offsetXpct="0.4920" offsetYpct="0.5385" PreviewScaleX="0.0442" PreviewScaleY="0.0940" PreviewRotation="0" versionNumber="1" StartChannel="4168"/>
    <model DisplayAs="Custom" StringType="RGB Nodes" StartSide="B" Dir="L" Antialias="1" PixelSize="2" Transparency="0" parm3="1" LayoutGroup="Default" name="Toilet Window 2" parm2="13" parm1="10" CustomModel=",26,26,25,24,23,22,21,20,;27,,,,,,,,,19;28,,,,,,,,,18;29,,,,,,,,,17;30,,,,,,,,,16;31,,,,,,,,,15;32,,,,,,,,,14;33,,,,,,,,,13;34,,,,,,,,,12;35,,,,,,,,,11;36,,,,,,,,,10;37,,,,,,,,,9;,1,2,3,4,5,6,7,8," CustomBkgLightness="0" offsetXpct="0.6064" offsetYpct="0.5437" PreviewScaleX="0.0261" PreviewScaleY="0.0671" PreviewRotation="0" versionNumber="1" StartChannel="4288"/>
    <model DisplayAs="Single Line" StringType="RGB Nodes" StartSide="B" Dir="L" Antialias="1" PixelSize="2" Transparency="0" parm1="1" parm3="1" name="Toilet Window single line" parm2="37" LayoutGroup="Unassigned" X1="0.306225" Y1="0.100671" X2="0.401606" Y2="0.098993" versionNumber="1" StartChannel="4288"/>
    <model DisplayAs="Single Line" StartSide="B" Dir="L" Antialias="1" Transparency="0" parm3="1" LayoutGroup="Default" name="Blacklight" parm2="1" PixelSize="6" StringType="Single Color Red" NodeNames="ColourMaster,Colour2,Colour3,Colour4,Colour5,Auto Sound mode" StrandNames="Blacklight" parm1="7" X1="0.400602" Y1="0.280201" X2="0.420683" Y2="0.278524" versionNumber="1" StartChannel="#1:13"/>
    <model DisplayAs="Custom" StartSide="B" Dir="L" parm3="1" LayoutGroup="Default" name="Spot4" parm2="5" parm1="4" CustomModel=",1,1,;1,1,1,1;1,1,1,1;,1,1,;,,," CustomBkgLightness="0" StringType="3 Channel RGB" Antialias="3" PixelSize="100" Transparency="93" BlackTransparency="98" offsetXpct="0.1214" offsetYpct="0.4027" PreviewScaleX="0.0141" PreviewScaleY="0.0268" PreviewRotation="0" versionNumber="1" StartChannel="#1:1"/>
    <model DisplayAs="Custom" StringType="RGB Nodes" StartSide="B" Dir="L" Antialias="1" PixelSize="2" Transparency="0" parm3="1" LayoutGroup="Default" parm2="7" parm1="8" CustomModel="1,2,15,16,29,30,43,44;,3,14,17,28,31,42,45;,4,13,18,27,32,41,46;,5,12,19,26,33,40,47;,6,11,20,25,34,39,48;,7,10,21,24,35,38,49;,8,9,22,23,36,37,50" CustomBkgLightness="0" name="Pi Jacket" offsetXpct="0.2560" offsetYpct="0.8271" PreviewScaleX="0.0843" PreviewScaleY="0.1174" PreviewRotation="0" versionNumber="1" StartChannel="9445">
      <subModel name="Pi Jacket sub" layout="horizontal" type="ranges" line0="2-8" line1="9-15" line2="16-22" line3="23-29" line4="30-36" line5="37-43" line6="44-50"/>
    </model>
    <model DisplayAs="Icicles" StringType="RGB Nodes" StartSide="B" Dir="L" Antialias="1" PixelSize="2" Transparency="0" parm1="1" parm3="1" LayoutGroup="Default" DropPattern="3,4,5" parm2="120" name="Carport Pixicles" X1="0.677711" Y1="0.588926" X2="0.986948" Y2="0.593960" Height="-0.403365" Shear="-0.013873" versionNumber="1" StartChannel="9085">
      <dimmingCurve>
        <all brightness="-40" gamma="1"/>
      </dimmingCurve>
    </model>
    <model DisplayAs="Custom" StringType="RGB Nodes" StartSide="B" Dir="L" Antialias="1" PixelSize="2" Transparency="0" parm3="1" LayoutGroup="Default" parm2="5" parm1="23" CustomModel="1,,5,,10,,13,,17,,21,,26,,29,,33,,38,,41,,45;2,,6,,11,,14,,18,,22,,27,,30,,34,,39,,42,,46;3,,7,,12,,15,,19,,23,,28,,31,,35,,40,,43,,47;4,,8,,,,16,,20,,24,,,,32,,36,,,,44,,48;,,9,,,,,,,,25,,,,,,37,,,,,,49" CustomBkgLightness="0" name="Toilet Pixicles" offsetXpct="0.6396" offsetYpct="0.5855" PreviewScaleX="0.0617" PreviewScaleY="0.0290" PreviewRotation="-1" versionNumber="1" StartChannel="8938">
      <dimmingCurve>
        <all brightness="-40" gamma="1"/>
      </dimmingCurve>
    </model>
    <model DisplayAs="Icicles" StringType="RGB Nodes" StartSide="B" Antialias="1" PixelSize="2" Transparency="0" parm1="1" parm3="1" DropPattern="3,4,5" Dir="R" LayoutGroup="Unassigned" name="Left pixicles backwards" parm2="87" X1="0.115462" Y1="0.902685" X2="0.387550" Y2="0.901007" Height="-0.500000" Shear="0.000000" versionNumber="1" StartChannel="8074"/>
    <model DisplayAs="DMX" StartSide="B" Dir="L" Antialias="1" PixelSize="2" Transparency="0" parm3="1" parm2="1" StringType="Single Color White" DmxPanOrient="0" LayoutGroup="Default" name="DMX moving head 1" DmxStyle="Moving Head Side" parm1="9" DmxPanChannel="1" DmxTiltChannel="2" DmxPanDegOfRot="180" DmxRedChannel="0" DmxGreenChannel="0" DmxBlueChannel="0" NodeNames="Pan,Tilt,Fine Pan,Fine Tilt,Speed,Colour,Gobo,Dimmer,Strobe" StrandNames="DMX moving head 1" offsetXpct="0.7751" offsetYpct="0.5084" PreviewScaleX="0.0161" PreviewScaleY="0.0302" PreviewRotation="180" versionNumber="1" StartChannel="17"/>
    <model DisplayAs="DMX" StartSide="B" Dir="L" Antialias="1" PixelSize="2" Transparency="0" parm3="1" parm2="1" StringType="Single Color White" LayoutGroup="Default" parm1="9" name="DMX Moving Head 2" DmxPanChannel="1" DmxPanDegOfRot="180" DmxPanOrient="0" DmxStyle="Moving Head Side" DmxTiltOrient="0" NodeNames="Pan,Tilt,Fine Pan,Fine Tilt,Speed,Colour,Gobo,Dimmer,Strobe" StrandNames="DMX moving head 2" DmxTiltChannel="2" DmxRedChannel="0" DmxGreenChannel="0" DmxBlueChannel="0" offsetXpct="0.8294" offsetYpct="0.5100" PreviewScaleX="0.0161" PreviewScaleY="0.0268" PreviewRotation="180" versionNumber="1" StartChannel="89"/>
    <model DisplayAs="Custom" StringType="RGB Nodes" StartSide="B" Dir="L" Antialias="1" PixelSize="2" Transparency="0" parm3="1" NodeNames="" StrandNames="" parm2="3" parm1="5" CustomModel=",,1,1,;,1,,,1;1,,,," name="Singing Tree R upper eyebrow" LayoutGroup="Default" offsetXpct="0.7304" offsetYpct="0.9250" PreviewScaleX="0.0267" PreviewScaleY="0.0033" PreviewRotation="12" versionNumber="1" StartChannel="5344"/>
    <model name="Big Arch 1" DisplayAs="Arches" StringType="RGB Nodes" parm1="1" parm2="60" parm3="1" StartSide="B" Dir="R" PixelSize="2" Transparency="0" ModelBrightness="0" Antialias="1" LayoutGroup="Default" X1="0.237818" Y1="0.321690" X2="0.312818" Y2="0.321690" Height="0.997333" Angle="0" versionNumber="1" StartChannel="6334"/>
    <model name="Med Arch 1" DisplayAs="Arches" StringType="RGB Nodes" parm1="1" parm2="50" parm3="1" StartSide="B" Dir="L" PixelSize="2" Transparency="0" ModelBrightness="0" Antialias="1" LayoutGroup="Default" X1="0.247738" Y1="0.321666" X2="0.302738" Y2="0.321666" Height="0.987429" Angle="0" versionNumber="1" StartChannel="6514"/>
    <model name="Megatree" StringType="RGB Nodes" parm1="12" parm2="50" parm3="1" StartSide="B" Dir="L" Antialias="1" PixelSize="2" Transparency="0" DisplayAs="Tree Flat" LayoutGroup="Default" offsetXpct="0.4301" offsetYpct="0.5752" PreviewScaleX="0.1170" PreviewScaleY="0.4090" PreviewRotation="4" versionNumber="1" StartChannel="124">
      <faceInfo Name="SInging matrix tree" CustomColors="" Eyes-Open="" ImagePlacement="" Mouth-AI="" Mouth-AI-EyesClosed="" Mouth-AI-EyesOpen="/Users/logan/MEGA/Xlights 2016/Eyeless trees and eyes/Troll AI5.gif" Mouth-E="" Mouth-E-EyesClosed="" Mouth-E-EyesOpen="/Users/logan/MEGA/Xlights 2016/Eyeless trees and eyes/Troll E5.gif" Mouth-FV="" Mouth-FV-EyesClosed="" Mouth-FV-EyesOpen="/Users/logan/MEGA/Xlights 2016/Eyeless trees and eyes/Troll FV5.gif" Mouth-L="" Mouth-L-EyesClosed="" Mouth-L-EyesOpen="/Users/logan/MEGA/Xlights 2016/Eyeless trees and eyes/Troll L5.gif" Mouth-MBP="" Mouth-MBP-EyesClosed="" Mouth-MBP-EyesOpen="/Users/logan/MEGA/Xlights 2016/Eyeless trees and eyes/Troll MBP5.gif" Mouth-O="" Mouth-O-EyesClosed="" Mouth-O-EyesOpen="/Users/logan/MEGA/Xlights 2016/Eyeless trees and eyes/Troll O5.gif" Mouth-U="" Mouth-U-EyesClosed="" Mouth-U-EyesOpen="/Users/logan/MEGA/Xlights 2016/Eyeless trees and eyes/Troll U5.gif" Mouth-WQ="" Mouth-WQ-EyesClosed="" Mouth-WQ-EyesOpen="/Users/logan/MEGA/Xlights 2016/Eyeless trees and eyes/Troll WQ5.gif" Mouth-etc="" Mouth-etc-EyesClosed="" Mouth-etc-EyesOpen="/Users/logan/MEGA/Xlights 2016/Eyeless trees and eyes/Troll ETC5.gif" Mouth-rest="" Mouth-rest-EyesClosed="" Mouth-rest-EyesOpen="/Users/logan/MEGA/Xlights 2016/Eyeless trees and eyes/Troll Rest5.gif" Type="Matrix"/>
      <dimmingCurve>
        <all brightness="-50" gamma="1"/>
      </dimmingCurve>
    </model>
    <model name="SmallArch 1" DisplayAs="Arches" StringType="RGB Nodes" parm1="1" parm2="35" parm3="1" StartSide="B" Dir="R" PixelSize="2" Transparency="0" ModelBrightness="0" Antialias="1" LayoutGroup="Default" X1="0.255250" Y1="0.317888" X2="0.295226" Y2="0.315446" Height="0.985714" Angle="0" versionNumber="1" StartChannel="6664"/>
    <model name="Spiral tree 1" DisplayAs="Single Line" StringType="RGB Nodes" parm1="1" parm2="100" parm3="1" StartSide="B" Dir="L" PixelSize="2" Transparency="0" ModelBrightness="0" Antialias="1" LayoutGroup="Default" X1="0.236190" Y1="0.314167" X2="0.236190" Y2="0.419167" versionNumber="1" StartChannel="1978"/>
    <model name="Spiral tree2" DisplayAs="Single Line" StringType="RGB Nodes" parm1="1" parm2="99" parm3="1" StartSide="B" Dir="L" PixelSize="2" Transparency="0" ModelBrightness="0" Antialias="1" LayoutGroup="Default" X1="0.316190" Y1="0.325833" X2="0.316190" Y2="0.430833" versionNumber="1" StartChannel="2296"/>
    <model name="Spiral tree3" DisplayAs="Single Line" StringType="RGB Nodes" parm1="1" parm2="100" parm3="1" StartSide="B" Dir="L" PixelSize="2" Transparency="0" ModelBrightness="0" Antialias="1" LayoutGroup="Default" X1="0.562983" Y1="0.349167" X2="0.562983" Y2="0.454167" versionNumber="1" StartChannel="2614"/>
    <model name="Spiral tree4" DisplayAs="Single Line" StringType="RGB Nodes" parm1="1" parm2="100" parm3="1" StartSide="B" Dir="L" PixelSize="2" Transparency="0" ModelBrightness="0" Antialias="1" LayoutGroup="Default" X1="0.638095" Y1="0.357500" X2="0.638095" Y2="0.462500" versionNumber="1" StartChannel="2932"/>
    <model name="Big Arch 2" DisplayAs="Arches" StringType="RGB Nodes" parm1="1" parm2="60" parm3="1" StartSide="B" Dir="L" PixelSize="2" Transparency="0" ModelBrightness="0" Antialias="1" LayoutGroup="Default" X1="0.319741" Y1="0.327755" X2="0.394695" Y2="0.332335" Height="0.997333" Angle="0" versionNumber="1" StartChannel="6769"/>
    <model name="Big Arch 3" DisplayAs="Arches" StringType="RGB Nodes" parm1="1" parm2="60" parm3="1" StartSide="B" Dir="L" PixelSize="2" Transparency="0" ModelBrightness="0" Antialias="1" LayoutGroup="Default" X1="0.486332" Y1="0.342710" X2="0.561287" Y2="0.347291" Height="0.997333" Angle="0" versionNumber="1" StartChannel="7204"/>
    <model name="Big Arch 4" DisplayAs="Arches" StringType="RGB Nodes" parm1="1" parm2="60" parm3="1" StartSide="B" Dir="R" PixelSize="2" Transparency="0" ModelBrightness="0" Antialias="1" LayoutGroup="Default" X1="0.564069" Y1="0.356196" X2="0.634026" Y2="0.360471" Height="0.987618" Angle="0" versionNumber="1" StartChannel="7639"/>
    <model name="MedArch 2" DisplayAs="Arches" StringType="RGB Nodes" parm1="1" parm2="50" parm3="1" StartSide="B" Dir="L" PixelSize="2" Transparency="0" ModelBrightness="0" Antialias="1" LayoutGroup="Default" X1="0.329642" Y1="0.327505" X2="0.384633" Y2="0.329185" Height="0.989485" Angle="0" versionNumber="1" StartChannel="6949"/>
    <model name="Med Arch 3" DisplayAs="Arches" StringType="RGB Nodes" parm1="1" parm2="50" parm3="1" StartSide="B" Dir="L" PixelSize="2" Transparency="0" ModelBrightness="0" Antialias="1" LayoutGroup="Default" X1="0.497234" Y1="0.346666" X2="0.552233" Y2="0.346666" Height="0.989486" Angle="0" versionNumber="1" StartChannel="7384"/>
    <model name="Med Arch 4" DisplayAs="Arches" StringType="RGB Nodes" parm1="1" parm2="50" parm3="1" StartSide="B" Dir="L" PixelSize="2" Transparency="0" ModelBrightness="0" Antialias="1" LayoutGroup="Default" X1="0.572318" Y1="0.356666" X2="0.627318" Y2="0.356666" Height="0.989486" Angle="0" versionNumber="1" StartChannel="7819"/>
    <model name="SmallArch 2" DisplayAs="Arches" StringType="RGB Nodes" parm1="1" parm2="35" parm3="1" StartSide="B" Dir="R" PixelSize="2" Transparency="0" ModelBrightness="0" Antialias="1" LayoutGroup="Default" BlackTransparency="98" X1="0.339357" Y1="0.318792" X2="0.373494" Y2="0.322148" Height="1.352080" Angle="-4" versionNumber="1" StartChannel="7099"/>
    <model name="SmallArch 3" DisplayAs="Arches" StringType="RGB Nodes" parm1="1" parm2="35" parm3="1" StartSide="B" Dir="R" PixelSize="2" Transparency="0" ModelBrightness="0" Antialias="1" LayoutGroup="Default" X1="0.504688" Y1="0.345000" X2="0.544688" Y2="0.345000" Height="0.985715" Angle="0" versionNumber="1" StartChannel="7534"/>
    <model name="SmallArch 4" DisplayAs="Arches" StringType="RGB Nodes" parm1="1" parm2="35" parm3="1" StartSide="B" Dir="R" PixelSize="2" Transparency="0" ModelBrightness="0" Antialias="1" LayoutGroup="Default" X1="0.579173" Y1="0.355000" X2="0.619173" Y2="0.355000" Height="0.985715" Angle="0" versionNumber="1" StartChannel="7969"/>
    <model name="Spot 1" DisplayAs="Custom" parm3="1" StartSide="B" Dir="L" ModelBrightness="0" LayoutGroup="Default" StringType="3 Channel RGB" Transparency="98" PixelSize="100" BlackTransparency="98" parm2="8" parm1="8" CustomModel=",,,,,,,;,,,,,,,;,1,,,,,,;1,1,1,1,1,1,1,1;1,1,1,1,1,1,1,;,1,1,1,1,1,,;,,1,1,1,,,;,,,1,,,," CustomBkgLightness="0" Antialias="3" offsetXpct="0.5269" offsetYpct="0.4061" PreviewScaleX="0.0150" PreviewScaleY="0.0262" PreviewRotation="0" versionNumber="1" StartChannel="#1:4"/>
    <model name="Spot 2" DisplayAs="Custom" parm1="8" parm2="8" parm3="1" StartSide="B" Dir="L" ModelBrightness="0" CustomModel=",,1,1,1,,,;,1,1,1,1,1,,;1,1,1,1,1,1,1,;1,1,1,1,1,1,1,;1,1,1,1,1,1,1,;,1,1,1,1,1,1,;,,1,1,1,1,,;,,,,,,," LayoutGroup="Default" StringType="3 Channel RGB" Antialias="3" Transparency="98" PixelSize="100" BlackTransparency="98" offsetXpct="0.3948" offsetYpct="0.3888" PreviewScaleX="0.0150" PreviewScaleY="0.0262" PreviewRotation="0" versionNumber="1" StartChannel="#1:7"/>
    <model DisplayAs="Custom" parm1="8" parm2="8" parm3="1" StartSide="B" Dir="L" ModelBrightness="0" CustomModel=",,1,1,1,,,;,1,1,1,1,1,,;1,1,1,1,1,1,1,;1,1,1,1,1,1,1,;1,1,1,1,1,1,1,;,1,1,1,1,1,1,;,,1,1,1,1,,;,,,,,,," LayoutGroup="Default" StringType="3 Channel RGB" name="Spot 3" PixelSize="100" Antialias="3" Transparency="98" BlackTransparency="98" offsetXpct="0.2806" offsetYpct="0.3810" PreviewScaleX="0.0150" PreviewScaleY="0.0262" PreviewRotation="0" versionNumber="1" StartChannel="#1:10"/>
    <model DisplayAs="Custom" StringType="RGB Nodes" parm1="8" parm2="16" parm3="1" StartSide="B" Dir="L" PixelSize="2" Transparency="0" CustomModel=",,,1,,,,;,,1,1,1,,,;,,1,1,1,,,;,,1,1,1,,,;,,1,1,1,,,;,,1,1,1,,,;,,1,1,1,,,;,1,1,1,1,1,,;,1,1,1,1,1,,;,1,1,1,1,1,,;,1,1,1,1,1,,;,1,1,1,1,1,,;1,1,1,1,1,1,1,;1,1,1,1,1,1,1,;1,1,1,1,1,1,1,;1,1,1,1,1,1,1," name="Central Garden Ground RGB 1" Antialias="1" LayoutGroup="Default" offsetXpct="0.1573" offsetYpct="0.3763" PreviewScaleX="0.0310" PreviewScaleY="0.1100" PreviewRotation="0" versionNumber="1" StartChannel="33">
      <dimmingCurve>
        <all brightness="-40" gamma="1"/>
      </dimmingCurve>
    </model>
    <model DisplayAs="Custom" StringType="RGB Nodes" parm1="8" parm2="16" parm3="1" StartSide="B" Dir="L" PixelSize="2" Transparency="0" ModelBrightness="0" CustomModel=",,,1,,,,;,,1,1,1,,,;,,1,1,1,,,;,,1,1,1,,,;,,1,1,1,,,;,,1,1,1,,,;,,1,1,1,,,;,1,1,1,1,1,,;,1,1,1,1,1,,;,1,1,1,1,1,,;,1,1,1,1,1,,;,1,1,1,1,1,,;1,1,1,1,1,1,1,;1,1,1,1,1,1,1,;1,1,1,1,1,1,1,;1,1,1,1,1,1,1," name="Central Garden Ground RGB 2" Antialias="1" LayoutGroup="Default" offsetXpct="0.1013" offsetYpct="0.3831" PreviewScaleX="0.0310" PreviewScaleY="0.1100" PreviewRotation="0" versionNumber="1" StartChannel="36">
      <dimmingCurve>
        <all brightness="-40" gamma="1"/>
      </dimmingCurve>
    </model>
    <model DisplayAs="Custom" StringType="RGB Nodes" parm1="8" parm2="16" parm3="1" StartSide="B" Dir="L" PixelSize="2" Transparency="0" ModelBrightness="0" CustomModel=",,,1,,,,;,,1,1,1,,,;,,1,1,1,,,;,,1,1,1,,,;,,1,1,1,,,;,,1,1,1,,,;,,1,1,1,,,;,1,1,1,1,1,,;,1,1,1,1,1,,;,1,1,1,1,1,,;,1,1,1,1,1,,;,1,1,1,1,1,,;1,1,1,1,1,1,1,;1,1,1,1,1,1,1,;1,1,1,1,1,1,1,;1,1,1,1,1,1,1," name="Central Garden Ground RGB 3" Antialias="1" LayoutGroup="Default" offsetXpct="0.0693" offsetYpct="0.3724" PreviewScaleX="0.0310" PreviewScaleY="0.1100" PreviewRotation="0" versionNumber="1" StartChannel="39">
      <dimmingCurve>
        <all brightness="-40" gamma="1"/>
      </dimmingCurve>
    </model>
    <model DisplayAs="Custom" StringType="RGB Nodes" parm1="8" parm2="16" parm3="1" StartSide="B" Dir="L" PixelSize="2" Transparency="0" ModelBrightness="0" CustomModel=",,,1,,,,;,,1,1,1,,,;,,1,1,1,,,;,,1,1,1,,,;,,1,1,1,,,;,,1,1,1,,,;,,1,1,1,,,;,1,1,1,1,1,,;,1,1,1,1,1,,;,1,1,1,1,1,,;,1,1,1,1,1,,;,1,1,1,1,1,,;1,1,1,1,1,1,1,;1,1,1,1,1,1,1,;1,1,1,1,1,1,1,;1,1,1,1,1,1,1," name="Central Garden Ground RGB 4" Antialias="1" LayoutGroup="Default" offsetXpct="0.0336" offsetYpct="0.3670" PreviewScaleX="0.0310" PreviewScaleY="0.1100" PreviewRotation="0" versionNumber="1" StartChannel="42">
      <dimmingCurve>
        <all brightness="-40" gamma="1"/>
      </dimmingCurve>
    </model>
    <model name="Bell 1" DisplayAs="Custom" StringType="RGB Nodes" parm1="8" parm2="10" parm3="1" StartSide="B" Dir="L" PixelSize="2" Transparency="0" CustomModel=",,,,,,,;,,,1,1,,,;,,,1,1,,,;,,1,1,1,1,,;,,1,1,1,1,,;,,1,1,1,1,,;,,1,1,1,1,,;,1,1,1,1,1,1,;,1,1,1,1,1,1,;1,1,1,1,1,1,1,1" Antialias="1" LayoutGroup="Default" offsetXpct="0.6712" offsetYpct="0.5384" PreviewScaleX="0.0137" PreviewScaleY="0.0300" PreviewRotation="14" versionNumber="1" StartChannel="65">
      <dimmingCurve>
        <all brightness="0" gamma="1.0"/>
      </dimmingCurve>
    </model>
    <model name="Bell 2" DisplayAs="Custom" StringType="RGB Nodes" parm1="8" parm2="10" parm3="1" StartSide="B" Dir="L" PixelSize="2" Transparency="0" CustomModel=",,,,,,,;,,,1,1,,,;,,,1,1,,,;,,1,1,1,1,,;,,1,1,1,1,,;,,1,1,1,1,,;,,1,1,1,1,,;,1,1,1,1,1,1,;,1,1,1,1,1,1,;1,1,1,1,1,1,1,1" Antialias="1" LayoutGroup="Default" offsetXpct="0.7227" offsetYpct="0.5395" PreviewScaleX="0.0137" PreviewScaleY="0.0300" PreviewRotation="-9" versionNumber="1" StartChannel="68">
      <dimmingCurve>
        <all brightness="0" gamma="1.0"/>
      </dimmingCurve>
    </model>
    <model name="Window Star 1" DisplayAs="Custom" StringType="RGB Nodes" parm1="11" parm2="10" parm3="1" StartSide="B" Dir="L" PixelSize="2" Transparency="0" ModelBrightness="0" CustomModel=",,,,,1,,,,,;,,1,,,1,,1,,,;,,,1,,1,1,,,,;,,,,1,1,1,,,,;,1,1,1,1,1,1,1,1,1,;,,,1,1,1,1,1,,,;,,,1,,1,,1,,,;,,1,,,1,,,1,,;,,,,,1,,,,,;,,,,,,,,,," Antialias="1" LayoutGroup="Default" offsetXpct="0.6720" offsetYpct="0.4934" PreviewScaleX="0.0250" PreviewScaleY="0.0398" PreviewRotation="0" versionNumber="1" StartChannel="71"/>
    <model name="Window Star 2" DisplayAs="Custom" StringType="RGB Nodes" parm1="11" parm2="10" parm3="1" StartSide="B" Dir="L" PixelSize="2" Transparency="0" ModelBrightness="0" CustomModel=",,,,,1,,,,,;,,1,,,1,,1,,,;,,,1,,1,1,,,,;,,,,1,1,1,1,,,;,1,1,1,1,1,1,1,1,1,;,,,,1,1,1,,,,;,,,1,,1,,1,,,;,,1,,,1,,,1,,;,,,,,1,,,,,;,,,,,,,,,," Antialias="1" LayoutGroup="Default" offsetXpct="0.7226" offsetYpct="0.4917" PreviewScaleX="0.0250" PreviewScaleY="0.0398" PreviewRotation="0" versionNumber="1" StartChannel="74"/>
    <model name="Portwine 1" DisplayAs="Custom" StringType="RGB Nodes" parm1="10" parm2="20" parm3="1" StartSide="B" Dir="L" PixelSize="2" Transparency="0" ModelBrightness="0" CustomModel=",,,,1,,,,,;,,1,1,,,,,,;,,,1,,,,,,;,,,,1,1,,,,;,,,,,,1,1,,;,,,,,,,,1,;,,,,,,,1,,;,,,,,,1,,,;,,,,,1,,,,;,,,1,1,,,,,;,,1,,,,,,,;,,,1,,,,,,;,,,,1,,,,,;,,,,,1,1,1,,;,,,,1,,,,,;,,,,1,,,,,;,,,1,,,,,,;,,1,,,,,,,;,,,1,1,,,,,;,,,,,1,1,,," Antialias="1" LayoutGroup="Default" offsetXpct="0.6038" offsetYpct="0.4681" PreviewScaleX="0.0260" PreviewScaleY="0.0900" PreviewRotation="-101" versionNumber="1" StartChannel="118"/>
    <model name="Portwine 2" DisplayAs="Custom" StringType="RGB Nodes" parm1="10" parm2="20" parm3="1" StartSide="B" Dir="L" PixelSize="2" Transparency="0" ModelBrightness="0" CustomModel=",,,,1,,,,,;,,1,1,,,,,,;,,,1,,,,,,;,,,,1,1,,,,;,,,,,,1,1,,;,,,,,,,,1,;,,,,,,,1,,;,,,,,,1,,,;,,,,,1,,,,;,,,1,1,,,,,;,,1,,,,,,,;,,,1,,,,,,;,,,,1,,,,,;,,,,,1,1,1,,;,,,,1,,,,,;,,,,1,,,,,;,,,1,,,,,,;,,1,,,,,,,;,,,1,1,,,,,;,,,,,1,1,,," Antialias="1" LayoutGroup="Default" offsetXpct="0.6553" offsetYpct="0.4599" PreviewScaleX="0.0314" PreviewScaleY="0.0737" PreviewRotation="99" versionNumber="1" StartChannel="121"/>
    <model name="Column left" DisplayAs="Single Line" StringType="BRG Nodes" parm1="1" parm2="25" parm3="1" StartSide="B" Dir="L" PixelSize="2" Transparency="0" ModelBrightness="0" Antialias="1" LayoutGroup="Default" X1="0.226667" Y1="0.309875" X2="0.226667" Y2="0.630125" versionNumber="1" StartChannel="3250"/>
    <model name="Right column" DisplayAs="Single Line" StringType="BRG Nodes" parm1="1" parm2="25" parm3="1" StartSide="B" Dir="L" PixelSize="2" Transparency="0" ModelBrightness="0" Antialias="1" LayoutGroup="Default" X1="0.553333" Y1="0.351917" X2="0.553333" Y2="0.621417" versionNumber="1" StartChannel="3325"/>
    <model name="Gutter Right" DisplayAs="Single Line" StringType="BRG Nodes" parm1="1" parm2="61" parm3="1" StartSide="B" Dir="L" PixelSize="2" Transparency="0" Antialias="1" LayoutGroup="Default" X1="0.439759" Y1="0.716443" X2="0.661647" Y2="0.595638" versionNumber="1" StartChannel="3430">
      <dimmingCurve>
        <all brightness="-40" gamma="1"/>
      </dimmingCurve>
    </model>
    <model name="Gutter left" DisplayAs="Single Line" StringType="BRG Nodes" parm1="1" parm2="50" parm3="1" StartSide="B" Dir="L" PixelSize="2" Transparency="0" ModelBrightness="0" Antialias="1" LayoutGroup="Default" X1="0.414298" Y1="0.723855" X2="0.037131" Y2="0.642812" versionNumber="1" StartChannel="3619">
      <dimmingCurve>
        <all brightness="-40" gamma="1"/>
      </dimmingCurve>
    </model>
    <model name="Gutter Carport" DisplayAs="Single Line" StringType="GRB Nodes" parm1="1" parm3="1" StartSide="B" Dir="L" PixelSize="2" Transparency="0" ModelBrightness="0" Antialias="1" LayoutGroup="Default" parm2="60" X1="0.671687" Y1="0.597315" X2="0.985595" Y2="0.598344" versionNumber="1" StartChannel="6154">
      <dimmingCurve>
        <all brightness="-40" gamma="1"/>
      </dimmingCurve>
    </model>
    <model name="Carport Roof Vertical" DisplayAs="Single Line" StringType="BRG Nodes" parm1="1" parm2="38" parm3="1" StartSide="B" Dir="L" PixelSize="2" Transparency="0" ModelBrightness="0" Antialias="1" LayoutGroup="Default" X1="0.996619" Y1="0.591709" X2="0.974810" Y2="0.648291" versionNumber="1" StartChannel="5407">
      <dimmingCurve>
        <all brightness="-40" gamma="1"/>
      </dimmingCurve>
    </model>
    <model name="Carport Roof Top" DisplayAs="Single Line" StringType="BRG Nodes" parm1="1" parm2="91" parm3="1" StartSide="B" Dir="R" PixelSize="2" Transparency="0" ModelBrightness="0" Antialias="1" LayoutGroup="Default" X1="0.628452" Y1="0.648333" X2="0.973452" Y2="0.648333" versionNumber="1" StartChannel="5521">
      <dimmingCurve>
        <all brightness="-40" gamma="1"/>
      </dimmingCurve>
    </model>
    <model name="Roofline East" DisplayAs="Single Line" StringType="BRG Nodes" parm1="1" parm2="100" parm3="1" StartSide="B" Dir="R" PixelSize="2" Transparency="0" ModelBrightness="0" Antialias="1" LayoutGroup="Default" X1="0.441310" Y1="0.720293" X2="0.631071" Y2="0.649707" versionNumber="1" StartChannel="5794">
      <dimmingCurve>
        <all brightness="-40" gamma="1"/>
      </dimmingCurve>
    </model>
    <model name="Bedroom Roof Vertical" DisplayAs="Single Line" StringType="BRG Nodes" parm1="1" parm2="44" parm3="1" StartSide="B" Dir="L" PixelSize="2" Transparency="0" ModelBrightness="0" Antialias="1" LayoutGroup="Default" X1="0.056604" Y1="0.648939" X2="-0.001366" Y2="0.757728" versionNumber="1" StartChannel="4399">
      <dimmingCurve>
        <all brightness="-40" gamma="1"/>
      </dimmingCurve>
    </model>
    <model name="Roofline West" DisplayAs="Single Line" StringType="BRG Nodes" parm1="1" parm2="50" parm3="1" StartSide="B" Dir="L" PixelSize="2" Transparency="0" ModelBrightness="0" Antialias="1" LayoutGroup="Default" X1="0.004501" Y1="0.758872" X2="0.264071" Y2="0.711128" versionNumber="1" StartChannel="4531">
      <dimmingCurve>
        <all brightness="-40" gamma="1"/>
      </dimmingCurve>
    </model>
    <model name="Study Roof Peak" DisplayAs="Single Line" StringType="GRB Nodes" parm1="1" parm2="46" parm3="1" StartSide="B" Dir="L" PixelSize="2" Transparency="0" ModelBrightness="0" Antialias="1" LayoutGroup="Default" X1="0.255893" Y1="0.709477" X2="0.412678" Y2="0.723856" versionNumber="1" StartChannel="4681">
      <dimmingCurve>
        <all brightness="-40" gamma="1"/>
      </dimmingCurve>
    </model>
    <model name="Study Window" DisplayAs="Custom" StringType="RGB Nodes" parm3="1" StartSide="B" Dir="L" PixelSize="2" Transparency="0" ModelBrightness="0" Antialias="1" LayoutGroup="Default" parm2="18" parm1="34" CustomModel=",80,79,78,77,76,75,74,73,72,71,70,69,68,67,66,65,64,63,62,61,60,59,58,57,56,55,54,53,52,51,50,49,;81,,,,,,,,,,,,,,,,,,,,,,,,,,,,,,,,,48;82,,,,,,,,,,,,,,,,,,,,,,,,,,,,,,,,,47;83,,,,,,,,,,,,,,,,,,,,,,,,,,,,,,,,,46;84,,,,,,,,,,,,,,,,,,,,,,,,,,,,,,,,,45;85,,,,,,,,,,,,,,,,,,,,,,,,,,,,,,,,,44;86,,,,,,,,,,,,,,,,,,,,,,,,,,,,,,,,,43;87,,,,,,,,,,,,,,,,,,,,,,,,,,,,,,,,,42;88,,,,,,,,,,,,,,,,,,,,,,,,,,,,,,,,,41;89,,,,,,,,,,,,,,,,,,,,,,,,,,,,,,,,,40;90,,,,,,,,,,,,,,,,,,,,,,,,,,,,,,,,,39;91,,,,,,,,,,,,,,,,,,,,,,,,,,,,,,,,,38;92,,,,,,,,,,,,,,,,,,,,,,,,,,,,,,,,,37;93,,,,,,,,,,,,,,,,,,,,,,,,,,,,,,,,,36;94,,,,,,,,,,,,,,,,,,,,,,,,,,,,,,,,,35;95,,,,,,,,,,,,,,,,,,,,,,,,,,,,,,,,,34;,,,,,,,,,,,,,,,,,,,,,,,,,,,,,,,,,33;,1,2,3,4,5,6,7,8,9,10,11,12,13,14,15,16,17,18,19,20,21,22,23,24,25,26,27,28,29,30,31,32," CustomBkgLightness="0" offsetXpct="0.2887" offsetYpct="0.5229" PreviewScaleX="0.2270" PreviewScaleY="0.1870" PreviewRotation="0" versionNumber="1" StartChannel="3769"/>
    <model name="Star Megatree" DisplayAs="Custom" StringType="RGB Nodes" parm1="8" parm2="10" parm3="1" StartSide="T" Dir="R" PixelSize="2" Transparency="0" ModelBrightness="0" CustomModel="18,,,3,,,6,;,17,,2,,5,,;,,16,1,4,,,;,,,,,,,;,,13,10,7,,,;,14,,11,,8,,;15,,,12,,,9,;,,,,,,,;,,,,,,,;,,,,,,," Antialias="1" LayoutGroup="Default" offsetXpct="0.4275" offsetYpct="0.8026" PreviewScaleX="0.0485" PreviewScaleY="0.1060" PreviewRotation="5" versionNumber="1" StartChannel="1924">
      <subModel name="Arm1" layout="horizontal" type="ranges" line0="1-3"/>
      <subModel name="Arm2" layout="horizontal" type="ranges" line0="4-6"/>
      <subModel name="Arm3" layout="horizontal" type="ranges" line0="7-9"/>
      <subModel name="Arm4" layout="horizontal" type="ranges" line0="10-12"/>
      <subModel name="Arm5" layout="horizontal" type="ranges" line0="13-15"/>
      <subModel name="Arm6" layout="horizontal" type="ranges" line0="16-18"/>
    </model>
    <model name="Roof Stars Bedroom" DisplayAs="Custom" StringType="RBG Nodes" parm1="3" parm2="20" parm3="1" StartSide="B" Dir="L" Antialias="1" PixelSize="6" Transparency="0" ModelBrightness="0" CustomModel="1,,;,,;,,2;,,;3,,;,,;,4,;,,;,,5;,,;,6,;,,;7,,;,,;,8,;,,;,9,;,,;,,10;,," LayoutGroup="Default" offsetXpct="0.1167" offsetYpct="0.7022" PreviewScaleX="0.0340" PreviewScaleY="0.3950" PreviewRotation="-92" versionNumber="1" StartChannel="4819"/>
    <model name="Roof Stars Carport" DisplayAs="Custom" StringType="RBG Nodes" parm3="1" StartSide="B" Dir="L" Antialias="1" PixelSize="6" Transparency="0" ModelBrightness="0" LayoutGroup="Default" parm2="4" parm1="20" CustomModel=",,,,16,,,,,,,,8,,,,,3,,;,,,17,,15,14,,,,,9,,7,,5,4,,2,;,19,18,,,,,13,,11,10,,,,6,,,,,1;,,,,,,,,12,,,,,,,,,,," CustomBkgLightness="0" offsetXpct="0.8113" offsetYpct="0.6216" PreviewScaleX="0.3474" PreviewScaleY="0.0470" PreviewRotation="180" versionNumber="1" StartChannel="6094"/>
    <model name="Spinner 1" DisplayAs="Single Line" StringType="RBG Nodes" parm1="1" parm2="6" parm3="1" StartSide="B" Dir="L" PixelSize="4" Transparency="0" ModelBrightness="0" Antialias="1" LayoutGroup="Default" X1="0.236190" Y1="0.454167" X2="0.236190" Y2="0.419167" versionNumber="1" StartChannel="2278"/>
    <model name="Spinner 2" DisplayAs="Single Line" StringType="RBG Nodes" parm1="1" parm2="6" parm3="1" StartSide="B" Dir="L" PixelSize="4" Transparency="0" ModelBrightness="0" Antialias="1" LayoutGroup="Default" X1="0.316190" Y1="0.467500" X2="0.316190" Y2="0.432500" versionNumber="1" StartChannel="2593"/>
    <model name="Spinner 3" DisplayAs="Single Line" StringType="RBG Nodes" parm1="1" parm2="6" parm3="1" StartSide="B" Dir="L" PixelSize="4" Transparency="0" ModelBrightness="0" Antialias="1" LayoutGroup="Default" X1="0.561730" Y1="0.492497" X2="0.562079" Y2="0.457503" versionNumber="1" StartChannel="2914"/>
    <model name="Spinner 4" DisplayAs="Single Line" StringType="RBG Nodes" parm1="1" parm2="6" parm3="1" StartSide="B" Dir="L" PixelSize="4" Transparency="0" ModelBrightness="0" Antialias="1" LayoutGroup="Default" X1="0.638095" Y1="0.500834" X2="0.638095" Y2="0.465834" versionNumber="1" StartChannel="3232"/>
    <model name="Present 1" DisplayAs="Custom" StringType="RGB Nodes" parm1="10" parm2="7" parm3="1" StartSide="B" Dir="L" PixelSize="2" Transparency="0" CustomModel="1,1,1,1,1,1,1,1,1,1;1,1,1,1,1,1,1,1,1,1;1,1,1,1,1,1,1,1,1,1;1,1,1,1,1,1,1,1,1,1;1,1,1,1,1,1,1,1,1,1;1,1,1,1,1,1,1,1,1,1;1,1,1,1,1,1,1,1,1,1" Antialias="1" LayoutGroup="Default" offsetXpct="0.4103" offsetYpct="0.3435" PreviewScaleX="0.0210" PreviewScaleY="0.0257" PreviewRotation="0" versionNumber="1" StartChannel="100">
      <dimmingCurve>
        <all brightness="0" gamma="1.0"/>
      </dimmingCurve>
    </model>
    <model name="Present 2" DisplayAs="Custom" StringType="RGB Nodes" parm1="10" parm2="7" parm3="1" StartSide="B" Dir="L" PixelSize="2" Transparency="0" CustomModel="1,1,1,1,1,1,1,1,1,1;1,1,1,1,1,1,1,1,1,1;1,1,1,1,1,1,1,1,1,1;1,1,1,1,1,1,1,1,1,1;1,1,1,1,1,1,1,1,1,1;1,1,1,1,1,1,1,1,1,1;1,1,1,1,1,1,1,1,1,1" Antialias="1" LayoutGroup="Default" offsetXpct="0.4374" offsetYpct="0.3385" PreviewScaleX="0.0210" PreviewScaleY="0.0257" PreviewRotation="0" versionNumber="1" StartChannel="103">
      <dimmingCurve>
        <all brightness="0" gamma="1.0"/>
      </dimmingCurve>
    </model>
    <model name="Present 3" DisplayAs="Custom" StringType="RGB Nodes" parm1="10" parm2="7" parm3="1" StartSide="B" Dir="L" PixelSize="2" Transparency="0" CustomModel="1,1,1,1,1,1,1,1,1,1;1,1,1,1,1,1,1,1,1,1;1,1,1,1,1,1,1,1,1,1;1,1,1,1,1,1,1,1,1,1;1,1,1,1,1,1,1,1,1,1;1,1,1,1,1,1,1,1,1,1;1,1,1,1,1,1,1,1,1,1" Antialias="1" LayoutGroup="Default" offsetXpct="0.4606" offsetYpct="0.3449" PreviewScaleX="0.0210" PreviewScaleY="0.0257" PreviewRotation="0" versionNumber="1" StartChannel="106">
      <dimmingCurve>
        <all brightness="0" gamma="1.0"/>
      </dimmingCurve>
    </model>
    <model name="Present 4" DisplayAs="Custom" StringType="RGB Nodes" parm1="10" parm2="7" parm3="1" StartSide="B" Dir="L" PixelSize="2" Transparency="0" CustomModel="1,1,1,1,1,1,1,1,1,1;1,1,1,1,1,1,1,1,1,1;1,1,1,1,1,1,1,1,1,1;1,1,1,1,1,1,1,1,1,1;1,1,1,1,1,1,1,1,1,1;1,1,1,1,1,1,1,1,1,1;1,1,1,1,1,1,1,1,1,1" Antialias="1" LayoutGroup="Default" offsetXpct="0.4840" offsetYpct="0.3449" PreviewScaleX="0.0210" PreviewScaleY="0.0257" PreviewRotation="0" versionNumber="1" StartChannel="109">
      <dimmingCurve>
        <all brightness="0" gamma="1.0"/>
      </dimmingCurve>
    </model>
    <model name="Central Garden RGB" DisplayAs="Custom" StringType="3 Channel RGB" parm1="1" parm2="1" parm3="1" StartSide="B" Dir="L" Antialias="2" PixelSize="15" Transparency="0" ModelBrightness="0" CustomModel="1" LayoutGroup="Default" offsetXpct="0.2144" offsetYpct="0.3229" PreviewScaleX="0.0080" PreviewScaleY="0.0140" PreviewRotation="0" versionNumber="1" StartChannel="3415"/>
    <model name="Central Garden RGB 2" DisplayAs="Custom" StringType="3 Channel RGB" parm1="1" parm2="1" parm3="1" StartSide="B" Dir="L" Antialias="2" PixelSize="15" Transparency="0" ModelBrightness="0" CustomModel="1" LayoutGroup="Default" offsetXpct="0.2036" offsetYpct="0.3221" PreviewScaleX="0.0250" PreviewScaleY="0.0438" PreviewRotation="0" versionNumber="1" StartChannel="3418"/>
    <model name="Central Garden RGB 3" DisplayAs="Custom" StringType="3 Channel RGB" parm1="1" parm2="1" parm3="1" StartSide="B" Dir="L" Antialias="2" PixelSize="15" Transparency="0" ModelBrightness="0" CustomModel="1" LayoutGroup="Default" offsetXpct="0.1911" offsetYpct="0.3229" PreviewScaleX="0.0040" PreviewScaleY="0.0070" PreviewRotation="0" versionNumber="1" StartChannel="3421"/>
    <model name="Central Garden RGB 4" DisplayAs="Custom" StringType="3 Channel RGB" parm1="1" parm2="1" parm3="1" StartSide="B" Dir="L" Antialias="2" PixelSize="15" Transparency="0" ModelBrightness="0" CustomModel="1" LayoutGroup="Default" offsetXpct="0.1778" offsetYpct="0.3242" PreviewScaleX="0.0040" PreviewScaleY="0.0070" PreviewRotation="0" versionNumber="1" StartChannel="3424"/>
    <model DisplayAs="Custom" StringType="3 Channel RGB" parm1="1" parm2="1" parm3="1" StartSide="B" Dir="L" Antialias="2" PixelSize="15" Transparency="0" ModelBrightness="0" CustomModel="1" name="Pergola" LayoutGroup="Default" offsetXpct="0.1637" offsetYpct="0.3247" PreviewScaleX="0.0020" PreviewScaleY="0.0040" PreviewRotation="0" versionNumber="1" StartChannel="3427"/>
    <model name="Left Pixicles" DisplayAs="Custom" StringType="RGB Nodes" parm3="1" StartSide="B" Dir="L" PixelSize="2" Transparency="0" ModelBrightness="0" Antialias="1" LayoutGroup="Default" parm2="5" parm1="43" CustomModel="1,,4,,8,,13,,16,,20,,25,,28,,32,,37,,40,,44,,49,,52,,56,,61,,64,,68,,73,,76,,80,,85;2,,5,,9,,14,,17,,21,,26,,29,,33,,38,,41,,45,,50,,53,,57,,62,,65,,69,,74,,77,,81,,86;3,,6,,10,,15,,18,,22,,27,,30,,34,,39,,42,,46,,51,,54,,58,,63,,66,,70,,75,,78,,82,,87;,,7,,11,,,,19,,23,,,,31,,35,,,,43,,47,,,,55,,59,,,,67,,71,,,,79,,83,,;,,,,12,,,,,,24,,,,,,36,,,,,,48,,,,,,60,,,,,,72,,,,,,84,," CustomBkgLightness="0" offsetXpct="0.2901" offsetYpct="0.6703" PreviewScaleX="0.2524" PreviewScaleY="0.0441" PreviewRotation="10" versionNumber="1" StartChannel="8074">
      <dimmingCurve>
        <all brightness="-40" gamma="1"/>
      </dimmingCurve>
    </model>
    <model name="Right Pixicles" DisplayAs="Custom" StringType="RGB Nodes" parm3="1" StartSide="B" Dir="L" PixelSize="2" Transparency="0" ModelBrightness="0" Antialias="1" LayoutGroup="Default" parm2="5" parm1="43" CustomModel="85,,80,,76,,73,,68,,64,,61,,56,,52,,49,,44,,40,,37,,32,,28,,25,,20,,16,,13,,8,,4,,1;86,,81,,77,,74,,69,,65,,62,,57,,53,,50,,45,,41,,38,,33,,29,,26,,21,,17,,14,,9,,5,,2;87,,82,,78,,75,,70,,66,,63,,58,,54,,51,,46,,42,,39,,34,,30,,27,,22,,18,,15,,10,,6,,3;,,83,,79,,,,71,,67,,,,59,,55,,,,47,,43,,,,35,,31,,,,23,,19,,,,11,,7,,;,,84,,,,,,72,,,,,,60,,,,,,48,,,,,,36,,,,,,24,,,,,,12,,,," CustomBkgLightness="0" offsetXpct="0.5187" offsetYpct="0.6467" PreviewScaleX="0.1821" PreviewScaleY="0.0386" PreviewRotation="-21" versionNumber="1" StartChannel="8434">
      <dimmingCurve>
        <all brightness="-40" gamma="1"/>
      </dimmingCurve>
    </model>
    <model name="Olaf R eye" DisplayAs="Custom" StringType="RGB Nodes" parm1="1" parm2="1" parm3="1" StartSide="B" Dir="L" Antialias="2" PixelSize="10" Transparency="0" CustomModel="1" LayoutGroup="Default" offsetXpct="0.6185" offsetYpct="0.9308" PreviewScaleX="0.3330" PreviewScaleY="0.5830" PreviewRotation="0" versionNumber="1" StartChannel="4990">
      <dimmingCurve>
        <all brightness="0" gamma="1.0"/>
      </dimmingCurve>
      <faceInfo Name="Olaf R eye" CustomColors="1" Eyes-Closed="Node 1" Eyes-Closed-Color="#ffffff" Eyes-Open="" Eyes-Open-Color="" FaceOutline="" FaceOutline-Color="" Mouth-AI="" Mouth-AI-Color="" Mouth-E="" Mouth-E-Color="" Mouth-FV="" Mouth-FV-Color="" Mouth-L="" Mouth-L-Color="" Mouth-MBP="" Mouth-MBP-Color="" Mouth-O="" Mouth-O-Color="" Mouth-U="" Mouth-U-Color="" Mouth-WQ="" Mouth-WQ-Color="" Mouth-etc="" Mouth-etc-Color="" Mouth-rest="" Mouth-rest-Color="" Type="SingleNode"/>
    </model>
    <model name="Olaf L eye" DisplayAs="Custom" StringType="RGB Nodes" parm1="1" parm2="1" parm3="1" StartSide="B" Dir="L" Antialias="1" PixelSize="10" Transparency="0" CustomModel="1" LayoutGroup="Default" offsetXpct="0.6448" offsetYpct="0.9287" PreviewScaleX="0.3330" PreviewScaleY="0.5830" PreviewRotation="0" versionNumber="1" StartChannel="5002">
      <dimmingCurve>
        <all brightness="0" gamma="1.0"/>
      </dimmingCurve>
      <faceInfo Name="Olaf L eye" CustomColors="1" Eyes-Closed="Node 1" Eyes-Closed-Color="#ffffff" Eyes-Open="" Eyes-Open-Color="" FaceOutline="" FaceOutline-Color="" Mouth-AI="" Mouth-AI-Color="" Mouth-E="" Mouth-E-Color="" Mouth-FV="" Mouth-FV-Color="" Mouth-L="" Mouth-L-Color="" Mouth-MBP="" Mouth-MBP-Color="" Mouth-O="" Mouth-O-Color="" Mouth-U="" Mouth-U-Color="" Mouth-WQ="" Mouth-WQ-Color="" Mouth-etc="" Mouth-etc-Color="" Mouth-rest="" Mouth-rest-Color="" Type="SingleNode"/>
    </model>
    <model name="Olaf nose" DisplayAs="Custom" StringType="RBG Nodes" parm1="10" parm2="10" parm3="1" StartSide="B" Dir="L" Antialias="1" PixelSize="7" Transparency="0" ModelBrightness="0" CustomModel=",,,,,,,,,;,,,,,,,,,;,1,1,1,1,,,,,;,2,2,2,2,2,,,,;,,3,3,3,3,,,,;,,,4,4,4,4,,,;,,,,4,4,4,,,;,,,,,4,4,,,;,,,,,,,,,;,,,,,,,,," LayoutGroup="Default" offsetXpct="0.6382" offsetYpct="0.9062" PreviewScaleX="0.0250" PreviewScaleY="0.0440" PreviewRotation="17" versionNumber="1" StartChannel="4963"/>
    <model name="Olaf lower head" DisplayAs="Custom" StringType="RBG Nodes" parm1="20" parm2="20" parm3="1" StartSide="B" Dir="L" Antialias="1" PixelSize="9" Transparency="0" ModelBrightness="0" CustomModel=",,,,,,,,,,,,,,,,,,,;,,,,,,,,20,,,,,,,,,,,;,,,,,,,,19,,,,,,,,,,,;,,,,,,,,18,,,,,,,,,,,;,,,,,,,,17,,,,,,,,,,,;,,,,,,,,16,,,,,,,,,,,;,,,,,,,,15,,,,,,,,,,,;,,,,,,,,14,,,,,,,,,,,;,,,,,,,,13,,,,,,,,,,,;,,,,,,,,12,,,,,,,,,,,;,,,,,,,,11,,,,,,,,,,,;,,,,,,,,10,,,,,,,,,,,;,,,,,,,8,9,,,,,,,,,,,;,,,,,,8,7,,,,,,,,,,,,;,,,,,,6,,,,,,,,,,,,,;,,,,,5,,,,,,,,,,,,,,;,,1,2,3,4,,,,,,,,,,,,,,;,,,,,,,,,,,,,,,,,,,;,,,,,,,,,,,,,,,,,,,;,,,,,,,,,,,,,,,,,,," LayoutGroup="Default" offsetXpct="0.6749" offsetYpct="0.8428" PreviewScaleX="0.0820" PreviewScaleY="0.1430" PreviewRotation="0" versionNumber="1" StartChannel="4903"/>
    <model name="Olaf Upper head" DisplayAs="Custom" StringType="RBG Nodes" parm1="12" parm2="9" parm3="1" StartSide="B" Dir="L" Antialias="1" PixelSize="8" Transparency="0" ModelBrightness="0" CustomModel=",,,,,,,,,,,;,,,,3,3,3,2,,,,;,,,4,,,,,2,,,;,,4,,,,,,,2,,;,4,,,,,,,,,2,;5,,,,,,,,,,,1;5,,,,,,,,,,,1;5,,,,,,,,,,,1;,,,,,,,,,,," LayoutGroup="Default" offsetXpct="0.6363" offsetYpct="0.9411" PreviewScaleX="0.0700" PreviewScaleY="0.0920" PreviewRotation="0" versionNumber="1" StartChannel="4975"/>
    <model name="Olaf head between eyes" DisplayAs="Custom" StringType="RBG Nodes" parm1="3" parm2="3" parm3="1" StartSide="B" Dir="L" Antialias="1" PixelSize="8" Transparency="0" CustomModel=",,;1,3,3;,," LayoutGroup="Default" offsetXpct="0.6326" offsetYpct="0.9719" PreviewScaleX="0.0130" PreviewScaleY="0.0230" PreviewRotation="0" versionNumber="1" StartChannel="4993">
      <dimmingCurve>
        <all brightness="0" gamma="1.0"/>
      </dimmingCurve>
    </model>
    <model name="Olaf rest of head" DisplayAs="Custom" StringType="RBG Nodes" parm1="8" parm2="15" parm3="1" StartSide="B" Dir="L" Antialias="1" PixelSize="8" Transparency="0" ModelBrightness="0" CustomModel="1,,,,,,,;2,,,,,,,;3,,,,,,,;4,,,,,,,;5,,,,,,,;6,,,,,,,;7,,,,,,,;8,,,,,,,;9,9,,,,,,;,10,,,,,,;,,11,,,,,;,,,12,13,14,14,;,,,,,,,;,,,,,,,;,,,,,,," LayoutGroup="Default" offsetXpct="0.6242" offsetYpct="0.8308" PreviewScaleX="0.0440" PreviewScaleY="0.1430" PreviewRotation="0" versionNumber="1" StartChannel="5005"/>
    <model name="Olaf body" DisplayAs="Sphere 360" StringType="RBG Nodes" parm1="1" parm2="32" parm3="1" StartSide="B" Dir="L" Antialias="2" PixelSize="8" Transparency="0" LayoutGroup="Default" offsetXpct="0.6344" offsetYpct="0.7547" PreviewScaleX="0.0360" PreviewScaleY="0.0630" PreviewRotation="0" versionNumber="1" StartChannel="5047">
      <dimmingCurve>
        <all brightness="0" gamma="1.0"/>
      </dimmingCurve>
    </model>
    <model name="Olaf L foot" DisplayAs="Sphere 360" StringType="RBG Nodes" parm1="1" parm2="4" parm3="1" StartSide="B" Dir="L" Antialias="1" PixelSize="7" Transparency="0" ModelBrightness="0" LayoutGroup="Default" offsetXpct="0.6241" offsetYpct="0.7116" PreviewScaleX="0.0080" PreviewScaleY="0.0140" PreviewRotation="0" versionNumber="1" StartChannel="5143"/>
    <model name="Olaf R foot" DisplayAs="Sphere 360" StringType="RBG Nodes" parm1="1" parm2="4" parm3="1" StartSide="B" Dir="L" Antialias="1" PixelSize="8" Transparency="0" ModelBrightness="0" LayoutGroup="Default" offsetXpct="0.6457" offsetYpct="0.7117" PreviewScaleX="0.0100" PreviewScaleY="0.0180" PreviewRotation="0" versionNumber="1" StartChannel="5155"/>
    <model name="Toilet Window bottom" DisplayAs="Custom" StringType="RGB Nodes" parm3="1" StartSide="B" Dir="R" PixelSize="2" Transparency="0" ModelBrightness="0" Antialias="1" LayoutGroup="Unassigned" parm2="1" parm1="8" CustomModel="1,2,3,4,5,6,7,8" CustomBkgLightness="0" offsetXpct="0.6058" offsetYpct="0.5054" PreviewScaleX="0.0320" PreviewScaleY="0.0070" PreviewRotation="0" versionNumber="1" StartChannel="4288"/>
    <model name="Toilet Window left" DisplayAs="Single Line" StringType="RGB Nodes" parm1="1" parm2="11" parm3="1" StartSide="B" Dir="L" PixelSize="2" Transparency="0" ModelBrightness="0" Antialias="1" LayoutGroup="Unassigned" X1="0.588353" Y1="0.573825" X2="0.588353" Y2="0.506711" versionNumber="1" StartChannel="4366"/>
    <model name="Toilet Window right" DisplayAs="Single Line" StringType="RGB Nodes" parm1="1" parm2="11" parm3="1" StartSide="T" PixelSize="2" Transparency="0" ModelBrightness="0" Antialias="1" LayoutGroup="Unassigned" Dir="L" X1="0.620482" Y1="0.505033" X2="0.619478" Y2="0.573826" versionNumber="1" StartChannel="4312"/>
    <model name="Toilet Window top" DisplayAs="Custom" StringType="RGB Nodes" parm3="1" StartSide="T" Dir="L" PixelSize="2" Transparency="0" ModelBrightness="0" Antialias="1" LayoutGroup="Unassigned" parm2="1" parm1="7" CustomModel="7,6,5,4,3,2,1" CustomBkgLightness="0" offsetXpct="0.6038" offsetYpct="0.5759" PreviewScaleX="0.0270" PreviewScaleY="0.0067" PreviewRotation="0" versionNumber="1" StartChannel="4345"/>
    <model name="Wardrobe Window bottom" DisplayAs="Custom" StringType="RGB Nodes" parm3="1" StartSide="B" Dir="R" PixelSize="2" Transparency="0" ModelBrightness="0" Antialias="1" LayoutGroup="Unassigned" parm2="1" parm1="9" CustomModel="1,2,3,4,5,6,7,8,9" CustomBkgLightness="0" offsetXpct="0.1160" offsetYpct="0.4878" PreviewScaleX="0.0820" PreviewScaleY="0.0160" PreviewRotation="0" versionNumber="1" StartChannel="4054"/>
    <model name="Wardrobe Window left" DisplayAs="Single Line" StringType="RGB Nodes" parm1="1" parm2="10" parm3="1" StartSide="B" Dir="L" PixelSize="2" Transparency="0" ModelBrightness="0" Antialias="1" LayoutGroup="Unassigned" X1="0.083333" Y1="0.604027" X2="0.081325" Y2="0.484899" versionNumber="1" StartChannel="4138"/>
    <model name="Wardrobe Window right" DisplayAs="Single Line" StringType="RGB Nodes" parm1="1" parm2="10" parm3="1" StartSide="T" PixelSize="2" Transparency="0" ModelBrightness="0" Antialias="1" LayoutGroup="Unassigned" Dir="L" X1="0.144578" Y1="0.609061" X2="0.145582" Y2="0.479866" versionNumber="1" StartChannel="4081"/>
    <model name="Wardrobe Window top" DisplayAs="Custom" StringType="RGB Nodes" parm3="1" StartSide="T" Dir="L" PixelSize="2" Transparency="0" Antialias="1" LayoutGroup="Unassigned" parm2="1" parm1="9" CustomModel="9,8,7,6,5,4,3,2,1" CustomBkgLightness="0" offsetXpct="0.1163" offsetYpct="0.6003" PreviewScaleX="0.0740" PreviewScaleY="0.0140" PreviewRotation="0" versionNumber="1" StartChannel="4111">
      <dimmingCurve>
        <all brightness="0" gamma="1.0"/>
      </dimmingCurve>
    </model>
    <model name="Bath Window bottom" DisplayAs="Custom" StringType="RGB Nodes" parm3="1" StartSide="B" Dir="L" PixelSize="2" Transparency="0" ModelBrightness="0" Antialias="1" LayoutGroup="Unassigned" parm2="1" parm1="9" CustomModel="1,2,3,4,5,6,7,8,9" CustomBkgLightness="0" offsetXpct="0.4919" offsetYpct="0.4975" PreviewScaleX="0.0480" PreviewScaleY="0.0093" PreviewRotation="0" versionNumber="1" StartChannel="4168"/>
    <model name="Bath Window right" DisplayAs="Single Line" StringType="RGB Nodes" parm1="1" parm2="11" parm3="1" StartSide="B" Dir="L" PixelSize="2" Transparency="0" ModelBrightness="0" Antialias="1" LayoutGroup="Unassigned" X1="0.514056" Y1="0.496644" X2="0.514056" Y2="0.582215" versionNumber="1" StartChannel="4195"/>
    <model name="Bath Window top" DisplayAs="Custom" StringType="RGB Nodes" parm3="1" StartSide="B" Dir="L" PixelSize="2" Transparency="0" ModelBrightness="0" Antialias="1" LayoutGroup="Unassigned" parm2="1" parm1="9" CustomModel="9,8,7,6,5,4,3,2,1" CustomBkgLightness="0" offsetXpct="0.4912" offsetYpct="0.5917" PreviewScaleX="0.0400" PreviewScaleY="0.0080" PreviewRotation="0" versionNumber="1" StartChannel="4228"/>
    <model name="Bath Window left" DisplayAs="Single Line" StringType="RGB Nodes" parm1="1" parm2="11" parm3="1" StartSide="B" Dir="L" PixelSize="2" Transparency="0" ModelBrightness="0" Antialias="1" LayoutGroup="Unassigned" X1="0.470884" Y1="0.590604" X2="0.469880" Y2="0.496644" versionNumber="1" StartChannel="4255"/>
    <model name="Study Window bottom" DisplayAs="Custom" StringType="RGB Nodes" parm3="1" StartSide="B" Dir="L" PixelSize="2" Transparency="0" ModelBrightness="0" Antialias="1" LayoutGroup="Unassigned" parm2="1" parm1="32" CustomModel="1,2,3,4,5,6,7,8,9,10,11,12,13,14,15,16,17,18,19,20,21,22,23,24,25,26,27,28,29,30,31,32" CustomBkgLightness="0" offsetXpct="0.2850" offsetYpct="0.4409" PreviewScaleX="0.2190" PreviewScaleY="0.0113" PreviewRotation="0" versionNumber="1" StartChannel="3769"/>
    <model name="Study Window right" DisplayAs="Single Line" StringType="RGB Nodes" parm1="1" parm3="1" StartSide="B" Dir="L" PixelSize="2" Transparency="0" ModelBrightness="0" Antialias="1" LayoutGroup="Unassigned" parm2="16" X1="0.397590" Y1="0.426174" X2="0.397590" Y2="0.600671" versionNumber="1" StartChannel="3865"/>
    <model name="Study Window top" DisplayAs="Custom" StringType="RGB Nodes" parm3="1" StartSide="B" Dir="L" PixelSize="2" Transparency="0" ModelBrightness="0" Antialias="1" LayoutGroup="Unassigned" parm2="1" parm1="32" CustomModel="32,31,30,29,28,27,26,25,24,23,22,21,20,19,18,17,16,15,14,13,12,11,10,9,8,7,6,5,4,3,2,1" CustomBkgLightness="0" offsetXpct="0.2824" offsetYpct="0.5992" PreviewScaleX="0.2110" PreviewScaleY="0.0112" PreviewRotation="0" versionNumber="1" StartChannel="3913"/>
    <model name="Study Window left" DisplayAs="Single Line" StringType="RGB Nodes" parm1="1" parm3="1" StartSide="B" Dir="L" PixelSize="2" Transparency="0" ModelBrightness="0" Antialias="1" LayoutGroup="Unassigned" parm2="15" X1="0.173695" Y1="0.607383" X2="0.171687" Y2="0.424497" versionNumber="1" StartChannel="4009"/>
    <model name="Olaf mouth" DisplayAs="Custom" StringType="RGB Nodes" parm1="10" parm2="10" parm3="1" StartSide="B" Dir="L" Antialias="2" PixelSize="10" Transparency="0" ModelBrightness="0" CustomModel=",,,,,,,,,;,,,,,,,,,;,12,16,16,17,17,17,15,,;12,12,15,18,18,18,15,15,15,;,12,12,18,18,18,13,14,,;,12,12,18,18,18,13,13,,;,6,7,8,9,10,11,11,,;,,5,5,4,3,2,,,;,,,1,1,1,,,,;,,,,,,,,," offsetXpct="0.6369" offsetYpct="0.8392" PreviewScaleX="0.0610" PreviewScaleY="0.0960" PreviewRotation="0" versionNumber="1" StartChannel="4849" LayoutGroup="Default">
      <faceInfo Type="NodeRange" Eyes-Closed="" Eyes-Open="" FaceOutline="" Mouth-AI="1-18" Mouth-E="6-18" Mouth-FV="" Mouth-L="12-8" Mouth-MBP="12-18" Mouth-O="18" Mouth-U="18" Mouth-WQ="12-18" Mouth-etc="12-18" Mouth-rest=""/>
    </model>
    <model name="Roof stars carport single line" DisplayAs="Single Line" StringType="RBG Nodes" parm1="1" parm2="20" parm3="1" StartSide="B" Dir="L" PixelSize="2" Transparency="0" ModelBrightness="0" Antialias="1" LayoutGroup="Unassigned" X1="0.642618" Y1="0.628333" X2="0.975918" Y2="0.628333" versionNumber="1" StartChannel="6094"/>
    <model name="roofstars bed single line" DisplayAs="Single Line" StringType="RBG Nodes" parm1="1" parm2="10" parm3="1" StartSide="B" PixelSize="2" Transparency="0" ModelBrightness="0" Antialias="1" LayoutGroup="Unassigned" Dir="R" X1="0.014384" Y1="0.710000" X2="0.347684" Y2="0.710000" versionNumber="1" StartChannel="4819"/>
    <model name="Pixel Candy Cane 1" DisplayAs="Single Line" StringType="RBG Nodes" parm1="1" parm2="12" parm3="1" StartSide="B" Dir="L" PixelSize="2" Transparency="0" ModelBrightness="0" Antialias="1" LayoutGroup="Default" X1="0.665714" Y1="0.370250" X2="0.665714" Y2="0.429750" versionNumber="1" StartChannel="8794"/>
    <model name="Pixel Candy Cane 2" DisplayAs="Single Line" StringType="RBG Nodes" parm1="1" parm2="12" parm3="1" StartSide="B" Dir="L" PixelSize="2" Transparency="0" ModelBrightness="0" Antialias="1" LayoutGroup="Default" X1="0.680000" Y1="0.372095" X2="0.680000" Y2="0.424595" versionNumber="1" StartChannel="8830"/>
    <model name="Pixel Candy Cane 3" DisplayAs="Single Line" StringType="RBG Nodes" parm1="1" parm2="12" parm3="1" StartSide="B" Dir="L" PixelSize="2" Transparency="0" ModelBrightness="0" Antialias="1" LayoutGroup="Default" X1="0.695238" Y1="0.372875" X2="0.695238" Y2="0.427125" versionNumber="1" StartChannel="8866"/>
    <model name="Pixel Candy Cane 4" DisplayAs="Single Line" StringType="RBG Nodes" parm1="1" parm2="12" parm3="1" StartSide="B" Dir="L" PixelSize="2" Transparency="0" ModelBrightness="0" Antialias="1" LayoutGroup="Default" X1="0.707390" Y1="0.376209" X2="0.707390" Y2="0.430459" versionNumber="1" StartChannel="8902"/>
    <model name="Sing Tree L Base" DisplayAs="Custom" StringType="RGB Nodes" parm1="4" parm2="8" parm3="1" StartSide="B" Dir="L" Antialias="1" PixelSize="10" Transparency="0" CustomModel=",,,11;,,,10;,,,9;,,,8;,,,7;,,,6;2,3,4,5;1,,," LayoutGroup="Default" offsetXpct="0.7923" offsetYpct="0.7593" PreviewScaleX="0.0530" PreviewScaleY="0.1260" PreviewRotation="0" versionNumber="1" StartChannel="5167">
      <dimmingCurve>
        <all brightness="0" gamma="1.0"/>
      </dimmingCurve>
    </model>
    <model name="Singing Tree Left Pt1" DisplayAs="Custom" StringType="RGB Nodes" parm1="4" parm2="12" parm3="1" StartSide="B" Dir="L" Antialias="1" PixelSize="10" Transparency="0" CustomModel="12,,,;,11,,;,,10,;,,,9;,,,8;,,,7;,,,6;,,,5;,,,4;,,,3;,,,2;,,,1" LayoutGroup="Default" offsetXpct="0.7932" offsetYpct="0.9038" PreviewScaleX="0.0570" PreviewScaleY="0.1710" PreviewRotation="-1" versionNumber="1" StartChannel="5278">
      <dimmingCurve>
        <all brightness="0" gamma="1.0"/>
      </dimmingCurve>
    </model>
    <model name="Singing Tree L eyebrow" DisplayAs="Custom" StringType="RGB Nodes" parm1="5" parm2="3" parm3="1" StartSide="B" Dir="L" Antialias="1" PixelSize="4" Transparency="0" CustomModel=",1,1,,;1,,,1,;,,,,1" LayoutGroup="Default" offsetXpct="0.7793" offsetYpct="0.9090" PreviewScaleX="0.0210" PreviewScaleY="0.0090" PreviewRotation="0" versionNumber="1" StartChannel="5314">
      <dimmingCurve>
        <all brightness="0" gamma="1.0"/>
      </dimmingCurve>
    </model>
    <model name="Singing Tree L Upper eyebrow" DisplayAs="Custom" StringType="RGB Nodes" parm1="5" parm2="3" parm3="1" StartSide="B" Dir="L" Antialias="1" PixelSize="5" Transparency="0" CustomModel=",1,1,,;1,,,1,;,,,,1" LayoutGroup="Default" offsetXpct="0.7824" offsetYpct="0.9286" PreviewScaleX="0.0210" PreviewScaleY="0.0190" PreviewRotation="0" versionNumber="1" StartChannel="5317">
      <dimmingCurve>
        <all brightness="0" gamma="1.0"/>
      </dimmingCurve>
    </model>
    <model name="Singing Tree Upper head" DisplayAs="Custom" StringType="RGB Nodes" parm1="3" parm2="3" parm3="1" StartSide="B" Dir="L" Antialias="1" PixelSize="2" Transparency="0" CustomModel=",,1;,2,;3,," LayoutGroup="Default" offsetXpct="0.7341" offsetYpct="0.9585" PreviewScaleX="0.0420" PreviewScaleY="0.0450" PreviewRotation="0" versionNumber="1" StartChannel="5320">
      <dimmingCurve>
        <all brightness="0" gamma="1.0"/>
      </dimmingCurve>
    </model>
    <model name="Singing Tree L outer eye 1" DisplayAs="Custom" StringType="RGB Nodes" parm1="5" parm2="4" parm3="1" StartSide="B" Dir="L" Antialias="2" PixelSize="6" Transparency="0" CustomModel=",,1,,;,1,,1,;1,,,,1;1,,,,1" LayoutGroup="Default" offsetXpct="0.7760" offsetYpct="0.8866" PreviewScaleX="0.0320" PreviewScaleY="0.0370" PreviewRotation="0" versionNumber="1" StartChannel="5329">
      <dimmingCurve>
        <all brightness="0" gamma="1.0"/>
      </dimmingCurve>
    </model>
    <model name="Singing Tree L Pupil" DisplayAs="Custom" StringType="RGB Nodes" parm1="1" parm2="1" parm3="1" StartSide="B" Dir="L" Antialias="2" PixelSize="12" Transparency="0" CustomModel="1" LayoutGroup="Default" offsetXpct="0.7761" offsetYpct="0.8632" PreviewScaleX="0.3300" PreviewScaleY="0.3300" PreviewRotation="0" versionNumber="1" StartChannel="5332">
      <dimmingCurve>
        <all brightness="0" gamma="1.0"/>
      </dimmingCurve>
    </model>
    <model name="SInging Tree L outer eye 2" DisplayAs="Custom" StringType="RGB Nodes" parm1="5" parm2="5" parm3="1" StartSide="B" Dir="L" Antialias="2" PixelSize="4" Transparency="0" CustomModel="1,,,,1;1,,,,1;,1,,1,;,,1,,;,,,," LayoutGroup="Default" offsetXpct="0.7755" offsetYpct="0.8407" PreviewScaleX="0.0350" PreviewScaleY="0.0380" PreviewRotation="0" versionNumber="1" StartChannel="5335">
      <dimmingCurve>
        <all brightness="0" gamma="1.0"/>
      </dimmingCurve>
    </model>
    <model name="Singing Tree middle head" DisplayAs="Custom" StringType="RGB Nodes" parm1="4" parm2="5" parm3="1" StartSide="B" Dir="L" Antialias="1" PixelSize="10" Transparency="0" CustomModel=",,,1;,,2,;,3,,;4,,,;5,,," NodeNames="" StrandNames="" LayoutGroup="Default" offsetXpct="0.7347" offsetYpct="0.9417" PreviewScaleX="0.0540" PreviewScaleY="0.0840" PreviewRotation="0" versionNumber="1" StartChannel="5338">
      <dimmingCurve>
        <all brightness="0" gamma="1.0"/>
      </dimmingCurve>
    </model>
    <model name="Singing Tree R eyebrow" DisplayAs="Custom" StringType="RGB Nodes" parm1="5" parm2="3" parm3="1" StartSide="B" Dir="L" Antialias="2" PixelSize="4" Transparency="0" CustomModel=",,1,1,;,1,,,1;1,,,," NodeNames="" StrandNames="" LayoutGroup="Default" offsetXpct="0.7332" offsetYpct="0.9092" PreviewScaleX="0.0260" PreviewScaleY="0.0150" PreviewRotation="0" versionNumber="1" StartChannel="5353">
      <dimmingCurve>
        <all brightness="0" gamma="1.0"/>
      </dimmingCurve>
    </model>
    <model name="SInging Tree R outer eye 1" DisplayAs="Custom" StringType="RGB Nodes" parm1="5" parm2="4" parm3="1" StartSide="B" Dir="L" Antialias="2" PixelSize="4" Transparency="0" CustomModel=",,1,,;,1,,1,;1,,,,1;1,,,,1" LayoutGroup="Default" offsetXpct="0.7354" offsetYpct="0.8881" PreviewScaleX="0.0340" PreviewScaleY="0.0370" PreviewRotation="0" versionNumber="1" StartChannel="5356">
      <dimmingCurve>
        <all brightness="0" gamma="1.0"/>
      </dimmingCurve>
    </model>
    <model name="SInging Tree  R pupil" DisplayAs="Custom" StringType="RGB Nodes" parm1="1" parm2="1" parm3="1" StartSide="B" Dir="L" Antialias="2" PixelSize="12" Transparency="0" CustomModel="1" LayoutGroup="Default" offsetXpct="0.7358" offsetYpct="0.8650" PreviewScaleX="0.3300" PreviewScaleY="0.3300" PreviewRotation="0" versionNumber="1" StartChannel="5359">
      <dimmingCurve>
        <all brightness="0" gamma="1.0"/>
      </dimmingCurve>
    </model>
    <model name="Singing Tree R outer eye 2" DisplayAs="Custom" StringType="RGB Nodes" parm1="5" parm2="4" parm3="1" StartSide="B" Dir="L" Antialias="2" PixelSize="4" Transparency="0" CustomModel="1,,,,1;1,,,,1;,1,,1,;,,1,," LayoutGroup="Default" offsetXpct="0.7358" offsetYpct="0.8512" PreviewScaleX="0.0290" PreviewScaleY="0.0320" PreviewRotation="0" versionNumber="1" StartChannel="5362">
      <dimmingCurve>
        <all brightness="0" gamma="1.0"/>
      </dimmingCurve>
    </model>
    <model name="Singing Tree R head" DisplayAs="Custom" StringType="RGB Nodes" parm1="4" parm2="12" parm3="1" StartSide="B" Dir="L" Antialias="1" PixelSize="10" Transparency="0" CustomModel="1,,,;2,,,;3,,,;4,,,;5,,,;6,,,;7,,,;8,,,;9,,,;10,,,;11,12,13,;,,14," LayoutGroup="Default" offsetXpct="0.7407" offsetYpct="0.7991" PreviewScaleX="0.0660" PreviewScaleY="0.2250" PreviewRotation="0" versionNumber="1" StartChannel="5365">
      <dimmingCurve>
        <all brightness="0" gamma="1.0"/>
      </dimmingCurve>
    </model>
    <model name="Native Garden 1" DisplayAs="Custom" StringType="Single Color White" parm1="1" parm2="1" parm3="1" StartSide="B" Dir="L" Antialias="2" PixelSize="6" Transparency="0" CustomModel="1" LayoutGroup="Default" offsetXpct="0.9771" offsetYpct="0.5086" PreviewScaleX="0.3330" PreviewScaleY="0.3330" PreviewRotation="0" versionNumber="1" StartChannel="49"/>
    <model name="Native Garden 2" DisplayAs="Custom" StringType="Single Color White" parm1="1" parm2="1" parm3="1" StartSide="B" Dir="L" Antialias="2" PixelSize="6" Transparency="0" CustomModel="1" LayoutGroup="Default" offsetXpct="0.9789" offsetYpct="0.4806" PreviewScaleX="0.0020" PreviewScaleY="0.3300" PreviewRotation="0" versionNumber="1" StartChannel="50"/>
    <model name="Native Garden 3" DisplayAs="Custom" StringType="Single Color White" parm1="1" parm2="1" parm3="1" StartSide="B" Dir="L" Antialias="2" PixelSize="6" Transparency="0" CustomModel="1" LayoutGroup="Default" offsetXpct="0.9836" offsetYpct="0.4591" PreviewScaleX="0.0010" PreviewScaleY="0.0040" PreviewRotation="0" versionNumber="1" StartChannel="51"/>
    <model name="Native Garden 4" DisplayAs="Custom" StringType="Single Color White" parm1="1" parm2="1" parm3="1" StartSide="B" Dir="L" Antialias="2" PixelSize="6" Transparency="0" CustomModel="1" LayoutGroup="Default" offsetXpct="0.9864" offsetYpct="0.4419" PreviewScaleX="0.0020" PreviewScaleY="0.0080" PreviewRotation="0" versionNumber="1" StartChannel="52"/>
    <model name="Native Garden 5" DisplayAs="Custom" StringType="Single Color White" parm1="1" parm2="1" parm3="1" StartSide="B" Dir="L" Antialias="2" PixelSize="6" Transparency="0" CustomModel="1" LayoutGroup="Default" offsetXpct="0.9883" offsetYpct="0.4269" PreviewScaleX="0.3300" PreviewScaleY="0.3300" PreviewRotation="0" versionNumber="1" StartChannel="53"/>
    <model name="Native Garden 6" DisplayAs="Custom" StringType="Single Color White" parm1="1" parm2="1" parm3="1" StartSide="B" Dir="L" Antialias="2" PixelSize="6" Transparency="0" CustomModel="1" LayoutGroup="Default" offsetXpct="0.9892" offsetYpct="0.4118" PreviewScaleX="0.0070" PreviewScaleY="0.3300" PreviewRotation="0" versionNumber="1" StartChannel="54"/>
    <model name="Native Garden 7" DisplayAs="Custom" StringType="Single Color White" parm1="1" parm2="1" parm3="1" StartSide="B" Dir="L" Antialias="2" PixelSize="6" Transparency="0" CustomModel="1" LayoutGroup="Default" offsetXpct="0.9892" offsetYpct="0.3946" PreviewScaleX="0.3300" PreviewScaleY="0.3300" PreviewRotation="0" versionNumber="1" StartChannel="55"/>
    <model name="Native Garden 8" DisplayAs="Custom" StringType="Single Color White" parm1="1" parm2="1" parm3="1" StartSide="B" Dir="L" Antialias="2" PixelSize="6" Transparency="0" CustomModel="1" LayoutGroup="Default" offsetXpct="0.9920" offsetYpct="0.3753" PreviewScaleX="0.3300" PreviewScaleY="0.3300" PreviewRotation="0" versionNumber="1" StartChannel="56"/>
    <model DisplayAs="Single Line" StringType="RGB Nodes" parm1="1" parm2="1" parm3="1" StartSide="B" Dir="L" Antialias="2" PixelSize="8" Transparency="0" name="Brick wall RGB1" LayoutGroup="Default" X1="0.904667" Y1="0.521667" X2="0.908667" Y2="0.521667" versionNumber="1" StartChannel="33"/>
    <model name="Brick wall RGB2" DisplayAs="Single Line" StringType="RGB Nodes" parm1="1" parm2="1" parm3="1" StartSide="B" Dir="L" Antialias="2" PixelSize="8" Transparency="0" LayoutGroup="Default" X1="0.875000" Y1="0.494989" X2="0.943810" Y2="0.494989" versionNumber="1" StartChannel="36"/>
    <model name="Brick wall RGB3" DisplayAs="Single Line" StringType="RGB Nodes" parm1="1" parm2="1" parm3="1" StartSide="B" Dir="L" Antialias="2" PixelSize="8" Transparency="0" LayoutGroup="Default" X1="0.914690" Y1="0.473333" X2="0.917690" Y2="0.473333" versionNumber="1" StartChannel="39"/>
    <model name="Brick wall RGB4" DisplayAs="Single Line" StringType="RGB Nodes" parm1="1" parm2="1" parm3="1" StartSide="B" Dir="L" Antialias="2" PixelSize="8" Transparency="0" LayoutGroup="Default" X1="0.896004" Y1="0.446667" X2="0.948623" Y2="0.448333" versionNumber="1" StartChannel="42"/>
    <model name="Olaf mouth" DisplayAs="Custom" StringType="RGB Nodes" parm1="15" parm2="15" parm3="1" StartSide="B" Dir="L" Antialias="1" PixelSize="2" Transparency="0" CustomModel=",,,,,,,,,,,,,,;,,,,,,,,,,,,,,;,,,,,,,,,,,,,,;,,,,,,,,,,,,,,;1,1,1,1,1,1,1,1,1,1,1,1,1,1,;1,6,6,6,6,6,6,6,6,6,6,6,6,5,;1,7,12,12,12,12,12,12,12,12,12,12,11,5,;1,7,13,,,18,18,18,,,,17,11,5,;2,7,13,,,18,,18,,,,17,10,5,;2,7,13,,,18,18,18,,,,17,10,5,;2,7,13,14,14,14,15,15,15,16,16,16,9,5,;2,,7,,,,,,,,9,9,,4,;,2,,8,8,8,8,8,8,8,8,,4,,;,,2,,,,,,,,,4,,,;,,,3,3,3,3,3,3,3,3,,,," LayoutGroup="Default" offsetXpct="0.6369" offsetYpct="0.8494" PreviewScaleX="0.0550" PreviewScaleY="0.0770" PreviewRotation="0" versionNumber="1" StartChannel="4849">
      <faceInfo Name="Snging Tree face" CustomColors="" Eyes-Closed="" Eyes-Open="" FaceOutline="" ImagePlacement="" Mouth-AI="" Mouth-AI-EyesOpen="" Mouth-FV="" Mouth-FV-EyesOpen="" Mouth-O="" Mouth-O-EyesOpen="" Mouth-U="" Mouth-U-EyesOpen="" Mouth-etc="" Mouth-etc-EyesOpen="" Mouth-rest="" Mouth-rest-EyesClosed="" Mouth-rest-EyesOpen="" Type="Matrix"/>
      <faceInfo Name="Olaf" CustomColors="1" Eyes-Closed="" Eyes-Closed-Color="" Eyes-Open="" Eyes-Open-Color="" FaceOutline="" FaceOutline-Color="#fbfffa" Mouth-AI="1-18" Mouth-AI-Color="#4bfdff" Mouth-E="12-18" Mouth-E-Color="#4bfdff" Mouth-FV="16-18" Mouth-FV-Color="#4bfdff" Mouth-L="6-18" Mouth-L-Color="#4bfdff" Mouth-MBP="16-18" Mouth-MBP-Color="#4bfdff" Mouth-O="18" Mouth-O-Color="#4bfdff" Mouth-U="18" Mouth-U-Color="#4bfdff" Mouth-WQ="18" Mouth-WQ-Color="#4bfdff" Mouth-etc="6-18" Mouth-etc-Color="#4bfdff" Mouth-rest="1-18" Mouth-rest-Color="" Type="NodeRange"/>
    </model>
    <model name="Singing Tree mouth" DisplayAs="Custom" StringType="RGB Nodes" parm3="1" StartSide="B" Dir="L" Antialias="1" PixelSize="2" Transparency="0" parm2="15" parm1="15" CustomModel="23,23,23,23,23,23,23,24,24,24,25,25,25,26,26;22,,,,,,,,,,,,,,1;22,,,19,20,20,20,14,14,14,14,,,,1;22,,19,,,,17,15,,,,13,,,2;21,19,,,,17,,,15,,,,13,,2;21,18,,,,16,,,15,,,,13,,2;21,,18,,,,16,16,,,,13,,,3;21,,,18,18,18,18,12,12,12,12,,,,3;21,,,,,,,,,,,,,,3;8,9,9,9,10,10,10,10,10,11,11,11,11,11,4;8,,,,,,,,,,,,,,4;8,,,,,,,,,,,,,,4;8,8,8,7,7,7,6,6,6,5,5,5,4,4,4;,,,,,,,,,,,,,,;,,,,,,,,,,,,,," LayoutGroup="Default" offsetXpct="0.7587" offsetYpct="0.7652" PreviewScaleX="0.0710" PreviewScaleY="0.0860" PreviewRotation="0" versionNumber="1" StartChannel="5200">
      <faceInfo Name="Snging Tree face" CustomColors="1" Eyes-Closed="" Eyes-Closed-Color="" Eyes-Open="" Eyes-Open-Color="" FaceOutline="" FaceOutline-Color="" Mouth-AI="1-26" Mouth-AI-Color="#ffffff" Mouth-E="12-20" Mouth-E-Color="#ffffff" Mouth-FV="12-20" Mouth-FV-Color="#ffffff" Mouth-L="1-3,9-26" Mouth-L-Color="#ffffff" Mouth-MBP="23-26" Mouth-MBP-Color="#ffffff" Mouth-O="15-17" Mouth-O-Color="#ffffff" Mouth-U="15-17" Mouth-U-Color="#ffffff" Mouth-WQ="15-17" Mouth-WQ-Color="#ffffff" Mouth-etc="1-3,9-26" Mouth-etc-Color="#ffffff" Mouth-rest="1-3,9-11,21-22" Mouth-rest-Color="#ffffff" Type="NodeRange"/>
    </model>
    <model DisplayAs="Single Line" StartSide="B" Dir="L" Antialias="1" Transparency="0" LayoutGroup="Default" name="Haze Machine" parm3="1" StringType="Single Color Red" parm1="4" parm2="1" PixelSize="6" NodeNames="Smoke level,no function,Colour,Strobe Speed" StrandNames="Haze Machine" X1="0.759784" Y1="0.416667" X2="0.781041" Y2="0.416667" versionNumber="1" StartChannel="77"/>
    <model DisplayAs="Single Line" StartSide="B" Dir="L" Antialias="1" Transparency="0" parm3="1" LayoutGroup="Default" name="Jelly Bubble light" parm1="6" parm2="1" NodeNames="Strobe,Red,Green,Blue,Motor Speed" StrandNames="Jelly Bubble light" CustomColor="#00ff80" StringType="Single Color Custom" PixelSize="7" X1="0.987985" Y1="0.533333" X2="0.994455" Y2="0.493333" versionNumber="1" StartChannel="83"/>
    <model DisplayAs="Single Line" StringType="RGB Nodes" StartSide="B" Dir="L" Antialias="1" PixelSize="2" Transparency="0" parm1="1" parm3="1" name="Study window single line" parm2="95" LayoutGroup="Unassigned" X1="0.139559" Y1="0.142617" X2="0.497992" Y2="0.145973" versionNumber="1" StartChannel="3769"/>
    <model DisplayAs="Single Line" StringType="RGB Nodes" StartSide="B" Dir="L" Antialias="1" PixelSize="2" Transparency="0" parm1="1" parm3="1" name="Wardrobe Window single line" parm2="38" LayoutGroup="Unassigned" X1="0.157631" Y1="0.169463" X2="0.380522" Y2="0.169463" versionNumber="1" StartChannel="4054"/>
    <model DisplayAs="Single Line" StringType="RGB Nodes" StartSide="B" Dir="L" Antialias="1" PixelSize="2" Transparency="0" parm1="1" parm2="50" parm3="1" LayoutGroup="Default" name="Pixel White Tree 3" X1="0.122490" Y1="0.213087" X2="0.123494" Y2="0.340604" versionNumber="1" StartChannel="9895"/>
    <model DisplayAs="Single Line" StringType="RGB Nodes" StartSide="B" Dir="L" Antialias="1" PixelSize="2" Transparency="0" parm1="1" parm2="50" parm3="1" LayoutGroup="Default" name="Pixel White Tree 4" X1="0.155622" Y1="0.218121" X2="0.156627" Y2="0.333893" versionNumber="1" StartChannel="10045"/>
  </models>
  <effects version="0006">
    <effect name="SineDoubleSpiral" settings="CopyFormat1&#x9;0&#x9;2&#x9;4&#x9;0&#x9;0&#x9;PASTE_BY_CELL&#xA;Spirals&#x9;E_CHECKBOX_Spirals_3D=0,E_CHECKBOX_Spirals_Blend=0,E_CHECKBOX_Spirals_Grow=0,E_CHECKBOX_Spirals_Shrink=0,E_SLIDER_Spirals_Count=1,E_SLIDER_Spirals_Thickness=77,E_TEXTCTRL_Spirals_Movement=2.0,E_VALUECURVE_Spirals_Count=Active=FALSE|,E_VALUECURVE_Spirals_Movement=Active=FALSE|,E_VALUECURVE_Spirals_Rotation=Active=TRUE|Id=ID_VALUECURVE_Spirals_Rotation|Type=Sine|Min=-300.00|Max=300.00|P1=75|P2=100|P3=10|P4=50|,E_VALUECURVE_Spirals_Thickness=Active=FALSE|,T_CHOICE_LayerMethod=Left-Right&#x9;C_BUTTON_Palette1=#FFFFFF,C_BUTTON_Palette2=#FF0000,C_BUTTON_Palette3=#00FF00,C_BUTTON_Palette4=#0000FF,C_BUTTON_Palette5=#FFFF00,C_BUTTON_Palette6=#FF00FF,C_BUTTON_Palette7=#00FFFF,C_BUTTON_Palette8=#FFFFFF,C_CHECKBOX_Palette6=1,C_CHECKBOX_Palette8=1&#x9;600&#x9;8000&#x9;26&#x9;200&#x9;0&#x9;15&#x9;88&#x9;100&#xA;Spirals&#x9;E_CHECKBOX_Spirals_3D=0,E_CHECKBOX_Spirals_Blend=0,E_CHECKBOX_Spirals_Grow=0,E_CHECKBOX_Spirals_Shrink=0,E_SLIDER_Spirals_Count=1,E_SLIDER_Spirals_Thickness=77,E_TEXTCTRL_Spirals_Movement=-2.0,E_VALUECURVE_Spirals_Count=Active=FALSE|,E_VALUECURVE_Spirals_Movement=Active=FALSE|,E_VALUECURVE_Spirals_Rotation=Active=TRUE|Id=ID_VALUECURVE_Spirals_Rotation|Type=Sine|Min=-300.00|Max=300.00|P1=75|P2=100|P3=10|P4=50|,E_VALUECURVE_Spirals_Thickness=Active=FALSE|&#x9;C_BUTTON_Palette1=#FFFFFF,C_BUTTON_Palette2=#FF0000,C_BUTTON_Palette3=#00FF00,C_BUTTON_Palette4=#0000FF,C_BUTTON_Palette5=#FFFF00,C_BUTTON_Palette6=#000000,C_BUTTON_Palette7=#00FFFF,C_BUTTON_Palette8=#FF00FF,C_CHECKBOX_Palette1=1,C_CHECKBOX_Palette8=1&#x9;600&#x9;8000&#x9;27&#x9;200&#x9;0&#x9;15&#x9;88&#x9;100&#xA;" version="0006"/>
    <effect name="SingleColorChevron" settings="CopyFormat1&#x9;0&#x9;2&#x9;4&#x9;0&#x9;16&#x9;PASTE_BY_CELL&#xA;Spirals&#x9;E_CHECKBOX_Spirals_3D=1,E_CHECKBOX_Spirals_Blend=0,E_CHECKBOX_Spirals_Grow=1,E_CHECKBOX_Spirals_Shrink=0,E_SLIDER_Spirals_Count=2,E_SLIDER_Spirals_Rotation=-20,E_SLIDER_Spirals_Thickness=77,E_TEXTCTRL_Spirals_Movement=2.0&#x9;C_BUTTON_Palette1=#FFFFFF,C_BUTTON_Palette2=#FF0000,C_BUTTON_Palette3=#00FF00,C_BUTTON_Palette4=#0000FF,C_BUTTON_Palette5=#FFFF00,C_BUTTON_Palette6=#FF00FF,C_BUTTON_Palette7=#00FFFF,C_BUTTON_Palette8=#FFFFFF,C_CHECKBOX_Palette6=1&#x9;8000&#x9;15750&#x9;17&#x9;8000&#x9;16&#x9;31&#x9;0&#x9;100&#xA;Spirals&#x9;E_CHECKBOX_Spirals_3D=1,E_CHECKBOX_Spirals_Blend=0,E_CHECKBOX_Spirals_Grow=0,E_CHECKBOX_Spirals_Shrink=0,E_SLIDER_Spirals_Count=2,E_SLIDER_Spirals_Rotation=20,E_SLIDER_Spirals_Thickness=77,E_TEXTCTRL_Spirals_Movement=-2.0&#x9;C_BUTTON_Palette1=#FFFFFF,C_BUTTON_Palette2=#FF0000,C_BUTTON_Palette3=#00FF00,C_BUTTON_Palette4=#0000FF,C_BUTTON_Palette5=#FFFF00,C_BUTTON_Palette6=#000000,C_BUTTON_Palette7=#00FFFF,C_BUTTON_Palette8=#FF00FF,C_CHECKBOX_Palette8=1&#x9;8000&#x9;15750&#x9;18&#x9;8000&#x9;16&#x9;31&#x9;0&#x9;100&#xA;" version="0006"/>
    <effect name="ChevronUp" settings="CopyFormat1&#x9;0&#x9;2&#x9;4&#x9;0&#x9;0&#x9;PASTE_BY_CELL&#xA;Spirals&#x9;E_CHECKBOX_Spirals_3D=0,E_CHECKBOX_Spirals_Blend=0,E_CHECKBOX_Spirals_Grow=0,E_CHECKBOX_Spirals_Shrink=0,E_SLIDER_Spirals_Count=2,E_SLIDER_Spirals_Rotation=-20,E_SLIDER_Spirals_Thickness=77,E_TEXTCTRL_Spirals_Movement=2.0,E_VALUECURVE_Spirals_Count=Active=FALSE|,E_VALUECURVE_Spirals_Movement=Active=FALSE|,E_VALUECURVE_Spirals_Rotation=Active=FALSE|,E_VALUECURVE_Spirals_Thickness=Active=FALSE|,T_CHOICE_LayerMethod=Left-Right,T_SLIDER_EffectLayerMix=6,T_TEXTCTRL_Fadein=2&#x9;C_BUTTON_Palette1=#FFFFFF,C_BUTTON_Palette2=#FF0000,C_BUTTON_Palette3=#00FF00,C_BUTTON_Palette4=#0000FF,C_BUTTON_Palette5=#FFFF00,C_BUTTON_Palette6=#FF00FF,C_BUTTON_Palette7=#00FFFF,C_BUTTON_Palette8=#FFFFFF,C_CHECKBOX_Palette6=1,C_CHECKBOX_Palette8=1&#x9;250&#x9;8000&#x9;17&#x9;200&#x9;0&#x9;15&#x9;11&#x9;100&#xA;Spirals&#x9;E_CHECKBOX_Spirals_3D=0,E_CHECKBOX_Spirals_Blend=0,E_CHECKBOX_Spirals_Grow=0,E_CHECKBOX_Spirals_Shrink=0,E_SLIDER_Spirals_Count=2,E_SLIDER_Spirals_Rotation=20,E_SLIDER_Spirals_Thickness=77,E_TEXTCTRL_Spirals_Movement=-2.0,E_VALUECURVE_Spirals_Count=Active=FALSE|,E_VALUECURVE_Spirals_Movement=Active=FALSE|,E_VALUECURVE_Spirals_Rotation=Active=FALSE|,E_VALUECURVE_Spirals_Thickness=Active=FALSE|,T_TEXTCTRL_Fadein=2&#x9;C_BUTTON_Palette1=#FFFFFF,C_BUTTON_Palette2=#FF0000,C_BUTTON_Palette3=#00FF00,C_BUTTON_Palette4=#0000FF,C_BUTTON_Palette5=#FFFF00,C_BUTTON_Palette6=#000000,C_BUTTON_Palette7=#00FFFF,C_BUTTON_Palette8=#FF00FF,C_CHECKBOX_Palette1=1,C_CHECKBOX_Palette8=1&#x9;250&#x9;8000&#x9;18&#x9;200&#x9;0&#x9;15&#x9;11&#x9;100&#xA;" version="0006"/>
    <effect name="missles" settings="CopyFormat1&#x9;0&#x9;2&#x9;1&#x9;0&#x9;24&#x9;PASTE_BY_CELL&#xA;Morph&#x9;E_CHECKBOX_Morph_End_Link=0,E_CHECKBOX_Morph_Start_Link=0,E_CHECKBOX_ShowHeadAtStart=0,E_NOTEBOOK_Morph=End,E_SLIDER_MorphAccel=0,E_SLIDER_MorphDuration=75,E_SLIDER_MorphEndLength=1,E_SLIDER_MorphStartLength=4,E_SLIDER_Morph_End_X1=0,E_SLIDER_Morph_End_X2=0,E_SLIDER_Morph_End_Y1=100,E_SLIDER_Morph_End_Y2=100,E_SLIDER_Morph_Repeat_Count=32,E_SLIDER_Morph_Repeat_Skip=1,E_SLIDER_Morph_Stagger=28,E_SLIDER_Morph_Start_X1=0,E_SLIDER_Morph_Start_X2=0,E_SLIDER_Morph_Start_Y1=0,E_SLIDER_Morph_Start_Y2=0,E_VALUECURVE_MorphAccel=Active=FALSE|,E_VALUECURVE_MorphDuration=Active=FALSE|,E_VALUECURVE_MorphEndLength=Active=FALSE|,E_VALUECURVE_MorphStartLength=Active=FALSE|,E_VALUECURVE_Morph_End_X1=Active=FALSE|,E_VALUECURVE_Morph_End_X2=Active=FALSE|,E_VALUECURVE_Morph_End_Y1=Active=FALSE|,E_VALUECURVE_Morph_End_Y2=Active=FALSE|,E_VALUECURVE_Morph_Repeat_Count=Active=FALSE|,E_VALUECURVE_Morph_Repeat_Skip=Active=FALSE|,E_VALUECURVE_Morph_Stagger=Active=FALSE|,E_VALUECURVE_Morph_Start_X1=Active=FALSE|,E_VALUECURVE_Morph_Start_X2=Active=FALSE|,E_VALUECURVE_Morph_Start_Y1=Active=FALSE|,E_VALUECURVE_Morph_Start_Y2=Active=FALSE|,T_SLIDER_EffectLayerMix=34&#x9;C_BUTTON_Palette1=#FFFFFF,C_BUTTON_Palette2=#FF0000,C_BUTTON_Palette3=#00FF00,C_BUTTON_Palette4=#0000FF,C_BUTTON_Palette5=#FFFF00,C_BUTTON_Palette6=#000000,C_BUTTON_Palette7=#00FFFF,C_BUTTON_Palette8=#FF00FF,C_CHECKBOX_Palette1=1,C_CHECKBOX_Palette8=1&#x9;138300&#x9;143250&#x9;25&#x9;138250&#x9;24&#x9;24&#x9;0&#x9;99&#xA;Morph&#x9;B_CHOICE_BufferTransform=Flip Horizontal,E_CHECKBOX_Morph_End_Link=0,E_CHECKBOX_Morph_Start_Link=0,E_CHECKBOX_ShowHeadAtStart=0,E_NOTEBOOK_Morph=End,E_SLIDER_MorphAccel=0,E_SLIDER_MorphDuration=75,E_SLIDER_MorphEndLength=1,E_SLIDER_MorphStartLength=4,E_SLIDER_Morph_End_X1=0,E_SLIDER_Morph_End_X2=0,E_SLIDER_Morph_End_Y1=100,E_SLIDER_Morph_End_Y2=100,E_SLIDER_Morph_Repeat_Count=32,E_SLIDER_Morph_Repeat_Skip=1,E_SLIDER_Morph_Stagger=28,E_SLIDER_Morph_Start_X1=0,E_SLIDER_Morph_Start_X2=0,E_SLIDER_Morph_Start_Y1=0,E_SLIDER_Morph_Start_Y2=0,E_VALUECURVE_MorphAccel=Active=FALSE|,E_VALUECURVE_MorphDuration=Active=FALSE|,E_VALUECURVE_MorphEndLength=Active=FALSE|,E_VALUECURVE_MorphStartLength=Active=FALSE|,E_VALUECURVE_Morph_End_X1=Active=FALSE|,E_VALUECURVE_Morph_End_X2=Active=FALSE|,E_VALUECURVE_Morph_End_Y1=Active=FALSE|,E_VALUECURVE_Morph_End_Y2=Active=FALSE|,E_VALUECURVE_Morph_Repeat_Count=Active=FALSE|,E_VALUECURVE_Morph_Repeat_Skip=Active=FALSE|,E_VALUECURVE_Morph_Stagger=Active=FALSE|,E_VALUECURVE_Morph_Start_X1=Active=FALSE|,E_VALUECURVE_Morph_Start_X2=Active=FALSE|,E_VALUECURVE_Morph_Start_Y1=Active=FALSE|,E_VALUECURVE_Morph_Start_Y2=Active=FALSE|,T_SLIDER_EffectLayerMix=34&#x9;C_BUTTON_Palette1=#FFFFFF,C_BUTTON_Palette2=#FF0000,C_BUTTON_Palette3=#00FF00,C_BUTTON_Palette4=#0000FF,C_BUTTON_Palette5=#FFFF00,C_BUTTON_Palette6=#000000,C_BUTTON_Palette7=#00FFFF,C_BUTTON_Palette8=#FF00FF,C_CHECKBOX_Palette1=1,C_CHECKBOX_Palette8=1&#x9;140500&#x9;144750&#x9;26&#x9;138250&#x9;24&#x9;25&#x9;44&#x9;28&#xA;" version="0006"/>
  </effects>
  <palettes/>
  <views>
    <view name="Windows" models="Study Window,Windows top,Windows Bottom,Windows left,Windows right,WIndows Single line,Windows group"/>
    <view name="Spiral trees @ spinners" models="Spiral Trees group,Spinners,Columns,Star Megatree,Pixel Candy Cane 1,Pixel Candy Cane 2,Pixel Candy Cane 3,Pixel Candy Cane 4,Pi Jacket,Pixel White Trees,Snowflakes"/>
    <view name="Mega Tree" models="Megatree,Star Megatree"/>
    <view name="Roof" models="Roof Group,Roof Stars,Pixicles,Roof stars carport single line,roofstars bed single line,Left pixicles backwards,Pixicles Carport"/>
    <view name="Dumb RGBs" models="White Trees,Bells,Window Stars,Portwine,Presents,Native Garden Group,Central Garden ground,Pergola,Haze Machine,Jelly Bubble light,DMX moving head 1,DMX Moving Head 2,Spots"/>
    <view name="Arches" models="Arches group,Arch 1,Arch 2,Arch 3,Arch 4,Pixel Candy Cane 1,Pixel Candy Cane 2,Pixel Candy Cane 3,Pixel Candy Cane 4"/>
    <view name="Singing faces" models="Megatree,Star Megatree,Singing Tree mouth,S T head gp,S T outer eyes,S T L pupil gp,S T R pupil gp,S T L eyebrow gp,S T R eyebrow gp,Olaf mouth,Olaf eyes,Olaf Head Group,Olaf L foot,Olaf nose,Olaf body,Olaf R foot"/>
    <view name="Whole House" models="Whole House Group,Whole House Group bottom,Dumb group"/>
    <view name="Windows roof and spots" models="Roof Group,Windows Bottom,Windows left,Windows right,Windows top,WIndows Single line,Windows group,Haze Machine,Blacklight,Spots"/>
  </views>
  <modelGroups>
    <modelGroup name="Olaf Head Group" models="Olaf rest of head,Olaf head between eyes,Olaf lower head,Olaf Upper head" layout="grid" GridSize="400" LayoutGroup="Default"/>
    <modelGroup name="Spiral Trees group" models="Spiral tree 1,Spiral tree2,Spiral tree3,Spiral tree4" layout="grid" GridSize="400" LayoutGroup="Default"/>
    <modelGroup name="Arches group" models="SmallArch 1,SmallArch 2,SmallArch 3,SmallArch 4,Med Arch 1,MedArch 2,Med Arch 3,Med Arch 4,Big Arch 1,Big Arch 2,Big Arch 3,Big Arch 4" layout="grid" GridSize="400" LayoutGroup="Default"/>
    <modelGroup name="Roof Group" models="Study Roof Peak,Roofline East,Roofline West,Gutter Carport,Gutter Right,Gutter left,Bedroom Roof Vertical,Carport Roof Vertical,Carport Roof Top" layout="grid" GridSize="400" LayoutGroup="Default"/>
    <modelGroup name="Windows top" models="Wardrobe Window top,Toilet Window top,Bath Window top,Study Window top" layout="grid" GridSize="400" LayoutGroup="Unassigned"/>
    <modelGroup name="Windows left" models="Wardrobe Window left,Study Window left,Bath Window left,Toilet Window left" GridSize="400" layout="grid" LayoutGroup="Unassigned"/>
    <modelGroup name="Windows right" models="Wardrobe Window right,Study Window right,Bath Window right,Toilet Window right" GridSize="400" layout="grid" LayoutGroup="Unassigned"/>
    <modelGroup name="Windows Bottom" models="Bath Window bottom,Study Window bottom,Toilet Window bottom,Wardrobe Window bottom" layout="grid" GridSize="400" LayoutGroup="Unassigned"/>
    <modelGroup name="Windows group" models="Study Window,Toilet Window 2,Bath window 2,Wardrobe Window 2" GridSize="400" layout="minimalGrid" LayoutGroup="Default"/>
    <modelGroup name="Native Garden Group" models="Native Garden 8,Native Garden 7,Native Garden 6,Native Garden 5,Native Garden 4,Native Garden 3,Native Garden 2,Native Garden 1" layout="minimalGrid" GridSize="400" LayoutGroup="Default"/>
    <modelGroup name="Olaf eyes" models="Olaf L eye,Olaf R eye" GridSize="400" layout="minimalGrid" LayoutGroup="Default"/>
    <modelGroup name="S T head gp" models="Sing Tree L Base,Singing Tree middle head,Singing Tree R head,Singing Tree Upper head,Singing Tree Left Pt1" GridSize="400" layout="minimalGrid" LayoutGroup="Default"/>
    <modelGroup name="S T  Ah group" GridSize="400" layout="minimalGrid" models="" LayoutGroup="Default"/>
    <modelGroup name="S T  E group" GridSize="400" layout="minimalGrid" models="" LayoutGroup="Default"/>
    <modelGroup name="S T W group" GridSize="400" layout="minimalGrid" models="" LayoutGroup="Default"/>
    <modelGroup name="S T O group" GridSize="400" layout="minimalGrid" models="" LayoutGroup="Default"/>
    <modelGroup name="S T Left outer eye gp" models="SInging Tree L outer eye 2,Singing Tree L outer eye 1" GridSize="400" layout="minimalGrid" LayoutGroup="Default"/>
    <modelGroup name="S T L pupil gp" models="Singing Tree L Pupil" GridSize="400" layout="minimalGrid" LayoutGroup="Default"/>
    <modelGroup name="S T L eyebrow gp" models="Singing Tree L eyebrow,Singing Tree L Upper eyebrow" GridSize="400" layout="minimalGrid" LayoutGroup="Default"/>
    <modelGroup name="S T L upper eyebrow gp" models="Singing Tree L Upper eyebrow" GridSize="400" layout="minimalGrid" LayoutGroup="Default"/>
    <modelGroup name="S T R outer eye gp" models="SInging Tree R outer eye 1,Singing Tree R outer eye 2" GridSize="400" layout="minimalGrid" LayoutGroup="Default"/>
    <modelGroup name="S T R pupil gp" models="SInging Tree  R pupil" GridSize="400" layout="minimalGrid" LayoutGroup="Default"/>
    <modelGroup name="S T R eyebrow gp" models="Singing Tree R eyebrow,Singing Tree R upper eyebrow" GridSize="400" layout="minimalGrid" LayoutGroup="Default"/>
    <modelGroup name="White Trees" GridSize="400" layout="grid" models="" LayoutGroup="Default"/>
    <modelGroup name="RGB Trees" models="" GridSize="400" layout="grid" LayoutGroup="Default"/>
    <modelGroup name="Central Garden ground" models="Central Garden RGB,Central Garden RGB 2,Central Garden RGB 3,Central Garden RGB 4" GridSize="400" layout="grid" LayoutGroup="Default"/>
    <modelGroup name="Candy Canes" models="Pixel Candy Cane 1,Pixel Candy Cane 2,Pixel Candy Cane 3,Pixel Candy Cane 4" GridSize="400" layout="grid" LayoutGroup="Default"/>
    <modelGroup name="Presents" models="Present 1,Present 2,Present 3,Present 4" GridSize="400" layout="grid" LayoutGroup="Default"/>
    <modelGroup name="Portwine" models="Portwine 1,Portwine 2" GridSize="400" layout="grid" LayoutGroup="Default"/>
    <modelGroup name="Spinners" models="Spinner 1,Spinner 2,Spinner 3,Spinner 4" GridSize="400" layout="grid" LayoutGroup="Default"/>
    <modelGroup name="Pixicles" models="Right Pixicles,Left Pixicles" GridSize="400" layout="grid" LayoutGroup="Default"/>
    <modelGroup name="Roof Stars" models="Roof Stars Bedroom,Roof Stars Carport" GridSize="400" layout="grid" LayoutGroup="Default"/>
    <modelGroup name="Bells" models="Bell 1,Bell 2" GridSize="400" layout="grid" LayoutGroup="Default"/>
    <modelGroup name="Window Stars" models="Window Star 1,Window Star 2" GridSize="400" layout="grid" LayoutGroup="Default"/>
    <modelGroup name="Columns" models="Column left,Right column" GridSize="400" layout="grid" LayoutGroup="Default"/>
    <modelGroup name="Brick Wall" models="Brick wall RGB1,Brick wall RGB2,Brick wall RGB3,Brick wall RGB4" GridSize="400" layout="grid" LayoutGroup="Default"/>
    <modelGroup name="S T outer eyes" models="Singing Tree L outer eye 1,SInging Tree L outer eye 2,SInging Tree R outer eye 1,Singing Tree R outer eye 2" GridSize="400" layout="grid" LayoutGroup="Default"/>
    <modelGroup name="Whole House Group" models="Central Garden RGB,Bell 1,Bell 2,Big Arch 1,Big Arch 2,Big Arch 3,Big Arch 4,Brick wall RGB1,Brick wall RGB2,Brick wall RGB3,Bedroom Roof Vertical,Brick wall RGB4,Carport Roof Top,Carport Roof Vertical,Central Garden Ground RGB 1,Central Garden Ground RGB 2,Central Garden Ground RGB 3,Central Garden Ground RGB 4,Central Garden RGB 2,Central Garden RGB 3,Central Garden RGB 4,Column left,Gutter Carport,Gutter left,Gutter Right,Left Pixicles,Med Arch 1,Med Arch 3,Med Arch 4,MedArch 2,Native Garden 1,Native Garden 2,Native Garden 3,Native Garden 4,Native Garden 5,Native Garden 6,Native Garden 7,Native Garden 8,Pergola,Pixel Candy Cane 1,Pixel Candy Cane 2,Pixel Candy Cane 3,Pixel Candy Cane 4,Portwine 1,Portwine 2,Present 1,Present 2,Present 3,Present 4,Right column,Right Pixicles,Roof Stars Bedroom,Roof Stars Carport,Roof stars carport single line,Roofline East,Roofline West,roofstars bed single line,SmallArch 1,SmallArch 2,SmallArch 3,SmallArch 4,Spinner 1,Spinner 2,Spinner 3,Spinner 4,Spiral tree 1,Spiral tree2,Spiral tree3,Spiral tree4,Spot 1,Spot 2,Spot 3,Star Megatree,Study Roof Peak,Window Star 1,Window Star 2,Study Window,Toilet Window 2,Toilet Pixicles,Carport Pixicles,Bath window 2,Wardrobe Window 2,Spot4,Snowflake 1,Snowflake 2,Snowflake 3,Pixel White Tree 1,Pixel White Tree 2,Pixel White Tree 3,Pixel White Tree 4" GridSize="400" layout="grid" LayoutGroup="Unassigned"/>
    <modelGroup selected="0" name="Whole House Group bottom" models="Bath Window bottom,Bath Window left,Bath Window right,Bath Window top,Bell 1,Bell 2,Big Arch 1,Big Arch 2,Big Arch 3,Big Arch 4,Brick wall RGB1,Brick wall RGB2,Brick wall RGB3,Brick wall RGB4,Central Garden Ground RGB 1,Central Garden Ground RGB 2,Central Garden Ground RGB 3,Central Garden Ground RGB 4,Central Garden RGB,Central Garden RGB 2,Central Garden RGB 3,Central Garden RGB 4,Column left,Med Arch 1,Med Arch 3,Med Arch 4,MedArch 2,Native Garden 1,Native Garden 2,Native Garden 3,Native Garden 4,Native Garden 5,Native Garden 6,Native Garden 7,Native Garden 8,Pergola,Pixel Candy Cane 1,Pixel Candy Cane 2,Pixel Candy Cane 3,Pixel Candy Cane 4,Portwine 1,Portwine 2,Present 1,Present 2,Present 3,Present 4,Right column,SmallArch 1,SmallArch 2,SmallArch 3,SmallArch 4,Spinner 1,Spinner 2,Spinner 3,Spinner 4,Spiral tree 1,Spiral tree2,Spiral tree3,Spiral tree4,Spot 1,Spot 2,Spot 3,Study Window,Study Window bottom,Study Window left,Study Window right,Study Window top,Toilet Window bottom,Toilet Window left,Toilet Window right,Toilet Window top,Wardrobe Window bottom,Wardrobe Window left,Wardrobe Window right,Wardrobe Window top,Window Star 1,Roofline East,Roofline West,Roof Stars Carport,Roof Stars Bedroom,roofstars bed single line,Roof stars carport single line,Toilet Pixicles,Study Roof Peak,Bedroom Roof Vertical,Carport Pixicles,Carport Roof Top,Carport Roof Vertical,Gutter Carport,Gutter left,Gutter Right,Left Pixicles,Right Pixicles,Snowflake 1,Snowflake 2,Snowflake 3,Star Megatree,Window Star 2" GridSize="400" layout="grid" LayoutGroup="Unassigned"/>
    <modelGroup selected="0" name="WIndows Single line" models="Wardrobe Window single line,Study window single line,Bath Window single line,Toilet Window single line" GridSize="400" layout="grid" LayoutGroup="Unassigned"/>
    <modelGroup selected="0" name="Arch 1" models="SmallArch 1,Med Arch 1,Big Arch 1" GridSize="400" layout="grid" LayoutGroup="Default"/>
    <modelGroup selected="0" name="Arch 2" models="SmallArch 2,MedArch 2,Big Arch 2" GridSize="400" layout="grid" LayoutGroup="Default"/>
    <modelGroup selected="0" name="Arch 3" models="SmallArch 3,Med Arch 3,Big Arch 3" GridSize="400" layout="grid" LayoutGroup="Default"/>
    <modelGroup selected="0" name="Arch 4" models="SmallArch 4,Med Arch 4,Big Arch 4" GridSize="400" layout="grid" LayoutGroup="Default"/>
    <modelGroup selected="0" name="Pixicles Carport" models="Toilet Pixicles,Carport Pixicles" GridSize="400" layout="grid" LayoutGroup="Default"/>
    <modelGroup selected="0" name="Spots" models="Spot 1,Spot 2,Spot 3,Spot4" GridSize="400" layout="minimalGrid" LayoutGroup="Default"/>
    <modelGroup selected="0" name="Pixel White Trees" models="Pixel White Tree 1,Pixel White Tree 2,Pixel White Tree 3,Pixel White Tree 4" GridSize="400" layout="minimalGrid" LayoutGroup="Default"/>
    <modelGroup selected="0" name="Snowflakes" models="Snowflake 1,Snowflake 2,Snowflake 3" GridSize="400" layout="minimalGrid" LayoutGroup="Default"/>
    <modelGroup selected="0" name="Dumb group" models="Window Star 1,Window Star 2,Bell 1,Bell 2,Central Garden Ground RGB 1,Central Garden Ground RGB 2,Central Garden Ground RGB 3,Central Garden Ground RGB 4,Central Garden RGB,Central Garden RGB 2,Central Garden RGB 3,Central Garden RGB 4,Native Garden 1,Native Garden 2,Native Garden 3,Native Garden 4,Native Garden 5,Native Garden 6,Native Garden 7,Native Garden 8,Pergola,Portwine 1,Portwine 2,Present 1,Present 2,Present 3,Present 4,Spot 1,Spot 2,Spot 3,Spot4" GridSize="400" layout="minimalGrid" LayoutGroup="Unassigned"/>
  </modelGroups>
  <perspectives current="Laptop">
    <perspective name="Default Perspective" settings="layout2|name=ModelPreview;caption=Model Preview;state=2099196;dir=4;layer=0;row=0;pos=1;prop=100000;bestw=200;besth=200;minw=-1;minh=-1;maxw=-1;maxh=-1;floatx=128;floaty=342;floatw=200;floath=216|name=HousePreview;caption=House Preview;state=2099197;dir=4;layer=0;row=0;pos=1;prop=100000;bestw=200;besth=200;minw=-1;minh=-1;maxw=-1;maxh=-1;floatx=1333;floaty=731;floatw=897;floath=593|name=EffectAssist;caption=Effect Assist;state=2099198;dir=4;layer=0;row=0;pos=4;prop=100000;bestw=200;besth=200;minw=-1;minh=-1;maxw=-1;maxh=-1;floatx=-1;floaty=-1;floatw=-1;floath=-1|name=DisplayElements;caption=Sequence Elements;state=2099199;dir=4;layer=0;row=0;pos=0;prop=100000;bestw=341;besth=412;minw=-1;minh=-1;maxw=-1;maxh=-1;floatx=540;floaty=1115;floatw=341;floath=428|name=Perspectives;caption=Perspectives;state=2099196;dir=4;layer=0;row=0;pos=2;prop=100000;bestw=141;besth=143;minw=-1;minh=-1;maxw=-1;maxh=-1;floatx=-1;floaty=-1;floatw=-1;floath=-1|name=Effect;caption=Effect Settings;state=2099196;dir=1;layer=2;row=0;pos=3;prop=100000;bestw=175;besth=175;minw=175;minh=175;maxw=-1;maxh=-1;floatx=130;floaty=1039;floatw=400;floath=250|name=EffectDropper;caption=Effects;state=2115580;dir=1;layer=2;row=0;pos=1;prop=100000;bestw=150;besth=182;minw=150;minh=150;maxw=-1;maxh=-1;floatx=129;floaty=1082;floatw=400;floath=250|name=Color;caption=Color;state=2099196;dir=1;layer=2;row=0;pos=0;prop=100000;bestw=289;besth=144;minw=-1;minh=-1;maxw=-1;maxh=-1;floatx=130;floaty=852;floatw=289;floath=160|name=LayerTiming;caption=Layer Blending;state=2099196;dir=1;layer=2;row=0;pos=2;prop=100000;bestw=778;besth=707;minw=-1;minh=-1;maxw=-1;maxh=-1;floatx=129;floaty=637;floatw=778;floath=723|name=LayerSettings;caption=Layer Settings;state=2099196;dir=4;layer=0;row=0;pos=0;prop=100000;bestw=326;besth=209;minw=-1;minh=-1;maxw=-1;maxh=-1;floatx=-1;floaty=-1;floatw=-1;floath=-1|name=Main Sequencer;caption=Main Sequencer;state=768;dir=5;layer=0;row=0;pos=0;prop=100000;bestw=291;besth=216;minw=-1;minh=-1;maxw=-1;maxh=-1;floatx=-1;floaty=-1;floatw=-1;floath=-1|dock_size(4,0,0)=299|dock_size(5,0,0)=293|dock_size(1,2,0)=303|" version="2.0"/>
    <perspective name="Setup" settings="layout2|name=ModelPreview;caption=Model Preview;state=2099196;dir=4;layer=0;row=0;pos=1;prop=100000;bestw=200;besth=200;minw=-1;minh=-1;maxw=-1;maxh=-1;floatx=128;floaty=342;floatw=200;floath=216|name=HousePreview;caption=House Preview;state=2115581;dir=4;layer=0;row=0;pos=1;prop=100000;bestw=200;besth=200;minw=-1;minh=-1;maxw=-1;maxh=-1;floatx=2578;floaty=69;floatw=1230;floath=834|name=EffectAssist;caption=Effect Assist;state=2099198;dir=4;layer=0;row=0;pos=4;prop=100000;bestw=200;besth=200;minw=-1;minh=-1;maxw=-1;maxh=-1;floatx=-1;floaty=-1;floatw=-1;floath=-1|name=DisplayElements;caption=Sequence Elements;state=2099199;dir=4;layer=0;row=0;pos=0;prop=100000;bestw=341;besth=412;minw=-1;minh=-1;maxw=-1;maxh=-1;floatx=540;floaty=1115;floatw=341;floath=428|name=Perspectives;caption=Perspectives;state=2099196;dir=4;layer=0;row=0;pos=2;prop=100000;bestw=141;besth=143;minw=-1;minh=-1;maxw=-1;maxh=-1;floatx=-1;floaty=-1;floatw=-1;floath=-1|name=Effect;caption=Effect Settings;state=2099198;dir=1;layer=2;row=0;pos=0;prop=100000;bestw=175;besth=175;minw=175;minh=175;maxw=-1;maxh=-1;floatx=130;floaty=1039;floatw=400;floath=250|name=EffectDropper;caption=Effects;state=2099198;dir=1;layer=2;row=0;pos=1;prop=100000;bestw=150;besth=182;minw=150;minh=150;maxw=-1;maxh=-1;floatx=129;floaty=1082;floatw=400;floath=250|name=Color;caption=Color;state=2099198;dir=1;layer=2;row=0;pos=0;prop=100000;bestw=289;besth=144;minw=-1;minh=-1;maxw=-1;maxh=-1;floatx=130;floaty=852;floatw=289;floath=160|name=LayerTiming;caption=Layer Blending;state=2099198;dir=1;layer=2;row=0;pos=0;prop=100000;bestw=778;besth=707;minw=-1;minh=-1;maxw=-1;maxh=-1;floatx=129;floaty=637;floatw=778;floath=723|name=LayerSettings;caption=Layer Settings;state=2099196;dir=4;layer=0;row=0;pos=0;prop=100000;bestw=326;besth=209;minw=-1;minh=-1;maxw=-1;maxh=-1;floatx=-1;floaty=-1;floatw=-1;floath=-1|name=Main Sequencer;caption=Main Sequencer;state=768;dir=5;layer=0;row=0;pos=0;prop=100000;bestw=291;besth=216;minw=-1;minh=-1;maxw=-1;maxh=-1;floatx=-1;floaty=-1;floatw=-1;floath=-1|dock_size(4,0,0)=299|dock_size(5,0,0)=293|" version="2.0"/>
    <perspective name="Laptop" settings="layout2|name=ModelPreview;caption=Model Preview;state=2099196;dir=4;layer=0;row=0;pos=1;prop=100000;bestw=200;besth=200;minw=-1;minh=-1;maxw=-1;maxh=-1;floatx=128;floaty=342;floatw=200;floath=216|name=HousePreview;caption=House Preview;state=2115581;dir=4;layer=0;row=0;pos=1;prop=100000;bestw=200;besth=200;minw=-1;minh=-1;maxw=-1;maxh=-1;floatx=448;floaty=488;floatw=555;floath=288|name=EffectAssist;caption=Effect Assist;state=2099198;dir=4;layer=0;row=0;pos=4;prop=100000;bestw=200;besth=200;minw=-1;minh=-1;maxw=-1;maxh=-1;floatx=-1;floaty=-1;floatw=-1;floath=-1|name=DisplayElements;caption=Sequence Elements;state=2099199;dir=4;layer=0;row=0;pos=0;prop=100000;bestw=341;besth=412;minw=-1;minh=-1;maxw=-1;maxh=-1;floatx=540;floaty=1115;floatw=341;floath=428|name=Perspectives;caption=Perspectives;state=2099196;dir=4;layer=0;row=0;pos=2;prop=100000;bestw=141;besth=143;minw=-1;minh=-1;maxw=-1;maxh=-1;floatx=-1;floaty=-1;floatw=-1;floath=-1|name=Effect;caption=Effect Settings;state=2099198;dir=1;layer=2;row=0;pos=0;prop=100000;bestw=175;besth=175;minw=175;minh=175;maxw=-1;maxh=-1;floatx=130;floaty=1039;floatw=400;floath=250|name=EffectDropper;caption=Effects;state=2099198;dir=1;layer=2;row=0;pos=1;prop=100000;bestw=150;besth=182;minw=150;minh=150;maxw=-1;maxh=-1;floatx=129;floaty=1082;floatw=400;floath=250|name=Color;caption=Color;state=2099198;dir=1;layer=2;row=0;pos=0;prop=100000;bestw=289;besth=144;minw=-1;minh=-1;maxw=-1;maxh=-1;floatx=130;floaty=852;floatw=289;floath=160|name=LayerTiming;caption=Layer Blending;state=2099198;dir=1;layer=2;row=0;pos=0;prop=100000;bestw=778;besth=707;minw=-1;minh=-1;maxw=-1;maxh=-1;floatx=129;floaty=637;floatw=778;floath=723|name=LayerSettings;caption=Layer Settings;state=2099196;dir=4;layer=0;row=0;pos=0;prop=100000;bestw=326;besth=209;minw=-1;minh=-1;maxw=-1;maxh=-1;floatx=-1;floaty=-1;floatw=-1;floath=-1|name=Main Sequencer;caption=Main Sequencer;state=768;dir=5;layer=0;row=0;pos=0;prop=100000;bestw=291;besth=216;minw=-1;minh=-1;maxw=-1;maxh=-1;floatx=-1;floaty=-1;floatw=-1;floath=-1|dock_size(4,0,0)=299|dock_size(5,0,0)=293|" version="2.0"/>
  </perspectives>
  <settings>
    <scaleImage value="1"/>
    <backgroundBrightness value="30"/>
    <backgroundImage value="/Users/logan/Library/Mobile Documents/com~apple~CloudDocs/Xlights38test/IMG_1012.jpg"/>
    <previewWidth value="996"/>
    <previewHeight value="596"/>
    <storedLayoutGroup value="Unassigned"/>
  </settings>
  <layoutGroups/>
</xrgb>
