<?xml version="1.0" encoding="UTF-8"?>
<xsequence BaseChannel="0" ChanCtrlBasic="0" ChanCtrlColor="0" FixedPointTiming="1">
  <head>
    <version>2016.53</version>
    <author/>
    <author-email/>
    <author-website/>
    <song/>
    <artist/>
    <album/>
    <MusicURL/>
    <comment/>
    <sequenceTiming>50 ms</sequenceTiming>
    <sequenceType>Media</sequenceType>
    <mediaFile>/home/cjd/Owncloud/Lights/Media/Pokemon_Theme_Song.mp3</mediaFile>
    <sequenceDuration>66.573</sequenceDuration>
    <imageDir/>
  </head>
  <nextid>1</nextid>
  <ColorPalettes>
    <ColorPalette>C_BUTTON_Palette1=#FFFFFF,C_BUTTON_Palette2=#FF0000,C_BUTTON_Palette3=#00FF00,C_BUTTON_Palette4=#0000FF,C_BUTTON_Palette5=#FFFF00,C_BUTTON_Palette6=#000000,C_BUTTON_Palette7=#00FFFF,C_BUTTON_Palette8=#FF00FF,C_CHECKBOX_Palette2=1,C_CHECKBOX_Palette6=1,C_CHECKBOX_Palette8=1</ColorPalette>
    <ColorPalette>C_BUTTON_Palette1=#FFFFFF,C_BUTTON_Palette2=#FF0000,C_BUTTON_Palette3=#00FF00,C_BUTTON_Palette4=#0000FF,C_BUTTON_Palette5=#FFFF00,C_BUTTON_Palette6=#000000,C_BUTTON_Palette7=#00FFFF,C_BUTTON_Palette8=#FF00FF,C_CHECKBOX_Palette2=1,C_CHECKBOX_Palette4=1</ColorPalette>
    <ColorPalette>C_BUTTON_Palette1=#FFFFFF,C_BUTTON_Palette2=#FF0000,C_BUTTON_Palette3=#00FF00,C_BUTTON_Palette4=#0000FF,C_BUTTON_Palette5=#FFFF00,C_BUTTON_Palette6=#000000,C_BUTTON_Palette7=#00FFFF,C_BUTTON_Palette8=#FF00FF,C_CHECKBOX_Palette4=1,C_CHECKBOX_Palette5=1</ColorPalette>
    <ColorPalette>C_BUTTON_Palette1=#FFFFFF,C_BUTTON_Palette2=#FF0000,C_BUTTON_Palette3=#00FF00,C_BUTTON_Palette4=#0000FF,C_BUTTON_Palette5=#FFFF00,C_BUTTON_Palette6=#000000,C_BUTTON_Palette7=#00FFFF,C_BUTTON_Palette8=#FF00FF,C_CHECKBOX_Palette1=1,C_CHECKBOX_Palette2=1,C_CHECKBOX_Palette4=1</ColorPalette>
    <ColorPalette>C_BUTTON_Palette1=#FFFFFF,C_BUTTON_Palette2=#FF0000,C_BUTTON_Palette3=#00FF00,C_BUTTON_Palette4=#0000FF,C_BUTTON_Palette5=#FFFF00,C_BUTTON_Palette6=#000000,C_BUTTON_Palette7=#00FFFF,C_BUTTON_Palette8=#FF00FF,C_CHECKBOX_Palette3=1</ColorPalette>
    <ColorPalette>C_BUTTON_Palette1=#FFFFFF,C_BUTTON_Palette2=#FF0000,C_BUTTON_Palette3=#00FF00,C_BUTTON_Palette4=#0000FF,C_BUTTON_Palette5=#FFFF00,C_BUTTON_Palette6=#000000,C_BUTTON_Palette7=#00FFFF,C_BUTTON_Palette8=#FF00FF,C_CHECKBOX_Palette1=1,C_CHECKBOX_Palette2=1</ColorPalette>
    <ColorPalette>C_BUTTON_Palette1=#FFFFFF,C_BUTTON_Palette2=#FF0000,C_BUTTON_Palette3=#00FF00,C_BUTTON_Palette4=#0000FF,C_BUTTON_Palette5=#FFFF00,C_BUTTON_Palette6=#000000,C_BUTTON_Palette7=#00FFFF,C_BUTTON_Palette8=#FF00FF,C_CHECKBOX_Palette2=1,C_CHECKBOX_Palette5=1</ColorPalette>
    <ColorPalette>C_BUTTON_Palette1=#FFFFFF,C_BUTTON_Palette2=#FF0000,C_BUTTON_Palette3=#000000,C_BUTTON_Palette4=#0000FF,C_BUTTON_Palette5=#FFFF00,C_BUTTON_Palette6=#000000,C_BUTTON_Palette7=#00FFFF,C_BUTTON_Palette8=#FF00FF,C_CHECKBOX_Palette2=1,C_CHECKBOX_Palette3=1,C_CHECKBOX_Palette4=1,C_CHECKBOX_Palette6=1</ColorPalette>
    <ColorPalette>C_BUTTON_Palette1=#FFFFFF,C_BUTTON_Palette2=#FF0000,C_BUTTON_Palette3=#00FF00,C_BUTTON_Palette4=#0000FF,C_BUTTON_Palette5=#FFFF00,C_BUTTON_Palette6=#000000,C_BUTTON_Palette7=#00FFFF,C_BUTTON_Palette8=#FF00FF,C_CHECKBOX_Palette3=1,C_CHECKBOX_Palette4=1</ColorPalette>
    <ColorPalette>C_BUTTON_Palette1=#FFFFFF,C_BUTTON_Palette2=#FF0000,C_BUTTON_Palette3=#00FF00,C_BUTTON_Palette4=#0000FF,C_BUTTON_Palette5=#FFFF00,C_BUTTON_Palette6=#000000,C_BUTTON_Palette7=#00FFFF,C_BUTTON_Palette8=#FF00FF,C_CHECKBOX_Palette3=1,C_CHECKBOX_Palette5=1</ColorPalette>
    <ColorPalette>C_BUTTON_Palette1=#FFFFFF,C_BUTTON_Palette2=#FF0000,C_BUTTON_Palette3=#00FF00,C_BUTTON_Palette4=#0000FF,C_BUTTON_Palette5=#FFFF00,C_BUTTON_Palette6=#000000,C_BUTTON_Palette7=#00FFFF,C_BUTTON_Palette8=#FF00FF,C_CHECKBOX_MusicSparkles=1,C_CHECKBOX_Palette3=1,C_CHECKBOX_Palette5=1</ColorPalette>
    <ColorPalette>C_BUTTON_Palette1=#FFFFFF,C_BUTTON_Palette2=#FF0000,C_BUTTON_Palette3=#FFA500,C_BUTTON_Palette4=#0000FF,C_BUTTON_Palette5=#FFFF00,C_BUTTON_Palette6=#000000,C_BUTTON_Palette7=#00FFFF,C_BUTTON_Palette8=#FF00FF,C_CHECKBOX_Palette1=1,C_CHECKBOX_Palette2=1,C_CHECKBOX_Palette3=1,C_CHECKBOX_Palette4=1</ColorPalette>
  </ColorPalettes>
  <EffectDB>
    <Effect>E_CHOICE_Butterfly_Colors=Rainbow,E_CHOICE_Butterfly_Direction=Normal,E_SLIDER_Butterfly_Chunks=1,E_SLIDER_Butterfly_Skip=2,E_SLIDER_Butterfly_Speed=10,E_SLIDER_Butterfly_Style=1,E_VALUECURVE_Butterfly_Chunks=Active=FALSE|,E_VALUECURVE_Butterfly_Skip=Active=FALSE|,E_VALUECURVE_Butterfly_Speed=Active=FALSE|</Effect>
    <Effect>B_CHOICE_BufferStyle=Horizontal Per Model,E_CHECKBOX_Bars_3D=0,E_CHECKBOX_Bars_Gradient=0,E_CHECKBOX_Bars_Highlight=0,E_CHOICE_Bars_Direction=up,E_SLIDER_Bars_BarCount=5,E_TEXTCTRL_Bars_Cycles=2,E_VALUECURVE_Bars_BarCount=Active=FALSE|,E_VALUECURVE_Bars_Cycles=Active=FALSE|</Effect>
    <Effect>E_CHECKBOX_Fill_Color_Time=0,E_CHECKBOX_Fill_Offset_In_Pixels=0,E_CHECKBOX_Fill_Wrap=1,E_CHOICE_Fill_Direction=Up,E_SLIDER_Fill_Band_Size=0,E_SLIDER_Fill_Offset=0,E_SLIDER_Fill_Skip_Size=0,E_VALUECURVE_Fill_Band_Size=Active=FALSE|,E_VALUECURVE_Fill_Offset=Active=FALSE|,E_VALUECURVE_Fill_Position=Active=TRUE|Id=ID_VALUECURVE_Fill_Position|Type=Ramp|Min=0.00|Max=100.00|P1=100|,E_VALUECURVE_Fill_Skip_Size=Active=FALSE|</Effect>
    <Effect>E_CHECKBOX_Fill_Color_Time=0,E_CHECKBOX_Fill_Offset_In_Pixels=0,E_CHECKBOX_Fill_Wrap=1,E_CHOICE_Fill_Direction=Up,E_SLIDER_Fill_Band_Size=0,E_SLIDER_Fill_Offset=0,E_SLIDER_Fill_Skip_Size=0,E_VALUECURVE_Fill_Band_Size=Active=FALSE|,E_VALUECURVE_Fill_Offset=Active=FALSE|,E_VALUECURVE_Fill_Position=Active=TRUE|Id=ID_VALUECURVE_Fill_Position|Type=Ramp|Min=0.00|Max=100.00|P2=100|,E_VALUECURVE_Fill_Skip_Size=Active=FALSE|</Effect>
    <Effect>E_CHECKBOX_Spirals_3D=0,E_CHECKBOX_Spirals_Blend=0,E_CHECKBOX_Spirals_Grow=0,E_CHECKBOX_Spirals_Shrink=0,E_SLIDER_Spirals_Count=5,E_SLIDER_Spirals_Rotation=133,E_SLIDER_Spirals_Thickness=35,E_TEXTCTRL_Spirals_Movement=0.3,E_VALUECURVE_Spirals_Count=Active=FALSE|,E_VALUECURVE_Spirals_Movement=Active=FALSE|,E_VALUECURVE_Spirals_Rotation=Active=FALSE|,E_VALUECURVE_Spirals_Thickness=Active=FALSE|</Effect>
    <Effect>E_CHECKBOX_Chase_3dFade1=0,E_CHECKBOX_Chase_Group_All=0,E_CHOICE_Chase_Type1=Left-Right,E_CHOICE_SingleStrand_Colors=Palette,E_CHOICE_Skips_Direction=Left,E_NOTEBOOK_SSEFFECT_TYPE=Chase,E_SLIDER_Color_Mix1=10,E_SLIDER_Number_Chases=1,E_SLIDER_Skips_Advance=0,E_SLIDER_Skips_BandSize=1,E_SLIDER_Skips_SkipSize=1,E_SLIDER_Skips_StartPos=1,E_TEXTCTRL_Chase_Rotations=1.0,E_VALUECURVE_Chase_Rotations=Active=FALSE|,E_VALUECURVE_Color_Mix1=Active=FALSE|,E_VALUECURVE_Number_Chases=Active=FALSE|</Effect>
    <Effect>E_CHECKBOX_Chase_3dFade1=0,E_CHECKBOX_Chase_Group_All=0,E_CHOICE_Chase_Type1=Bounce from Left,E_CHOICE_SingleStrand_Colors=Palette,E_CHOICE_Skips_Direction=Left,E_NOTEBOOK_SSEFFECT_TYPE=Chase,E_SLIDER_Color_Mix1=8,E_SLIDER_Number_Chases=3,E_SLIDER_Skips_Advance=0,E_SLIDER_Skips_BandSize=1,E_SLIDER_Skips_SkipSize=1,E_SLIDER_Skips_StartPos=1,E_TEXTCTRL_Chase_Rotations=0.5,E_VALUECURVE_Chase_Rotations=Active=FALSE|,E_VALUECURVE_Color_Mix1=Active=FALSE|,E_VALUECURVE_Number_Chases=Active=FALSE|</Effect>
    <Effect></Effect>
    <Effect>E_CHECKBOX_Mirror_Wave=1,E_CHOICE_Fill_Colors=Palette,E_CHOICE_Wave_Direction=Left to Right,E_CHOICE_Wave_Type=Sine,E_SLIDER_Number_Waves=900,E_SLIDER_Thickness_Percentage=5,E_SLIDER_Wave_Height=50,E_SLIDER_Wave_Speed=10,E_VALUECURVE_Number_Waves=Active=FALSE|,E_VALUECURVE_Thickness_Percentage=Active=FALSE|,E_VALUECURVE_Wave_Height=Active=FALSE|,E_VALUECURVE_Wave_Speed=Active=FALSE|</Effect>
    <Effect>E_CHECKBOX_Chase_3dFade1=0,E_CHECKBOX_Chase_Group_All=0,E_CHOICE_Chase_Type1=Left-Right,E_CHOICE_SingleStrand_Colors=Palette,E_CHOICE_Skips_Direction=Left,E_NOTEBOOK_SSEFFECT_TYPE=Skips,E_SLIDER_Color_Mix1=10,E_SLIDER_Number_Chases=1,E_SLIDER_Skips_Advance=10,E_SLIDER_Skips_BandSize=4,E_SLIDER_Skips_SkipSize=1,E_SLIDER_Skips_StartPos=1,E_TEXTCTRL_Chase_Rotations=1.0,E_VALUECURVE_Chase_Rotations=Active=FALSE|,E_VALUECURVE_Color_Mix1=Active=FALSE|,E_VALUECURVE_Number_Chases=Active=FALSE|</Effect>
    <Effect>E_CHECKBOX_Bars_3D=1,E_CHECKBOX_Bars_Gradient=0,E_CHECKBOX_Bars_Highlight=0,E_CHOICE_Bars_Direction=H-expand,E_SLIDER_Bars_BarCount=3,E_SLIDER_Bars_Center=0,E_TEXTCTRL_Bars_Cycles=0.2,E_VALUECURVE_Bars_BarCount=Active=FALSE|,E_VALUECURVE_Bars_Cycles=Active=FALSE|</Effect>
    <Effect>E_CHECKBOX_Morph_End_Link=0,E_CHECKBOX_Morph_Start_Link=0,E_CHECKBOX_ShowHeadAtStart=0,E_NOTEBOOK_Morph=Start,E_SLIDER_MorphAccel=0,E_SLIDER_MorphDuration=20,E_SLIDER_MorphEndLength=1,E_SLIDER_MorphStartLength=1,E_SLIDER_Morph_End_X1=0,E_SLIDER_Morph_End_X2=100,E_SLIDER_Morph_End_Y1=100,E_SLIDER_Morph_End_Y2=100,E_SLIDER_Morph_Repeat_Count=0,E_SLIDER_Morph_Repeat_Skip=1,E_SLIDER_Morph_Stagger=0,E_SLIDER_Morph_Start_X1=0,E_SLIDER_Morph_Start_X2=100,E_SLIDER_Morph_Start_Y1=0,E_SLIDER_Morph_Start_Y2=0,E_VALUECURVE_MorphAccel=Active=FALSE|,E_VALUECURVE_MorphDuration=Active=FALSE|,E_VALUECURVE_MorphEndLength=Active=FALSE|,E_VALUECURVE_MorphStartLength=Active=FALSE|,E_VALUECURVE_Morph_End_X1=Active=FALSE|,E_VALUECURVE_Morph_End_X2=Active=FALSE|,E_VALUECURVE_Morph_End_Y1=Active=FALSE|,E_VALUECURVE_Morph_End_Y2=Active=FALSE|,E_VALUECURVE_Morph_Repeat_Count=Active=FALSE|,E_VALUECURVE_Morph_Repeat_Skip=Active=FALSE|,E_VALUECURVE_Morph_Stagger=Active=FALSE|,E_VALUECURVE_Morph_Start_X1=Active=FALSE|,E_VALUECURVE_Morph_Start_X2=Active=FALSE|,E_VALUECURVE_Morph_Start_Y1=Active=FALSE|,E_VALUECURVE_Morph_Start_Y2=Active=FALSE|</Effect>
    <Effect>E_CHECKBOX_Bars_3D=1,E_CHECKBOX_Bars_Gradient=0,E_CHECKBOX_Bars_Highlight=0,E_CHOICE_Bars_Direction=Left,E_SLIDER_Bars_BarCount=5,E_TEXTCTRL_Bars_Cycles=1.0,E_VALUECURVE_Bars_BarCount=Active=FALSE|,E_VALUECURVE_Bars_Cycles=Active=FALSE|</Effect>
    <Effect>E_CHECKBOX_Mirror_Wave=1,E_CHOICE_Fill_Colors=Palette,E_CHOICE_Wave_Direction=Right to Left,E_CHOICE_Wave_Type=Sine,E_SLIDER_Number_Waves=900,E_SLIDER_Thickness_Percentage=11,E_SLIDER_Wave_Height=68,E_SLIDER_Wave_Speed=10,E_VALUECURVE_Number_Waves=Active=FALSE|,E_VALUECURVE_Thickness_Percentage=Active=FALSE|,E_VALUECURVE_Wave_Height=Active=FALSE|,E_VALUECURVE_Wave_Speed=Active=FALSE|</Effect>
    <Effect>E_CHECKBOX_Spirals_3D=0,E_CHECKBOX_Spirals_Blend=0,E_CHECKBOX_Spirals_Grow=0,E_CHECKBOX_Spirals_Shrink=0,E_SLIDER_Spirals_Count=1,E_SLIDER_Spirals_Rotation=20,E_SLIDER_Spirals_Thickness=50,E_TEXTCTRL_Spirals_Movement=1.0,E_VALUECURVE_Spirals_Count=Active=FALSE|,E_VALUECURVE_Spirals_Movement=Active=FALSE|,E_VALUECURVE_Spirals_Rotation=Active=FALSE|,E_VALUECURVE_Spirals_Thickness=Active=FALSE|</Effect>
    <Effect>E_CHOICE_Butterfly_Colors=Rainbow,E_CHOICE_Butterfly_Direction=Normal,E_SLIDER_Butterfly_Chunks=1,E_SLIDER_Butterfly_Skip=2,E_SLIDER_Butterfly_Speed=10,E_SLIDER_Butterfly_Style=1,E_VALUECURVE_Butterfly_Chunks=Active=FALSE|,E_VALUECURVE_Butterfly_Skip=Active=FALSE|,E_VALUECURVE_Butterfly_Speed=Active=FALSE|,T_TEXTCTRL_Fadeout=3.00</Effect>
    <Effect>E_CHOICE_VUMeter_TimingTrack=Beats,E_CHOICE_VUMeter_Type=Timing Event Color,E_SLIDER_VUMeter_YOffset=0</Effect>
    <Effect>E_CHECKBOX_Pictures_PixelOffsets=0,E_CHECKBOX_Pictures_ScaleToFit=1,E_CHECKBOX_Pictures_Shimmer=0,E_CHECKBOX_Pictures_WrapX=0,E_CHOICE_Pictures_Direction=down,E_FILEPICKER_Pictures_Filename=/home/cjd/Owncloud/Lights/Media/Pokemon/pokeball.gif,E_SLIDER_PicturesXC=0,E_SLIDER_PicturesYC=0,E_SLIDER_Pictures_EndScale=0,E_SLIDER_Pictures_StartScale=0,E_TEXTCTRL_Pictures_FrameRateAdj=1.0,E_TEXTCTRL_Pictures_Speed=1.0</Effect>
    <Effect>E_CHECKBOX_Pictures_PixelOffsets=0,E_CHECKBOX_Pictures_ScaleToFit=0,E_CHECKBOX_Pictures_Shimmer=0,E_CHECKBOX_Pictures_WrapX=0,E_CHOICE_Pictures_Direction=down-left,E_FILEPICKER_Pictures_Filename=/home/cjd/Owncloud/Lights/Media/Pokemon/pokeball.gif,E_SLIDER_PicturesXC=0,E_SLIDER_PicturesYC=0,E_SLIDER_Pictures_EndScale=40,E_SLIDER_Pictures_StartScale=37,E_TEXTCTRL_Pictures_FrameRateAdj=1.0,E_TEXTCTRL_Pictures_Speed=1.0</Effect>
    <Effect>E_CHECKBOX_Fire_GrowWithMusic=0,E_CHOICE_Fire_Location=Bottom,E_SLIDER_Fire_Height=68,E_SLIDER_Fire_HueShift=0,E_TEXTCTRL_Fire_GrowthCycles=0.0,E_VALUECURVE_Fire_GrowthCycles=Active=FALSE|,E_VALUECURVE_Fire_Height=Active=FALSE|,E_VALUECURVE_Fire_HueShift=Active=FALSE|</Effect>
    <Effect>E_CHECKBOX_Pictures_PixelOffsets=0,E_CHECKBOX_Pictures_ScaleToFit=0,E_CHECKBOX_Pictures_Shimmer=0,E_CHECKBOX_Pictures_WrapX=0,E_CHOICE_Pictures_Direction=none,E_FILEPICKER_Pictures_Filename=/home/cjd/Owncloud/Lights/Media/Pokemon/pikachu_dancing.gif,E_SLIDER_PicturesXC=0,E_SLIDER_PicturesYC=-20,E_SLIDER_Pictures_EndScale=60,E_SLIDER_Pictures_StartScale=60,E_TEXTCTRL_Pictures_FrameRateAdj=1.0,E_TEXTCTRL_Pictures_Speed=1.0</Effect>
    <Effect>B_CHOICE_BufferStyle=Per Preview,E_CHECKBOX_Pictures_PixelOffsets=0,E_CHECKBOX_Pictures_ScaleToFit=0,E_CHECKBOX_Pictures_Shimmer=0,E_CHECKBOX_Pictures_WrapX=0,E_CHOICE_Pictures_Direction=none,E_FILEPICKER_Pictures_Filename=/home/cjd/Owncloud/Lights/Media/Pokemon/pokeball.gif,E_SLIDER_PicturesXC=0,E_SLIDER_PicturesYC=-20,E_SLIDER_Pictures_EndScale=585,E_SLIDER_Pictures_StartScale=419,E_TEXTCTRL_Pictures_FrameRateAdj=1.0,E_TEXTCTRL_Pictures_Speed=1.0</Effect>
    <Effect>B_CHOICE_BufferStyle=Per Preview,E_CHECKBOX_Pictures_PixelOffsets=0,E_CHECKBOX_Pictures_ScaleToFit=0,E_CHECKBOX_Pictures_Shimmer=0,E_CHECKBOX_Pictures_WrapX=0,E_CHOICE_Pictures_Direction=none,E_FILEPICKER_Pictures_Filename=/home/cjd/Owncloud/Lights/Media/Pokemon/globe.png,E_SLIDER_PicturesXC=0,E_SLIDER_PicturesYC=-20,E_SLIDER_Pictures_EndScale=460,E_SLIDER_Pictures_StartScale=477,E_TEXTCTRL_Pictures_FrameRateAdj=1.0,E_TEXTCTRL_Pictures_Speed=1.0</Effect>
    <Effect>B_CHOICE_BufferStyle=Per Preview,E_CHECKBOX_Pictures_PixelOffsets=0,E_CHECKBOX_Pictures_ScaleToFit=0,E_CHECKBOX_Pictures_Shimmer=0,E_CHECKBOX_Pictures_WrapX=0,E_CHOICE_Pictures_Direction=none,E_FILEPICKER_Pictures_Filename=/home/cjd/Owncloud/Lights/Media/Pokemon/purple_pokemon.png,E_SLIDER_PicturesXC=0,E_SLIDER_PicturesYC=-20,E_SLIDER_Pictures_EndScale=644,E_SLIDER_Pictures_StartScale=641,E_TEXTCTRL_Pictures_FrameRateAdj=1.0,E_TEXTCTRL_Pictures_Speed=1.0</Effect>
    <Effect>E_CHECKBOX_Faces_Outline=1,E_CHOICE_Faces_Eyes=Auto,E_CHOICE_Faces_FaceDefinition=Singer,E_CHOICE_Faces_TimingTrack=Lyrics</Effect>
    <Effect>E_CHECKBOX_Fill_Color_Time=0,E_CHECKBOX_Fill_Offset_In_Pixels=1,E_CHECKBOX_Fill_Wrap=1,E_CHOICE_Fill_Direction=Left,E_SLIDER_Fill_Band_Size=0,E_SLIDER_Fill_Offset=0,E_SLIDER_Fill_Skip_Size=0,E_VALUECURVE_Fill_Band_Size=Active=FALSE|,E_VALUECURVE_Fill_Offset=Active=FALSE|,E_VALUECURVE_Fill_Position=Active=TRUE|Id=ID_VALUECURVE_Fill_Position|Type=Ramp Up/Down|Min=0.00|Max=100.00|P2=100|,E_VALUECURVE_Fill_Skip_Size=Active=FALSE|</Effect>
    <Effect>E_CHECKBOX_Fill_Color_Time=0,E_CHECKBOX_Fill_Offset_In_Pixels=1,E_CHECKBOX_Fill_Wrap=1,E_CHOICE_Fill_Direction=Right,E_SLIDER_Fill_Band_Size=0,E_SLIDER_Fill_Offset=0,E_SLIDER_Fill_Skip_Size=0,E_VALUECURVE_Fill_Band_Size=Active=FALSE|,E_VALUECURVE_Fill_Offset=Active=FALSE|,E_VALUECURVE_Fill_Position=Active=TRUE|Id=ID_VALUECURVE_Fill_Position|Type=Ramp Up/Down|Min=0.00|Max=100.00|P2=100|,E_VALUECURVE_Fill_Skip_Size=Active=FALSE|</Effect>
    <Effect>E_CHECKBOX_Pictures_PixelOffsets=0,E_CHECKBOX_Pictures_ScaleToFit=1,E_CHECKBOX_Pictures_Shimmer=0,E_CHECKBOX_Pictures_WrapX=0,E_CHOICE_Pictures_Direction=none,E_FILEPICKER_Pictures_Filename=/home/cjd/Owncloud/Lights/Media/Pokemon/pikachu_dancing.gif,E_SLIDER_PicturesXC=0,E_SLIDER_PicturesYC=-20,E_SLIDER_Pictures_EndScale=60,E_SLIDER_Pictures_StartScale=60,E_TEXTCTRL_Pictures_FrameRateAdj=1.0,E_TEXTCTRL_Pictures_Speed=1.0</Effect>
    <Effect>B_CHOICE_BufferStyle=Per Preview,E_CHECKBOX_Pictures_PixelOffsets=0,E_CHECKBOX_Pictures_ScaleToFit=1,E_CHECKBOX_Pictures_Shimmer=0,E_CHECKBOX_Pictures_WrapX=0,E_CHOICE_Pictures_Direction=none,E_FILEPICKER_Pictures_Filename=/home/cjd/Owncloud/Lights/Media/Pokemon/pokeball.gif,E_SLIDER_PicturesXC=0,E_SLIDER_PicturesYC=-20,E_SLIDER_Pictures_EndScale=585,E_SLIDER_Pictures_StartScale=419,E_TEXTCTRL_Pictures_FrameRateAdj=1.0,E_TEXTCTRL_Pictures_Speed=1.0</Effect>
    <Effect>B_CHOICE_BufferStyle=Per Preview,E_CHECKBOX_Pictures_PixelOffsets=0,E_CHECKBOX_Pictures_ScaleToFit=1,E_CHECKBOX_Pictures_Shimmer=0,E_CHECKBOX_Pictures_WrapX=0,E_CHOICE_Pictures_Direction=none,E_FILEPICKER_Pictures_Filename=/home/cjd/Owncloud/Lights/Media/Pokemon/globe.png,E_SLIDER_PicturesXC=0,E_SLIDER_PicturesYC=-20,E_SLIDER_Pictures_EndScale=460,E_SLIDER_Pictures_StartScale=477,E_TEXTCTRL_Pictures_FrameRateAdj=1.0,E_TEXTCTRL_Pictures_Speed=1.0</Effect>
    <Effect>B_CHOICE_BufferStyle=Per Preview,E_CHECKBOX_Pictures_PixelOffsets=0,E_CHECKBOX_Pictures_ScaleToFit=1,E_CHECKBOX_Pictures_Shimmer=0,E_CHECKBOX_Pictures_WrapX=0,E_CHOICE_Pictures_Direction=none,E_FILEPICKER_Pictures_Filename=/home/cjd/Owncloud/Lights/Media/Pokemon/purple_pokemon.png,E_SLIDER_PicturesXC=0,E_SLIDER_PicturesYC=-20,E_SLIDER_Pictures_EndScale=644,E_SLIDER_Pictures_StartScale=641,E_TEXTCTRL_Pictures_FrameRateAdj=1.0,E_TEXTCTRL_Pictures_Speed=1.0</Effect>
  </EffectDB>
  <DataLayers>
    <DataLayer lor_params="0" channel_offset="0" num_channels="0" num_frames="0" data="&lt;rendered: erase-mode&gt;" source="&lt;auto-generated&gt;" name="Nutcracker"/>
  </DataLayers>
  <DisplayElements>
    <Element collapsed="0" type="timing" name="Lyrics" visible="1" views="" active="1"/>
    <Element collapsed="0" type="timing" name="Bars" visible="1" views="" active="0"/>
    <Element collapsed="0" type="timing" name="Lines" visible="1" views="" active="0"/>
    <Element collapsed="0" type="timing" name="Beats" visible="1" views="" active="0"/>
    <Element collapsed="0" type="model" name="Group - RGB" visible="1"/>
    <Element collapsed="0" type="model" name="Group - AC" visible="1"/>
    <Element collapsed="0" type="model" name="Group - Mini Trees" visible="1"/>
    <Element collapsed="0" type="model" name="Group - Roof" visible="1"/>
    <Element collapsed="0" type="model" name="Group - Stars" visible="1"/>
    <Element collapsed="0" type="model" name="Megatree" visible="1"/>
    <Element collapsed="0" type="model" name="Singing_Tree" visible="1"/>
    <Element collapsed="0" type="model" name="Arches" visible="1"/>
    <Element collapsed="0" type="model" name="Big Star" visible="0"/>
    <Element collapsed="0" type="model" name="Tree - Spiral Star" visible="0"/>
    <Element collapsed="0" type="model" name="Shirt Matrix" visible="1"/>
  </DisplayElements>
  <ElementEffects>
    <Element type="timing" name="Lyrics">
      <EffectLayer>
        <Effect label="I wanna be the very best" startTime="7500" endTime="10250"></Effect>
        <Effect label="Like no one ever was" startTime="10250" endTime="13750"></Effect>
        <Effect label="To catch them is my real test" startTime="13750" endTime="16850"></Effect>
        <Effect label="To train them is my cause" startTime="16850" endTime="19550"></Effect>
        <Effect label="I will travel across the land" startTime="20800" endTime="23100"></Effect>
        <Effect label="Searching far and wide" startTime="23900" endTime="26000"></Effect>
        <Effect label="Each Pokey mon to understand" startTime="27050" endTime="30000"></Effect>
        <Effect label="The power that's inside" startTime="30000" endTime="33200"></Effect>
        <Effect label="Pokey mon, gotta catch 'em all" startTime="33200" endTime="35200"></Effect>
        <Effect label="Its you and me" startTime="35200" endTime="36700"></Effect>
        <Effect label="I know it's my destiny" startTime="37400" endTime="39750"></Effect>
        <Effect label="Pokey mon, oh, you're my best friend" startTime="39750" endTime="43250"></Effect>
        <Effect label="In a world we must defend" startTime="43250" endTime="46200"></Effect>
        <Effect label="Pokey mon, gotta catch 'em all" startTime="46200" endTime="48550"></Effect>
        <Effect label="A heart so true" startTime="48550" endTime="50350"></Effect>
        <Effect label="Our courage will pull us through" startTime="50700" endTime="53150"></Effect>
        <Effect label="You teach me and I'll teach you" startTime="53500" endTime="56450"></Effect>
        <Effect label="Pokey mon, gotta catch 'em all" startTime="56750" endTime="60550"></Effect>
        <Effect label="Gotta catch 'em all" startTime="60550" endTime="63000"></Effect>
        <Effect label="Yeah" startTime="64750" endTime="66550"></Effect>
      </EffectLayer>
      <EffectLayer>
        <Effect label="I" startTime="7500" endTime="7650"></Effect>
        <Effect label="wanna" startTime="7650" endTime="8000"></Effect>
        <Effect label="be" startTime="8000" endTime="8600"></Effect>
        <Effect label="the" startTime="8600" endTime="8800"></Effect>
        <Effect label="very" startTime="8800" endTime="9400"></Effect>
        <Effect label="best" startTime="9400" endTime="9850"></Effect>
        <Effect label="Like" startTime="10250" endTime="10550"></Effect>
        <Effect label="no" startTime="10550" endTime="10850"></Effect>
        <Effect label="one" startTime="10850" endTime="11250"></Effect>
        <Effect label="ever" startTime="11250" endTime="11700"></Effect>
        <Effect label="was" startTime="11700" endTime="12500"></Effect>
        <Effect label="To" startTime="13750" endTime="14200"></Effect>
        <Effect label="catch" startTime="14200" endTime="14650"></Effect>
        <Effect label="them" startTime="14650" endTime="15000"></Effect>
        <Effect label="is" startTime="15000" endTime="15250"></Effect>
        <Effect label="my" startTime="15250" endTime="15600"></Effect>
        <Effect label="real" startTime="15600" endTime="16000"></Effect>
        <Effect label="test" startTime="16000" endTime="16450"></Effect>
        <Effect label="To" startTime="16850" endTime="17100"></Effect>
        <Effect label="train" startTime="17100" endTime="17450"></Effect>
        <Effect label="them" startTime="17450" endTime="17750"></Effect>
        <Effect label="is" startTime="17750" endTime="18000"></Effect>
        <Effect label="my" startTime="18000" endTime="18350"></Effect>
        <Effect label="cause" startTime="18350" endTime="19550"></Effect>
        <Effect label="I" startTime="20800" endTime="21000"></Effect>
        <Effect label="will" startTime="21000" endTime="21250"></Effect>
        <Effect label="travel" startTime="21250" endTime="21850"></Effect>
        <Effect label="across" startTime="21850" endTime="22450"></Effect>
        <Effect label="the" startTime="22450" endTime="22700"></Effect>
        <Effect label="land" startTime="22700" endTime="23100"></Effect>
        <Effect label="Searching" startTime="23900" endTime="24550"></Effect>
        <Effect label="far" startTime="24550" endTime="24950"></Effect>
        <Effect label="and" startTime="24950" endTime="25200"></Effect>
        <Effect label="wide" startTime="25200" endTime="26000"></Effect>
        <Effect label="Each" startTime="27050" endTime="27450"></Effect>
        <Effect label="Pokey" startTime="27450" endTime="27850"></Effect>
        <Effect label="mon" startTime="27850" endTime="28400"></Effect>
        <Effect label="to" startTime="28400" endTime="28650"></Effect>
        <Effect label="understand" startTime="28650" endTime="30000"></Effect>
        <Effect label="The" startTime="30000" endTime="30250"></Effect>
        <Effect label="power" startTime="30250" endTime="30950"></Effect>
        <Effect label="that's" startTime="30950" endTime="31450"></Effect>
        <Effect label="inside" startTime="31450" endTime="33200"></Effect>
        <Effect label="Pokey" startTime="33200" endTime="33550"></Effect>
        <Effect label="mon," startTime="33550" endTime="34050"></Effect>
        <Effect label="gotta" startTime="34050" endTime="34500"></Effect>
        <Effect label="catch" startTime="34500" endTime="34750"></Effect>
        <Effect label="'em" startTime="34750" endTime="34950"></Effect>
        <Effect label="all" startTime="34950" endTime="35200"></Effect>
        <Effect label="Its" startTime="35200" endTime="35500"></Effect>
        <Effect label="you" startTime="35500" endTime="35750"></Effect>
        <Effect label="and" startTime="35750" endTime="35950"></Effect>
        <Effect label="me" startTime="35950" endTime="36700"></Effect>
        <Effect label="I" startTime="37400" endTime="37850"></Effect>
        <Effect label="know" startTime="37850" endTime="38150"></Effect>
        <Effect label="it's" startTime="38150" endTime="38400"></Effect>
        <Effect label="my" startTime="38400" endTime="38600"></Effect>
        <Effect label="destiny" startTime="38600" endTime="39750"></Effect>
        <Effect label="Pokey" startTime="39750" endTime="40050"></Effect>
        <Effect label="mon," startTime="40050" endTime="40650"></Effect>
        <Effect label="oh," startTime="40650" endTime="41750"></Effect>
        <Effect label="you're" startTime="41750" endTime="41950"></Effect>
        <Effect label="my" startTime="41950" endTime="42200"></Effect>
        <Effect label="best" startTime="42200" endTime="42500"></Effect>
        <Effect label="friend" startTime="42500" endTime="43250"></Effect>
        <Effect label="In" startTime="43250" endTime="43450"></Effect>
        <Effect label="a" startTime="43450" endTime="43550"></Effect>
        <Effect label="world" startTime="43550" endTime="44000"></Effect>
        <Effect label="we" startTime="44000" endTime="44200"></Effect>
        <Effect label="must" startTime="44200" endTime="44550"></Effect>
        <Effect label="defend" startTime="44550" endTime="46200"></Effect>
        <Effect label="Pokey" startTime="46200" endTime="46650"></Effect>
        <Effect label="mon," startTime="46650" endTime="47300"></Effect>
        <Effect label="gotta" startTime="47300" endTime="47650"></Effect>
        <Effect label="catch" startTime="47650" endTime="47900"></Effect>
        <Effect label="'em" startTime="47900" endTime="48300"></Effect>
        <Effect label="all" startTime="48300" endTime="48550"></Effect>
        <Effect label="A" startTime="48550" endTime="48650"></Effect>
        <Effect label="heart" startTime="48650" endTime="48800"></Effect>
        <Effect label="so" startTime="48800" endTime="49200"></Effect>
        <Effect label="true" startTime="49200" endTime="50350"></Effect>
        <Effect label="Our" startTime="50700" endTime="50950"></Effect>
        <Effect label="courage" startTime="50950" endTime="51400"></Effect>
        <Effect label="will" startTime="51400" endTime="51650"></Effect>
        <Effect label="pull" startTime="51650" endTime="52050"></Effect>
        <Effect label="us" startTime="52050" endTime="52500"></Effect>
        <Effect label="through" startTime="52500" endTime="53150"></Effect>
        <Effect label="You" startTime="53500" endTime="53800"></Effect>
        <Effect label="teach" startTime="53800" endTime="54200"></Effect>
        <Effect label="me" startTime="54200" endTime="54600"></Effect>
        <Effect label="and" startTime="54600" endTime="55200"></Effect>
        <Effect label="I'll" startTime="55200" endTime="55500"></Effect>
        <Effect label="teach" startTime="55500" endTime="55800"></Effect>
        <Effect label="you" startTime="55800" endTime="56450"></Effect>
        <Effect label="Pokey" startTime="56750" endTime="58050"></Effect>
        <Effect label="mon," startTime="58050" endTime="59300"></Effect>
        <Effect label="gotta" startTime="59300" endTime="59500"></Effect>
        <Effect label="catch" startTime="59500" endTime="59750"></Effect>
        <Effect label="'em" startTime="59750" endTime="59900"></Effect>
        <Effect label="all" startTime="59900" endTime="60550"></Effect>
        <Effect label="Gotta" startTime="60550" endTime="60950"></Effect>
        <Effect label="catch" startTime="60950" endTime="61200"></Effect>
        <Effect label="'em" startTime="61200" endTime="61550"></Effect>
        <Effect label="all" startTime="61550" endTime="63000"></Effect>
        <Effect label="Yeah" startTime="64750" endTime="66550"></Effect>
      </EffectLayer>
      <EffectLayer>
        <Effect label="AI" startTime="7500" endTime="7650"></Effect>
        <Effect label="WQ" startTime="7650" endTime="7750"></Effect>
        <Effect label="AI" startTime="7750" endTime="7800"></Effect>
        <Effect label="etc" startTime="7800" endTime="7900"></Effect>
        <Effect label="AI" startTime="7900" endTime="8000"></Effect>
        <Effect label="MBP" startTime="8000" endTime="8050"></Effect>
        <Effect label="E" startTime="8050" endTime="8600"></Effect>
        <Effect label="etc" startTime="8600" endTime="8700"></Effect>
        <Effect label="AI" startTime="8700" endTime="8800"></Effect>
        <Effect label="FV" startTime="8800" endTime="8950"></Effect>
        <Effect label="E" startTime="8950" endTime="9100"></Effect>
        <Effect label="etc" startTime="9100" endTime="9250"></Effect>
        <Effect label="E" startTime="9250" endTime="9400"></Effect>
        <Effect label="MBP" startTime="9400" endTime="9500"></Effect>
        <Effect label="E" startTime="9500" endTime="9600"></Effect>
        <Effect label="etc" startTime="9600" endTime="9750"></Effect>
        <Effect label="etc" startTime="9750" endTime="9850"></Effect>
        <Effect label="L" startTime="10250" endTime="10350"></Effect>
        <Effect label="AI" startTime="10350" endTime="10450"></Effect>
        <Effect label="etc" startTime="10450" endTime="10550"></Effect>
        <Effect label="etc" startTime="10550" endTime="10700"></Effect>
        <Effect label="O" startTime="10700" endTime="10850"></Effect>
        <Effect label="WQ" startTime="10850" endTime="11000"></Effect>
        <Effect label="AI" startTime="11000" endTime="11100"></Effect>
        <Effect label="etc" startTime="11100" endTime="11250"></Effect>
        <Effect label="E" startTime="11250" endTime="11400"></Effect>
        <Effect label="FV" startTime="11400" endTime="11550"></Effect>
        <Effect label="E" startTime="11550" endTime="11700"></Effect>
        <Effect label="WQ" startTime="11700" endTime="11750"></Effect>
        <Effect label="AI" startTime="11750" endTime="12450"></Effect>
        <Effect label="etc" startTime="12450" endTime="12500"></Effect>
        <Effect label="etc" startTime="13750" endTime="14000"></Effect>
        <Effect label="U" startTime="14000" endTime="14200"></Effect>
        <Effect label="etc" startTime="14200" endTime="14350"></Effect>
        <Effect label="AI" startTime="14350" endTime="14500"></Effect>
        <Effect label="etc" startTime="14500" endTime="14650"></Effect>
        <Effect label="etc" startTime="14650" endTime="14750"></Effect>
        <Effect label="E" startTime="14750" endTime="14900"></Effect>
        <Effect label="MBP" startTime="14900" endTime="15000"></Effect>
        <Effect label="AI" startTime="15000" endTime="15150"></Effect>
        <Effect label="etc" startTime="15150" endTime="15250"></Effect>
        <Effect label="MBP" startTime="15250" endTime="15450"></Effect>
        <Effect label="AI" startTime="15450" endTime="15600"></Effect>
        <Effect label="etc" startTime="15600" endTime="15750"></Effect>
        <Effect label="E" startTime="15750" endTime="15850"></Effect>
        <Effect label="L" startTime="15850" endTime="16000"></Effect>
        <Effect label="etc" startTime="16000" endTime="16100"></Effect>
        <Effect label="E" startTime="16100" endTime="16200"></Effect>
        <Effect label="etc" startTime="16200" endTime="16350"></Effect>
        <Effect label="etc" startTime="16350" endTime="16450"></Effect>
        <Effect label="etc" startTime="16850" endTime="17000"></Effect>
        <Effect label="U" startTime="17000" endTime="17100"></Effect>
        <Effect label="etc" startTime="17100" endTime="17200"></Effect>
        <Effect label="etc" startTime="17200" endTime="17250"></Effect>
        <Effect label="E" startTime="17250" endTime="17350"></Effect>
        <Effect label="etc" startTime="17350" endTime="17450"></Effect>
        <Effect label="etc" startTime="17450" endTime="17550"></Effect>
        <Effect label="E" startTime="17550" endTime="17650"></Effect>
        <Effect label="MBP" startTime="17650" endTime="17750"></Effect>
        <Effect label="AI" startTime="17750" endTime="17900"></Effect>
        <Effect label="etc" startTime="17900" endTime="18000"></Effect>
        <Effect label="MBP" startTime="18000" endTime="18200"></Effect>
        <Effect label="AI" startTime="18200" endTime="18350"></Effect>
        <Effect label="etc" startTime="18350" endTime="18450"></Effect>
        <Effect label="AI" startTime="18450" endTime="19500"></Effect>
        <Effect label="etc" startTime="19500" endTime="19550"></Effect>
        <Effect label="AI" startTime="20800" endTime="21000"></Effect>
        <Effect label="WQ" startTime="21000" endTime="21100"></Effect>
        <Effect label="AI" startTime="21100" endTime="21150"></Effect>
        <Effect label="L" startTime="21150" endTime="21250"></Effect>
        <Effect label="etc" startTime="21250" endTime="21350"></Effect>
        <Effect label="etc" startTime="21350" endTime="21450"></Effect>
        <Effect label="AI" startTime="21450" endTime="21550"></Effect>
        <Effect label="FV" startTime="21550" endTime="21650"></Effect>
        <Effect label="AI" startTime="21650" endTime="21750"></Effect>
        <Effect label="L" startTime="21750" endTime="21850"></Effect>
        <Effect label="AI" startTime="21850" endTime="21950"></Effect>
        <Effect label="etc" startTime="21950" endTime="22100"></Effect>
        <Effect label="etc" startTime="22100" endTime="22200"></Effect>
        <Effect label="O" startTime="22200" endTime="22350"></Effect>
        <Effect label="etc" startTime="22350" endTime="22450"></Effect>
        <Effect label="etc" startTime="22450" endTime="22550"></Effect>
        <Effect label="AI" startTime="22550" endTime="22700"></Effect>
        <Effect label="L" startTime="22700" endTime="22800"></Effect>
        <Effect label="AI" startTime="22800" endTime="22900"></Effect>
        <Effect label="etc" startTime="22900" endTime="23000"></Effect>
        <Effect label="etc" startTime="23000" endTime="23100"></Effect>
        <Effect label="etc" startTime="23900" endTime="24050"></Effect>
        <Effect label="E" startTime="24050" endTime="24150"></Effect>
        <Effect label="etc" startTime="24150" endTime="24300"></Effect>
        <Effect label="AI" startTime="24300" endTime="24400"></Effect>
        <Effect label="etc" startTime="24400" endTime="24550"></Effect>
        <Effect label="FV" startTime="24550" endTime="24700"></Effect>
        <Effect label="AI" startTime="24700" endTime="24800"></Effect>
        <Effect label="etc" startTime="24800" endTime="24950"></Effect>
        <Effect label="AI" startTime="24950" endTime="25050"></Effect>
        <Effect label="etc" startTime="25050" endTime="25100"></Effect>
        <Effect label="etc" startTime="25100" endTime="25200"></Effect>
        <Effect label="WQ" startTime="25200" endTime="25250"></Effect>
        <Effect label="AI" startTime="25250" endTime="25900"></Effect>
        <Effect label="etc" startTime="25900" endTime="26000"></Effect>
        <Effect label="E" startTime="27050" endTime="27250"></Effect>
        <Effect label="etc" startTime="27250" endTime="27450"></Effect>
        <Effect label="MBP" startTime="27450" endTime="27550"></Effect>
        <Effect label="O" startTime="27550" endTime="27650"></Effect>
        <Effect label="etc" startTime="27650" endTime="27750"></Effect>
        <Effect label="E" startTime="27750" endTime="27850"></Effect>
        <Effect label="MBP" startTime="27850" endTime="28050"></Effect>
        <Effect label="O" startTime="28050" endTime="28200"></Effect>
        <Effect label="etc" startTime="28200" endTime="28400"></Effect>
        <Effect label="etc" startTime="28400" endTime="28500"></Effect>
        <Effect label="U" startTime="28500" endTime="28650"></Effect>
        <Effect label="AI" startTime="28650" endTime="28800"></Effect>
        <Effect label="etc" startTime="28800" endTime="28950"></Effect>
        <Effect label="etc" startTime="28950" endTime="29100"></Effect>
        <Effect label="E" startTime="29100" endTime="29250"></Effect>
        <Effect label="etc" startTime="29250" endTime="29400"></Effect>
        <Effect label="etc" startTime="29400" endTime="29550"></Effect>
        <Effect label="AI" startTime="29550" endTime="29700"></Effect>
        <Effect label="etc" startTime="29700" endTime="29850"></Effect>
        <Effect label="etc" startTime="29850" endTime="30000"></Effect>
        <Effect label="etc" startTime="30000" endTime="30150"></Effect>
        <Effect label="AI" startTime="30150" endTime="30250"></Effect>
        <Effect label="MBP" startTime="30250" endTime="30350"></Effect>
        <Effect label="O" startTime="30350" endTime="30700"></Effect>
        <Effect label="E" startTime="30700" endTime="30950"></Effect>
        <Effect label="etc" startTime="30950" endTime="31100"></Effect>
        <Effect label="AI" startTime="31100" endTime="31200"></Effect>
        <Effect label="etc" startTime="31200" endTime="31350"></Effect>
        <Effect label="etc" startTime="31350" endTime="31450"></Effect>
        <Effect label="AI" startTime="31450" endTime="31500"></Effect>
        <Effect label="etc" startTime="31500" endTime="31600"></Effect>
        <Effect label="etc" startTime="31600" endTime="31700"></Effect>
        <Effect label="AI" startTime="31700" endTime="33050"></Effect>
        <Effect label="etc" startTime="33050" endTime="33200"></Effect>
        <Effect label="AI" startTime="35200" endTime="35300"></Effect>
        <Effect label="etc" startTime="35300" endTime="35400"></Effect>
        <Effect label="etc" startTime="35400" endTime="35500"></Effect>
        <Effect label="etc" startTime="35500" endTime="35650"></Effect>
        <Effect label="U" startTime="35650" endTime="35750"></Effect>
        <Effect label="AI" startTime="35750" endTime="35800"></Effect>
        <Effect label="etc" startTime="35800" endTime="35900"></Effect>
        <Effect label="etc" startTime="35900" endTime="35950"></Effect>
        <Effect label="MBP" startTime="35950" endTime="36050"></Effect>
        <Effect label="E" startTime="36050" endTime="36700"></Effect>
        <Effect label="AI" startTime="37400" endTime="37850"></Effect>
        <Effect label="etc" startTime="37850" endTime="38000"></Effect>
        <Effect label="O" startTime="38000" endTime="38150"></Effect>
        <Effect label="AI" startTime="38150" endTime="38250"></Effect>
        <Effect label="etc" startTime="38250" endTime="38300"></Effect>
        <Effect label="etc" startTime="38300" endTime="38400"></Effect>
        <Effect label="MBP" startTime="38400" endTime="38500"></Effect>
        <Effect label="AI" startTime="38500" endTime="38600"></Effect>
        <Effect label="etc" startTime="38600" endTime="38750"></Effect>
        <Effect label="E" startTime="38750" endTime="38950"></Effect>
        <Effect label="etc" startTime="38950" endTime="39100"></Effect>
        <Effect label="etc" startTime="39100" endTime="39250"></Effect>
        <Effect label="AI" startTime="39250" endTime="39400"></Effect>
        <Effect label="etc" startTime="39400" endTime="39600"></Effect>
        <Effect label="E" startTime="39600" endTime="39750"></Effect>
        <Effect label="MBP" startTime="39750" endTime="39850"></Effect>
        <Effect label="O" startTime="39850" endTime="39900"></Effect>
        <Effect label="etc" startTime="39900" endTime="40000"></Effect>
        <Effect label="E" startTime="40000" endTime="40050"></Effect>
        <Effect label="MBP" startTime="40050" endTime="40150"></Effect>
        <Effect label="O" startTime="40150" endTime="40600"></Effect>
        <Effect label="etc" startTime="40600" endTime="40650"></Effect>
        <Effect label="O" startTime="40650" endTime="41750"></Effect>
        <Effect label="etc" startTime="41750" endTime="41800"></Effect>
        <Effect label="U" startTime="41800" endTime="41900"></Effect>
        <Effect label="etc" startTime="41900" endTime="41950"></Effect>
        <Effect label="MBP" startTime="41950" endTime="42100"></Effect>
        <Effect label="AI" startTime="42100" endTime="42200"></Effect>
        <Effect label="MBP" startTime="42200" endTime="42250"></Effect>
        <Effect label="E" startTime="42250" endTime="42350"></Effect>
        <Effect label="etc" startTime="42350" endTime="42400"></Effect>
        <Effect label="etc" startTime="42400" endTime="42500"></Effect>
        <Effect label="FV" startTime="42500" endTime="42650"></Effect>
        <Effect label="etc" startTime="42650" endTime="42800"></Effect>
        <Effect label="E" startTime="42800" endTime="42950"></Effect>
        <Effect label="etc" startTime="42950" endTime="43100"></Effect>
        <Effect label="etc" startTime="43100" endTime="43250"></Effect>
        <Effect label="AI" startTime="43250" endTime="43350"></Effect>
        <Effect label="etc" startTime="43350" endTime="43450"></Effect>
        <Effect label="WQ" startTime="43550" endTime="43650"></Effect>
        <Effect label="E" startTime="43650" endTime="43750"></Effect>
        <Effect label="L" startTime="43750" endTime="43900"></Effect>
        <Effect label="etc" startTime="43900" endTime="44000"></Effect>
        <Effect label="WQ" startTime="44000" endTime="44100"></Effect>
        <Effect label="E" startTime="44100" endTime="44200"></Effect>
        <Effect label="MBP" startTime="44200" endTime="44300"></Effect>
        <Effect label="AI" startTime="44300" endTime="44350"></Effect>
        <Effect label="etc" startTime="44350" endTime="44450"></Effect>
        <Effect label="etc" startTime="44450" endTime="44550"></Effect>
        <Effect label="etc" startTime="44550" endTime="44600"></Effect>
        <Effect label="AI" startTime="44600" endTime="44800"></Effect>
        <Effect label="FV" startTime="44800" endTime="44900"></Effect>
        <Effect label="E" startTime="44900" endTime="46050"></Effect>
        <Effect label="etc" startTime="46050" endTime="46150"></Effect>
        <Effect label="etc" startTime="46150" endTime="46200"></Effect>
        <Effect label="MBP" startTime="46200" endTime="46300"></Effect>
        <Effect label="O" startTime="46300" endTime="46400"></Effect>
        <Effect label="etc" startTime="46400" endTime="46550"></Effect>
        <Effect label="E" startTime="46550" endTime="46650"></Effect>
        <Effect label="MBP" startTime="46650" endTime="46700"></Effect>
        <Effect label="O" startTime="46700" endTime="47250"></Effect>
        <Effect label="etc" startTime="47250" endTime="47300"></Effect>
        <Effect label="etc" startTime="47300" endTime="47400"></Effect>
        <Effect label="AI" startTime="47400" endTime="47450"></Effect>
        <Effect label="etc" startTime="47450" endTime="47550"></Effect>
        <Effect label="AI" startTime="47550" endTime="47650"></Effect>
        <Effect label="etc" startTime="47650" endTime="47750"></Effect>
        <Effect label="AI" startTime="47750" endTime="47800"></Effect>
        <Effect label="etc" startTime="47800" endTime="47900"></Effect>
        <Effect label="AI" startTime="47900" endTime="48100"></Effect>
        <Effect label="MBP" startTime="48100" endTime="48300"></Effect>
        <Effect label="O" startTime="48300" endTime="48400"></Effect>
        <Effect label="L" startTime="48400" endTime="48550"></Effect>
        <Effect label="AI" startTime="48550" endTime="48650"></Effect>
        <Effect label="etc" startTime="48650" endTime="48700"></Effect>
        <Effect label="AI" startTime="48700" endTime="48700"></Effect>
        <Effect label="etc" startTime="48700" endTime="48750"></Effect>
        <Effect label="etc" startTime="48750" endTime="48800"></Effect>
        <Effect label="etc" startTime="48800" endTime="48850"></Effect>
        <Effect label="O" startTime="48850" endTime="49200"></Effect>
        <Effect label="etc" startTime="49200" endTime="49250"></Effect>
        <Effect label="etc" startTime="49250" endTime="49350"></Effect>
        <Effect label="U" startTime="49350" endTime="50350"></Effect>
        <Effect label="O" startTime="50700" endTime="50850"></Effect>
        <Effect label="E" startTime="50850" endTime="50950"></Effect>
        <Effect label="etc" startTime="50950" endTime="51050"></Effect>
        <Effect label="E" startTime="51050" endTime="51150"></Effect>
        <Effect label="AI" startTime="51150" endTime="51300"></Effect>
        <Effect label="etc" startTime="51300" endTime="51400"></Effect>
        <Effect label="WQ" startTime="51400" endTime="51500"></Effect>
        <Effect label="AI" startTime="51500" endTime="51550"></Effect>
        <Effect label="L" startTime="51550" endTime="51650"></Effect>
        <Effect label="MBP" startTime="51650" endTime="51800"></Effect>
        <Effect label="U" startTime="51800" endTime="51900"></Effect>
        <Effect label="L" startTime="51900" endTime="52050"></Effect>
        <Effect label="AI" startTime="52050" endTime="52450"></Effect>
        <Effect label="etc" startTime="52450" endTime="52500"></Effect>
        <Effect label="etc" startTime="52500" endTime="52550"></Effect>
        <Effect label="etc" startTime="52550" endTime="52600"></Effect>
        <Effect label="U" startTime="52600" endTime="53150"></Effect>
        <Effect label="etc" startTime="53500" endTime="53650"></Effect>
        <Effect label="U" startTime="53650" endTime="53800"></Effect>
        <Effect label="etc" startTime="53800" endTime="53950"></Effect>
        <Effect label="E" startTime="53950" endTime="54050"></Effect>
        <Effect label="etc" startTime="54050" endTime="54200"></Effect>
        <Effect label="MBP" startTime="54200" endTime="54400"></Effect>
        <Effect label="E" startTime="54400" endTime="54600"></Effect>
        <Effect label="AI" startTime="54600" endTime="54800"></Effect>
        <Effect label="etc" startTime="54800" endTime="55000"></Effect>
        <Effect label="etc" startTime="55000" endTime="55200"></Effect>
        <Effect label="AI" startTime="55200" endTime="55350"></Effect>
        <Effect label="L" startTime="55350" endTime="55500"></Effect>
        <Effect label="etc" startTime="55500" endTime="55600"></Effect>
        <Effect label="E" startTime="55600" endTime="55700"></Effect>
        <Effect label="etc" startTime="55700" endTime="55800"></Effect>
        <Effect label="etc" startTime="55800" endTime="56400"></Effect>
        <Effect label="U" startTime="56400" endTime="56450"></Effect>
        <Effect label="MBP" startTime="56750" endTime="56850"></Effect>
        <Effect label="O" startTime="56850" endTime="57400"></Effect>
        <Effect label="etc" startTime="57400" endTime="57450"></Effect>
        <Effect label="E" startTime="57450" endTime="58050"></Effect>
        <Effect label="MBP" startTime="58050" endTime="58200"></Effect>
        <Effect label="O" startTime="58200" endTime="59250"></Effect>
        <Effect label="etc" startTime="59250" endTime="59300"></Effect>
        <Effect label="etc" startTime="59300" endTime="59350"></Effect>
        <Effect label="AI" startTime="59350" endTime="59400"></Effect>
        <Effect label="etc" startTime="59400" endTime="59450"></Effect>
        <Effect label="AI" startTime="59450" endTime="59500"></Effect>
        <Effect label="etc" startTime="59500" endTime="59600"></Effect>
        <Effect label="AI" startTime="59600" endTime="59650"></Effect>
        <Effect label="etc" startTime="59650" endTime="59750"></Effect>
        <Effect label="AI" startTime="59750" endTime="59850"></Effect>
        <Effect label="MBP" startTime="59850" endTime="59900"></Effect>
        <Effect label="O" startTime="59900" endTime="60500"></Effect>
        <Effect label="L" startTime="60500" endTime="60550"></Effect>
        <Effect label="etc" startTime="60550" endTime="60650"></Effect>
        <Effect label="AI" startTime="60650" endTime="60750"></Effect>
        <Effect label="etc" startTime="60750" endTime="60850"></Effect>
        <Effect label="AI" startTime="60850" endTime="60950"></Effect>
        <Effect label="etc" startTime="60950" endTime="61050"></Effect>
        <Effect label="AI" startTime="61050" endTime="61100"></Effect>
        <Effect label="etc" startTime="61100" endTime="61200"></Effect>
        <Effect label="AI" startTime="61200" endTime="61400"></Effect>
        <Effect label="MBP" startTime="61400" endTime="61550"></Effect>
        <Effect label="O" startTime="61550" endTime="62950"></Effect>
        <Effect label="L" startTime="62950" endTime="63000"></Effect>
        <Effect label="etc" startTime="64750" endTime="66350"></Effect>
        <Effect label="AI" startTime="66350" endTime="66550"></Effect>
      </EffectLayer>
    </Element>
    <Element type="timing" name="Bars">
      <EffectLayer>
        <Effect label="1" startTime="600" endTime="2200"></Effect>
        <Effect label="2" startTime="2200" endTime="3850"></Effect>
        <Effect label="3" startTime="3850" endTime="5500"></Effect>
        <Effect label="4" startTime="5500" endTime="7150"></Effect>
        <Effect label="5" startTime="7150" endTime="8800"></Effect>
        <Effect label="6" startTime="8800" endTime="10450"></Effect>
        <Effect label="7" startTime="10450" endTime="12150"></Effect>
        <Effect label="8" startTime="12150" endTime="13800"></Effect>
        <Effect label="9" startTime="13800" endTime="15450"></Effect>
        <Effect label="10" startTime="15450" endTime="17100"></Effect>
        <Effect label="11" startTime="17100" endTime="18750"></Effect>
        <Effect label="12" startTime="18750" endTime="20400"></Effect>
        <Effect label="13" startTime="20400" endTime="22050"></Effect>
        <Effect label="14" startTime="22050" endTime="23700"></Effect>
        <Effect label="15" startTime="23700" endTime="25400"></Effect>
        <Effect label="16" startTime="25400" endTime="27050"></Effect>
        <Effect label="17" startTime="27050" endTime="28700"></Effect>
        <Effect label="18" startTime="28700" endTime="30350"></Effect>
        <Effect label="19" startTime="30350" endTime="32000"></Effect>
        <Effect label="20" startTime="32000" endTime="33650"></Effect>
        <Effect label="21" startTime="33650" endTime="35300"></Effect>
        <Effect label="22" startTime="35300" endTime="36950"></Effect>
        <Effect label="23" startTime="36950" endTime="38600"></Effect>
        <Effect label="24" startTime="38600" endTime="40250"></Effect>
        <Effect label="25" startTime="40250" endTime="41900"></Effect>
        <Effect label="26" startTime="41900" endTime="43550"></Effect>
        <Effect label="27" startTime="43550" endTime="45250"></Effect>
        <Effect label="28" startTime="45250" endTime="46900"></Effect>
        <Effect label="29" startTime="46900" endTime="48550"></Effect>
        <Effect label="30" startTime="48550" endTime="50200"></Effect>
        <Effect label="31" startTime="50200" endTime="51850"></Effect>
        <Effect label="32" startTime="51850" endTime="53500"></Effect>
        <Effect label="33" startTime="53500" endTime="55150"></Effect>
        <Effect label="34" startTime="55150" endTime="56800"></Effect>
        <Effect label="35" startTime="56800" endTime="58450"></Effect>
        <Effect label="36" startTime="58450" endTime="60150"></Effect>
        <Effect label="37" startTime="60150" endTime="61800"></Effect>
        <Effect label="38" startTime="61800" endTime="63450"></Effect>
        <Effect label="39" startTime="63450" endTime="65100"></Effect>
        <Effect label="40" startTime="65100" endTime="65100"></Effect>
      </EffectLayer>
    </Element>
    <Element type="timing" name="Lines">
      <EffectLayer>
        <Effect label="" startTime="0" endTime="7500"></Effect>
        <Effect label="" startTime="7500" endTime="10250"></Effect>
        <Effect label="" startTime="10250" endTime="13750"></Effect>
        <Effect label="" startTime="13750" endTime="16850"></Effect>
        <Effect label="" startTime="16850" endTime="20800"></Effect>
        <Effect label="" startTime="20800" endTime="23900"></Effect>
        <Effect label="" startTime="23900" endTime="27050"></Effect>
        <Effect label="" startTime="27050" endTime="30000"></Effect>
        <Effect label="" startTime="30000" endTime="33200"></Effect>
        <Effect label="" startTime="33200" endTime="34900"></Effect>
        <Effect label="" startTime="34900" endTime="37400"></Effect>
        <Effect label="" startTime="37400" endTime="39800"></Effect>
        <Effect label="" startTime="39800" endTime="43250"></Effect>
        <Effect label="" startTime="43250" endTime="46150"></Effect>
        <Effect label="" startTime="46150" endTime="48550"></Effect>
        <Effect label="" startTime="48550" endTime="50700"></Effect>
        <Effect label="" startTime="50700" endTime="53500"></Effect>
        <Effect label="" startTime="53500" endTime="56750"></Effect>
        <Effect label="" startTime="56750" endTime="61450"></Effect>
        <Effect label="" startTime="61450" endTime="64750"></Effect>
        <Effect label="" startTime="64750" endTime="66300"></Effect>
      </EffectLayer>
    </Element>
    <Element type="timing" name="Beats">
      <EffectLayer>
        <Effect label="4" startTime="400" endTime="600"></Effect>
        <Effect label="1" startTime="600" endTime="1000"></Effect>
        <Effect label="2" startTime="1000" endTime="1400"></Effect>
        <Effect label="3" startTime="1400" endTime="1800"></Effect>
        <Effect label="4" startTime="1800" endTime="2200"></Effect>
        <Effect label="1" startTime="2200" endTime="2600"></Effect>
        <Effect label="2" startTime="2600" endTime="3000"></Effect>
        <Effect label="3" startTime="3000" endTime="3450"></Effect>
        <Effect label="4" startTime="3450" endTime="3850"></Effect>
        <Effect label="1" startTime="3850" endTime="4250"></Effect>
        <Effect label="2" startTime="4250" endTime="4700"></Effect>
        <Effect label="3" startTime="4700" endTime="5100"></Effect>
        <Effect label="4" startTime="5100" endTime="5500"></Effect>
        <Effect label="1" startTime="5500" endTime="5900"></Effect>
        <Effect label="2" startTime="5900" endTime="6350"></Effect>
        <Effect label="3" startTime="6350" endTime="6750"></Effect>
        <Effect label="4" startTime="6750" endTime="7150"></Effect>
        <Effect label="1" startTime="7150" endTime="7550"></Effect>
        <Effect label="2" startTime="7550" endTime="8000"></Effect>
        <Effect label="3" startTime="8000" endTime="8400"></Effect>
        <Effect label="4" startTime="8400" endTime="8800"></Effect>
        <Effect label="1" startTime="8800" endTime="9250"></Effect>
        <Effect label="2" startTime="9250" endTime="9650"></Effect>
        <Effect label="3" startTime="9650" endTime="10050"></Effect>
        <Effect label="4" startTime="10050" endTime="10450"></Effect>
        <Effect label="1" startTime="10450" endTime="10900"></Effect>
        <Effect label="2" startTime="10900" endTime="11300"></Effect>
        <Effect label="3" startTime="11300" endTime="11700"></Effect>
        <Effect label="4" startTime="11700" endTime="12150"></Effect>
        <Effect label="1" startTime="12150" endTime="12550"></Effect>
        <Effect label="2" startTime="12550" endTime="12950"></Effect>
        <Effect label="3" startTime="12950" endTime="13350"></Effect>
        <Effect label="4" startTime="13350" endTime="13800"></Effect>
        <Effect label="1" startTime="13800" endTime="14200"></Effect>
        <Effect label="2" startTime="14200" endTime="14600"></Effect>
        <Effect label="3" startTime="14600" endTime="15000"></Effect>
        <Effect label="4" startTime="15000" endTime="15450"></Effect>
        <Effect label="1" startTime="15450" endTime="15850"></Effect>
        <Effect label="2" startTime="15850" endTime="16250"></Effect>
        <Effect label="3" startTime="16250" endTime="16700"></Effect>
        <Effect label="4" startTime="16700" endTime="17100"></Effect>
        <Effect label="1" startTime="17100" endTime="17500"></Effect>
        <Effect label="2" startTime="17500" endTime="17900"></Effect>
        <Effect label="3" startTime="17900" endTime="18350"></Effect>
        <Effect label="4" startTime="18350" endTime="18750"></Effect>
        <Effect label="1" startTime="18750" endTime="19150"></Effect>
        <Effect label="2" startTime="19150" endTime="19550"></Effect>
        <Effect label="3" startTime="19550" endTime="20000"></Effect>
        <Effect label="4" startTime="20000" endTime="20400"></Effect>
        <Effect label="1" startTime="20400" endTime="20800"></Effect>
        <Effect label="2" startTime="20800" endTime="21250"></Effect>
        <Effect label="3" startTime="21250" endTime="21650"></Effect>
        <Effect label="4" startTime="21650" endTime="22050"></Effect>
        <Effect label="1" startTime="22050" endTime="22500"></Effect>
        <Effect label="2" startTime="22500" endTime="22900"></Effect>
        <Effect label="3" startTime="22900" endTime="23300"></Effect>
        <Effect label="4" startTime="23300" endTime="23700"></Effect>
        <Effect label="1" startTime="23700" endTime="24150"></Effect>
        <Effect label="2" startTime="24150" endTime="24550"></Effect>
        <Effect label="3" startTime="24550" endTime="24950"></Effect>
        <Effect label="4" startTime="24950" endTime="25400"></Effect>
        <Effect label="1" startTime="25400" endTime="25800"></Effect>
        <Effect label="2" startTime="25800" endTime="26200"></Effect>
        <Effect label="3" startTime="26200" endTime="26600"></Effect>
        <Effect label="4" startTime="26600" endTime="27050"></Effect>
        <Effect label="1" startTime="27050" endTime="27450"></Effect>
        <Effect label="2" startTime="27450" endTime="27850"></Effect>
        <Effect label="3" startTime="27850" endTime="28250"></Effect>
        <Effect label="4" startTime="28250" endTime="28700"></Effect>
        <Effect label="1" startTime="28700" endTime="29100"></Effect>
        <Effect label="2" startTime="29100" endTime="29500"></Effect>
        <Effect label="3" startTime="29500" endTime="29900"></Effect>
        <Effect label="4" startTime="29900" endTime="30350"></Effect>
        <Effect label="1" startTime="30350" endTime="30750"></Effect>
        <Effect label="2" startTime="30750" endTime="31150"></Effect>
        <Effect label="3" startTime="31150" endTime="31600"></Effect>
        <Effect label="4" startTime="31600" endTime="32000"></Effect>
        <Effect label="1" startTime="32000" endTime="32400"></Effect>
        <Effect label="2" startTime="32400" endTime="32800"></Effect>
        <Effect label="3" startTime="32800" endTime="33250"></Effect>
        <Effect label="4" startTime="33250" endTime="33650"></Effect>
        <Effect label="1" startTime="33650" endTime="34100"></Effect>
        <Effect label="2" startTime="34100" endTime="34500"></Effect>
        <Effect label="3" startTime="34500" endTime="34900"></Effect>
        <Effect label="4" startTime="34900" endTime="35300"></Effect>
        <Effect label="1" startTime="35300" endTime="35700"></Effect>
        <Effect label="2" startTime="35700" endTime="36100"></Effect>
        <Effect label="3" startTime="36100" endTime="36500"></Effect>
        <Effect label="4" startTime="36500" endTime="36950"></Effect>
        <Effect label="1" startTime="36950" endTime="37350"></Effect>
        <Effect label="2" startTime="37350" endTime="37750"></Effect>
        <Effect label="3" startTime="37750" endTime="38200"></Effect>
        <Effect label="4" startTime="38200" endTime="38600"></Effect>
        <Effect label="1" startTime="38600" endTime="39000"></Effect>
        <Effect label="2" startTime="39000" endTime="39400"></Effect>
        <Effect label="3" startTime="39400" endTime="39850"></Effect>
        <Effect label="4" startTime="39850" endTime="40250"></Effect>
        <Effect label="1" startTime="40250" endTime="40650"></Effect>
        <Effect label="2" startTime="40650" endTime="41100"></Effect>
        <Effect label="3" startTime="41100" endTime="41500"></Effect>
        <Effect label="4" startTime="41500" endTime="41900"></Effect>
        <Effect label="1" startTime="41900" endTime="42300"></Effect>
        <Effect label="2" startTime="42300" endTime="42750"></Effect>
        <Effect label="3" startTime="42750" endTime="43150"></Effect>
        <Effect label="4" startTime="43150" endTime="43550"></Effect>
        <Effect label="1" startTime="43550" endTime="44000"></Effect>
        <Effect label="2" startTime="44000" endTime="44400"></Effect>
        <Effect label="3" startTime="44400" endTime="44850"></Effect>
        <Effect label="4" startTime="44850" endTime="45250"></Effect>
        <Effect label="1" startTime="45250" endTime="45650"></Effect>
        <Effect label="2" startTime="45650" endTime="46100"></Effect>
        <Effect label="3" startTime="46100" endTime="46500"></Effect>
        <Effect label="4" startTime="46500" endTime="46900"></Effect>
        <Effect label="1" startTime="46900" endTime="47300"></Effect>
        <Effect label="2" startTime="47300" endTime="47700"></Effect>
        <Effect label="3" startTime="47700" endTime="48100"></Effect>
        <Effect label="4" startTime="48100" endTime="48550"></Effect>
        <Effect label="1" startTime="48550" endTime="48950"></Effect>
        <Effect label="2" startTime="48950" endTime="49350"></Effect>
        <Effect label="3" startTime="49350" endTime="49800"></Effect>
        <Effect label="4" startTime="49800" endTime="50200"></Effect>
        <Effect label="1" startTime="50200" endTime="50600"></Effect>
        <Effect label="2" startTime="50600" endTime="51000"></Effect>
        <Effect label="3" startTime="51000" endTime="51450"></Effect>
        <Effect label="4" startTime="51450" endTime="51850"></Effect>
        <Effect label="1" startTime="51850" endTime="52250"></Effect>
        <Effect label="2" startTime="52250" endTime="52650"></Effect>
        <Effect label="3" startTime="52650" endTime="53100"></Effect>
        <Effect label="4" startTime="53100" endTime="53500"></Effect>
        <Effect label="1" startTime="53500" endTime="53900"></Effect>
        <Effect label="2" startTime="53900" endTime="54300"></Effect>
        <Effect label="3" startTime="54300" endTime="54750"></Effect>
        <Effect label="4" startTime="54750" endTime="55150"></Effect>
        <Effect label="1" startTime="55150" endTime="55550"></Effect>
        <Effect label="2" startTime="55550" endTime="56000"></Effect>
        <Effect label="3" startTime="56000" endTime="56400"></Effect>
        <Effect label="4" startTime="56400" endTime="56800"></Effect>
        <Effect label="1" startTime="56800" endTime="57250"></Effect>
        <Effect label="2" startTime="57250" endTime="57650"></Effect>
        <Effect label="3" startTime="57650" endTime="58050"></Effect>
        <Effect label="4" startTime="58050" endTime="58450"></Effect>
        <Effect label="1" startTime="58450" endTime="58900"></Effect>
        <Effect label="2" startTime="58900" endTime="59300"></Effect>
        <Effect label="3" startTime="59300" endTime="59700"></Effect>
        <Effect label="4" startTime="59700" endTime="60150"></Effect>
        <Effect label="1" startTime="60150" endTime="60550"></Effect>
        <Effect label="2" startTime="60550" endTime="61000"></Effect>
        <Effect label="3" startTime="61000" endTime="61400"></Effect>
        <Effect label="4" startTime="61400" endTime="61800"></Effect>
        <Effect label="1" startTime="61800" endTime="62200"></Effect>
        <Effect label="2" startTime="62200" endTime="62600"></Effect>
        <Effect label="3" startTime="62600" endTime="63050"></Effect>
        <Effect label="4" startTime="63050" endTime="63450"></Effect>
        <Effect label="1" startTime="63450" endTime="63850"></Effect>
        <Effect label="2" startTime="63850" endTime="64300"></Effect>
        <Effect label="3" startTime="64300" endTime="64700"></Effect>
        <Effect label="4" startTime="64700" endTime="65100"></Effect>
        <Effect label="1" startTime="65100" endTime="65500"></Effect>
        <Effect label="2" startTime="65500" endTime="65900"></Effect>
        <Effect label="3" startTime="65900" endTime="66350"></Effect>
        <Effect label="4" startTime="66350" endTime="66350"></Effect>
      </EffectLayer>
    </Element>
    <Element type="model" name="Group - RGB">
      <EffectLayer>
        <Effect ref="0" name="Butterfly" startTime="0" endTime="7500" palette="0"/>
        <Effect ref="1" name="Bars" id="1" startTime="7500" endTime="10250" palette="1"/>
        <Effect ref="2" name="Fill" id="2" startTime="10250" endTime="13750" palette="1"/>
        <Effect ref="3" name="Fill" id="3" startTime="13750" endTime="16850" palette="2"/>
        <Effect ref="4" name="Spirals" id="4" startTime="16850" endTime="20800" palette="3"/>
        <Effect ref="5" name="SingleStrand" id="5" startTime="20800" endTime="23900" palette="4"/>
        <Effect ref="6" name="SingleStrand" id="6" startTime="23900" endTime="27050" palette="5"/>
        <Effect ref="7" name="Color Wash" id="7" startTime="27050" endTime="30000" palette="6"/>
        <Effect ref="8" name="Wave" id="8" startTime="30000" endTime="33200" palette="1"/>
        <Effect ref="9" name="SingleStrand" id="9" startTime="33200" endTime="37400" palette="1"/>
        <Effect ref="10" name="Bars" id="10" startTime="37400" endTime="39750" palette="7"/>
        <Effect ref="11" name="Morph" id="11" startTime="39750" endTime="43250" palette="6"/>
        <Effect ref="12" name="Bars" id="12" startTime="43250" endTime="46200" palette="8"/>
        <Effect ref="9" name="SingleStrand" id="13" startTime="46200" endTime="50700" palette="1"/>
        <Effect ref="13" name="Wave" id="14" startTime="50700" endTime="53500" palette="9"/>
        <Effect ref="14" name="Spirals" id="15" startTime="53500" endTime="56750" palette="9"/>
        <Effect ref="0" name="Butterfly" id="16" startTime="56750" endTime="63000" palette="10"/>
        <Effect ref="15" name="Butterfly" id="17" startTime="63000" endTime="66550" palette="10"/>
      </EffectLayer>
    </Element>
    <Element type="model" name="Group - AC">
      <EffectLayer/>
    </Element>
    <Element type="model" name="Group - Mini Trees">
      <EffectLayer/>
    </Element>
    <Element type="model" name="Group - Roof">
      <EffectLayer/>
    </Element>
    <Element type="model" name="Group - Stars">
      <EffectLayer>
        <Effect ref="16" name="VU Meter" startTime="0" endTime="66400" palette="11"/>
      </EffectLayer>
    </Element>
    <Element type="model" name="Megatree">
      <EffectLayer>
        <Effect ref="17" name="Pictures" startTime="0" endTime="7500" palette="1"/>
        <Effect ref="18" name="Pictures" id="1" startTime="7500" endTime="10250" palette="1"/>
        <Effect ref="19" name="Fire" id="2" startTime="10250" endTime="13750" palette="1"/>
        <Effect ref="20" name="Pictures" id="3" startTime="13750" endTime="16850" palette="5"/>
        <Effect ref="21" name="Pictures" id="4" startTime="16850" endTime="19550" palette="5"/>
        <Effect ref="22" name="Pictures" id="5" startTime="20850" endTime="26000" palette="5"/>
        <Effect ref="23" name="Pictures" id="6" startTime="27050" endTime="30000" palette="5"/>
        <Effect ref="18" name="Pictures" id="7" startTime="33200" endTime="36700" palette="1"/>
        <Effect ref="22" name="Pictures" id="8" startTime="37400" endTime="39750" palette="5"/>
        <Effect ref="20" name="Pictures" id="9" startTime="39750" endTime="43250" palette="5"/>
        <Effect ref="22" name="Pictures" id="10" startTime="43250" endTime="46200" palette="5"/>
        <Effect ref="18" name="Pictures" id="11" startTime="46200" endTime="48550" palette="1"/>
        <Effect ref="20" name="Pictures" id="12" startTime="48550" endTime="50350" palette="5"/>
        <Effect ref="22" name="Pictures" id="13" startTime="50700" endTime="53150" palette="5"/>
        <Effect ref="20" name="Pictures" id="14" startTime="53500" endTime="56450" palette="5"/>
        <Effect ref="18" name="Pictures" id="15" startTime="56750" endTime="60550" palette="1"/>
        <Effect ref="20" name="Pictures" id="16" startTime="60550" endTime="63000" palette="5"/>
        <Effect ref="17" name="Pictures" id="17" startTime="63000" endTime="66550" palette="1"/>
      </EffectLayer>
    </Element>
    <Element type="model" name="Singing_Tree">
      <EffectLayer>
        <Effect ref="24" name="Faces" startTime="7500" endTime="66400" palette="5"/>
      </EffectLayer>
    </Element>
    <Element type="model" name="Arches">
      <EffectLayer>
        <Effect ref="25" name="Fill" startTime="7500" endTime="10250" palette="1"/>
        <Effect ref="26" name="Fill" id="1" startTime="10250" endTime="13750" palette="1"/>
        <Effect ref="25" name="Fill" id="2" startTime="13750" endTime="16850" palette="1"/>
        <Effect ref="26" name="Fill" id="3" startTime="16850" endTime="20800" palette="1"/>
        <Effect ref="25" name="Fill" id="4" startTime="20800" endTime="23900" palette="1"/>
        <Effect ref="26" name="Fill" id="5" startTime="23900" endTime="27050" palette="1"/>
        <Effect ref="25" name="Fill" id="6" startTime="27050" endTime="30000" palette="1"/>
        <Effect ref="26" name="Fill" id="7" startTime="30000" endTime="33200" palette="1"/>
      </EffectLayer>
    </Element>
    <Element type="model" name="Big Star">
      <EffectLayer/>
    </Element>
    <Element type="model" name="Tree - Spiral Star">
      <EffectLayer/>
    </Element>
    <Element type="model" name="Shirt Matrix">
      <EffectLayer>
        <Effect ref="17" name="Pictures" startTime="0" endTime="7500" palette="1"/>
        <Effect ref="18" name="Pictures" id="1" startTime="7500" endTime="10250" palette="1"/>
        <Effect ref="19" name="Fire" id="2" startTime="10250" endTime="13750" palette="1"/>
        <Effect ref="27" name="Pictures" id="3" startTime="13750" endTime="16850" palette="5"/>
        <Effect ref="28" name="Pictures" id="4" startTime="16850" endTime="18500" palette="5"/>
        <Effect ref="29" name="Pictures" id="5" startTime="20850" endTime="26000" palette="5"/>
        <Effect ref="30" name="Pictures" id="6" startTime="27050" endTime="30000" palette="5"/>
        <Effect ref="18" name="Pictures" id="7" startTime="33200" endTime="36700" palette="1"/>
        <Effect ref="29" name="Pictures" id="8" startTime="37400" endTime="39750" palette="5"/>
        <Effect ref="27" name="Pictures" id="9" startTime="39750" endTime="43250" palette="5"/>
        <Effect ref="29" name="Pictures" id="10" startTime="43250" endTime="46200" palette="5"/>
        <Effect ref="18" name="Pictures" id="11" startTime="46200" endTime="48550" palette="1"/>
        <Effect ref="27" name="Pictures" id="12" startTime="48550" endTime="50350" palette="5"/>
        <Effect ref="29" name="Pictures" id="13" startTime="50700" endTime="53150" palette="5"/>
        <Effect ref="27" name="Pictures" id="14" startTime="53500" endTime="56450" palette="5"/>
        <Effect ref="18" name="Pictures" id="15" startTime="56750" endTime="60550" palette="1"/>
        <Effect ref="27" name="Pictures" id="16" startTime="60550" endTime="63000" palette="5"/>
        <Effect ref="17" name="Pictures" id="17" startTime="64750" endTime="66550" palette="1"/>
      </EffectLayer>
    </Element>
  </ElementEffects>
  <lastView>0</lastView>
</xsequence>
