<?xml version="1.0" encoding="UTF-8"?>
<xsequence BaseChannel="0" ChanCtrlBasic="0" ChanCtrlColor="0" FixedPointTiming="1" ModelBlending="true">
  <head>
    <version>2019.67</version>
    <author/>
    <author-email/>
    <author-website/>
    <song/>
    <artist/>
    <album/>
    <MusicURL/>
    <comment/>
    <sequenceTiming>50 ms</sequenceTiming>
    <sequenceType>Media</sequenceType>
    <mediaFile>/home/debenham/Nextcloud/Lights/Home/2019/Media/Happy Dance.mp3</mediaFile>
    <sequenceDuration>171.653</sequenceDuration>
    <imageDir/>
  </head>
  <nextid>1</nextid>
  <Jukebox/>
  <ColorPalettes>
    <ColorPalette>C_BUTTON_Palette1=#FFFFFF,C_BUTTON_Palette2=#FF0000,C_BUTTON_Palette3=#00FF00,C_BUTTON_Palette4=#0000FF,C_BUTTON_Palette5=#FFFF00,C_BUTTON_Palette6=#000000,C_BUTTON_Palette7=#00FFFF,C_BUTTON_Palette8=#FF00FF,C_CHECKBOX_Palette1=1,C_CHECKBOX_Palette3=1,C_CHECKBOX_Palette4=1</ColorPalette>
    <ColorPalette>C_BUTTON_Palette1=#FFFFFF,C_BUTTON_Palette2=#FF0000,C_BUTTON_Palette3=#00FF00,C_BUTTON_Palette4=#0000FF,C_BUTTON_Palette5=#FFFF00,C_BUTTON_Palette6=#000000,C_BUTTON_Palette7=#00FFFF,C_BUTTON_Palette8=#FF00FF,C_CHECKBOX_Palette3=1,C_CHECKBOX_Palette4=1,C_CHECKBOX_Palette5=1</ColorPalette>
    <ColorPalette>C_BUTTON_Palette1=#FFFFFF,C_BUTTON_Palette2=#FF0000,C_BUTTON_Palette3=#00FF00,C_BUTTON_Palette4=#0000FF,C_BUTTON_Palette5=#FF0000,C_BUTTON_Palette6=#000000,C_BUTTON_Palette7=#00FFFF,C_BUTTON_Palette8=#FF00FF,C_CHECKBOX_Palette3=1,C_CHECKBOX_Palette4=1,C_CHECKBOX_Palette5=1</ColorPalette>
    <ColorPalette>C_BUTTON_Palette1=#FFFFFF,C_BUTTON_Palette2=#FF0000,C_BUTTON_Palette3=#00FF00,C_BUTTON_Palette4=#0000FF,C_BUTTON_Palette5=#FFFF00,C_BUTTON_Palette6=#000000,C_BUTTON_Palette7=#00FFFF,C_BUTTON_Palette8=#FF00FF,C_CHECKBOX_Palette3=1,C_CHECKBOX_Palette4=1,C_CHECKBOX_Palette5=1,C_CHECKBOX_Palette8=1</ColorPalette>
    <ColorPalette>C_BUTTON_Palette1=#FFFFFF,C_BUTTON_Palette2=#FF0000,C_BUTTON_Palette3=#00FF00,C_BUTTON_Palette4=#0000FF,C_BUTTON_Palette5=#FFFF00,C_BUTTON_Palette6=#000000,C_BUTTON_Palette7=#00FFFF,C_BUTTON_Palette8=#FF00FF,C_CHECKBOX_Palette2=1,C_CHECKBOX_Palette3=1,C_CHECKBOX_Palette4=1,C_CHECKBOX_Palette5=1</ColorPalette>
    <ColorPalette>C_BUTTON_Palette1=#FFFFFF,C_BUTTON_Palette2=#FF0000,C_BUTTON_Palette3=#00FF00,C_BUTTON_Palette4=#0000FF,C_BUTTON_Palette5=#FFFF00,C_BUTTON_Palette6=#000000,C_BUTTON_Palette7=#00FFFF,C_BUTTON_Palette8=#FF00FF,C_CHECKBOX_Palette4=1,C_CHECKBOX_Palette5=1</ColorPalette>
    <ColorPalette>C_BUTTON_Palette1=#FFFFFF,C_BUTTON_Palette2=#FF0000,C_BUTTON_Palette3=#00FF00,C_BUTTON_Palette4=#0000FF,C_BUTTON_Palette5=#FFFF00,C_BUTTON_Palette6=#000000,C_BUTTON_Palette7=#00FFFF,C_BUTTON_Palette8=#FF00FF,C_CHECKBOX_Palette1=1,C_CHECKBOX_Palette2=1</ColorPalette>
  </ColorPalettes>
  <EffectDB>
    <Effect>E_CHECKBOX_Morph_End_Link=0,E_CHECKBOX_Morph_Start_Link=0,E_CHECKBOX_ShowHeadAtStart=0,E_NOTEBOOK_Morph=Start,E_SLIDER_MorphAccel=0,E_SLIDER_MorphDuration=20,E_SLIDER_MorphEndLength=1,E_SLIDER_MorphStartLength=1,E_SLIDER_Morph_End_X1=0,E_SLIDER_Morph_End_X2=100,E_SLIDER_Morph_End_Y1=100,E_SLIDER_Morph_End_Y2=100,E_SLIDER_Morph_Repeat_Count=0,E_SLIDER_Morph_Repeat_Skip=1,E_SLIDER_Morph_Stagger=0,E_SLIDER_Morph_Start_X1=0,E_SLIDER_Morph_Start_X2=100,E_SLIDER_Morph_Start_Y1=0,E_SLIDER_Morph_Start_Y2=0</Effect>
    <Effect>E_CHECKBOX_Curtain_Repeat=0,E_CHOICE_Curtain_Edge=center,E_CHOICE_Curtain_Effect=close,E_SLIDER_Curtain_Swag=3,E_TEXTCTRL_Curtain_Speed=1.0</Effect>
    <Effect>E_CHECKBOX_Morph_End_Link=0,E_CHECKBOX_Morph_Start_Link=0,E_CHECKBOX_ShowHeadAtStart=0,E_NOTEBOOK_Morph=Start,E_SLIDER_MorphAccel=0,E_SLIDER_MorphDuration=20,E_SLIDER_MorphEndLength=1,E_SLIDER_MorphStartLength=1,E_SLIDER_Morph_End_X1=0,E_SLIDER_Morph_End_X2=0,E_SLIDER_Morph_End_Y1=0,E_SLIDER_Morph_End_Y2=100,E_SLIDER_Morph_Repeat_Count=0,E_SLIDER_Morph_Repeat_Skip=1,E_SLIDER_Morph_Stagger=0,E_SLIDER_Morph_Start_X1=100,E_SLIDER_Morph_Start_X2=100,E_SLIDER_Morph_Start_Y1=0,E_SLIDER_Morph_Start_Y2=100</Effect>
    <Effect>E_CHECKBOX_Morph_End_Link=0,E_CHECKBOX_Morph_Start_Link=0,E_CHECKBOX_ShowHeadAtStart=0,E_NOTEBOOK_Morph=Start,E_SLIDER_MorphAccel=0,E_SLIDER_MorphDuration=20,E_SLIDER_MorphEndLength=1,E_SLIDER_MorphStartLength=1,E_SLIDER_Morph_End_X1=100,E_SLIDER_Morph_End_X2=100,E_SLIDER_Morph_End_Y1=0,E_SLIDER_Morph_End_Y2=100,E_SLIDER_Morph_Repeat_Count=0,E_SLIDER_Morph_Repeat_Skip=1,E_SLIDER_Morph_Stagger=0,E_SLIDER_Morph_Start_X1=0,E_SLIDER_Morph_Start_X2=0,E_SLIDER_Morph_Start_Y1=0,E_SLIDER_Morph_Start_Y2=100</Effect>
    <Effect>E_CHECKBOX_Meteors_UseMusic=0,E_CHOICE_Meteors_Effect=Down,E_CHOICE_Meteors_Type=Rainbow,E_SLIDER_Meteors_Count=10,E_SLIDER_Meteors_Length=25,E_SLIDER_Meteors_Speed=10,E_SLIDER_Meteors_Swirl_Intensity=0</Effect>
    <Effect>E_CHECKBOX_Fire_GrowWithMusic=1,E_CHOICE_Fire_Location=Bottom,E_SLIDER_Fire_HueShift=0</Effect>
    <Effect>E_CHECKBOX_Spirals_3D=1,E_CHECKBOX_Spirals_Blend=0,E_CHECKBOX_Spirals_Grow=0,E_CHECKBOX_Spirals_Shrink=0,E_SLIDER_Spirals_Count=1,E_SLIDER_Spirals_Rotation=-5,E_SLIDER_Spirals_Thickness=50,E_TEXTCTRL_Spirals_Movement=1.0,T_TEXTCTRL_Fadeout=2.00</Effect>
    <Effect>E_CHECKBOX_Pinwheel_Rotation=1,E_CHOICE_Pinwheel_3D=3D,E_CHOICE_Pinwheel_Style=New Render Method,E_SLIDER_PinwheelXC=0,E_SLIDER_PinwheelYC=0,E_SLIDER_Pinwheel_ArmSize=100,E_SLIDER_Pinwheel_Arms=3,E_SLIDER_Pinwheel_Speed=10,E_SLIDER_Pinwheel_Thickness=100,E_SLIDER_Pinwheel_Twist=-161</Effect>
    <Effect>E_CHECKBOX_Pinwheel_Rotation=0,E_CHOICE_Pinwheel_3D=3D,E_CHOICE_Pinwheel_Style=New Render Method,E_SLIDER_PinwheelXC=0,E_SLIDER_PinwheelYC=0,E_SLIDER_Pinwheel_ArmSize=100,E_SLIDER_Pinwheel_Arms=3,E_SLIDER_Pinwheel_Speed=10,E_SLIDER_Pinwheel_Thickness=100,E_SLIDER_Pinwheel_Twist=161</Effect>
    <Effect>E_CHOICE_Butterfly_Colors=Rainbow,E_CHOICE_Butterfly_Direction=Normal,E_SLIDER_Butterfly_Chunks=1,E_SLIDER_Butterfly_Skip=2,E_SLIDER_Butterfly_Speed=10,E_SLIDER_Butterfly_Style=1</Effect>
    <Effect>E_CHECKBOX_Chase_3dFade1=1,E_CHECKBOX_Chase_Group_All=0,E_CHOICE_Chase_Type1=Dual Bounce,E_CHOICE_SingleStrand_Colors=Palette,E_CHOICE_Skips_Direction=Left,E_NOTEBOOK_SSEFFECT_TYPE=Chase,E_SLIDER_Color_Mix1=10,E_SLIDER_Number_Chases=2,E_SLIDER_Skips_Advance=0,E_SLIDER_Skips_BandSize=1,E_SLIDER_Skips_SkipSize=1,E_SLIDER_Skips_StartPos=1,E_TEXTCTRL_Chase_Rotations=4</Effect>
    <Effect>E_CHECKBOX_Chase_3dFade1=1,E_CHECKBOX_Chase_Group_All=1,E_CHOICE_Chase_Type1=Dual Bounce,E_CHOICE_SingleStrand_Colors=Palette,E_CHOICE_Skips_Direction=Left,E_NOTEBOOK_SSEFFECT_TYPE=Chase,E_SLIDER_Color_Mix1=10,E_SLIDER_Number_Chases=2,E_SLIDER_Skips_Advance=0,E_SLIDER_Skips_BandSize=1,E_SLIDER_Skips_SkipSize=1,E_SLIDER_Skips_StartPos=1,E_TEXTCTRL_Chase_Rotations=4,T_TEXTCTRL_Fadeout=1.00</Effect>
    <Effect></Effect>
    <Effect>E_CHECKBOX_Chase_3dFade1=0,E_CHECKBOX_Chase_Group_All=0,E_CHOICE_Chase_Type1=Bounce from Left,E_CHOICE_SingleStrand_Colors=Palette,E_CHOICE_Skips_Direction=Left,E_NOTEBOOK_SSEFFECT_TYPE=Chase,E_SLIDER_Color_Mix1=10,E_SLIDER_Number_Chases=1,E_SLIDER_Skips_Advance=0,E_SLIDER_Skips_BandSize=1,E_SLIDER_Skips_SkipSize=1,E_SLIDER_Skips_StartPos=1,E_TEXTCTRL_Chase_Rotations=1.0</Effect>
    <Effect>E_CHECKBOX_Chase_3dFade1=0,E_CHECKBOX_Chase_Group_All=0,E_CHOICE_Chase_Type1=Dual Bounce,E_CHOICE_SingleStrand_Colors=Palette,E_CHOICE_Skips_Direction=Left,E_NOTEBOOK_SSEFFECT_TYPE=Chase,E_SLIDER_Color_Mix1=10,E_SLIDER_Number_Chases=2,E_SLIDER_Skips_Advance=0,E_SLIDER_Skips_BandSize=1,E_SLIDER_Skips_SkipSize=1,E_SLIDER_Skips_StartPos=1,E_TEXTCTRL_Chase_Rotations=1.0</Effect>
    <Effect>E_CHECKBOX_Morph_End_Link=0,E_CHECKBOX_Morph_Start_Link=0,E_CHECKBOX_ShowHeadAtStart=0,E_NOTEBOOK_Morph=Start,E_SLIDER_MorphAccel=0,E_SLIDER_MorphDuration=20,E_SLIDER_MorphEndLength=1,E_SLIDER_MorphStartLength=1,E_SLIDER_Morph_End_X1=0,E_SLIDER_Morph_End_X2=100,E_SLIDER_Morph_End_Y1=0,E_SLIDER_Morph_End_Y2=0,E_SLIDER_Morph_Repeat_Count=0,E_SLIDER_Morph_Repeat_Skip=1,E_SLIDER_Morph_Stagger=0,E_SLIDER_Morph_Start_X1=0,E_SLIDER_Morph_Start_X2=100,E_SLIDER_Morph_Start_Y1=100,E_SLIDER_Morph_Start_Y2=100</Effect>
    <Effect>E_CHECKBOX_Pinwheel_Rotation=1,E_CHOICE_Pinwheel_3D=Sweep,E_CHOICE_Pinwheel_Style=New Render Method,E_SLIDER_PinwheelXC=-52,E_SLIDER_PinwheelYC=-31,E_SLIDER_Pinwheel_ArmSize=100,E_SLIDER_Pinwheel_Arms=3,E_SLIDER_Pinwheel_Speed=10,E_SLIDER_Pinwheel_Thickness=100,E_SLIDER_Pinwheel_Twist=0</Effect>
    <Effect>E_CHECKBOX_Chase_3dFade1=1,E_CHECKBOX_Chase_Group_All=0,E_CHOICE_Chase_Type1=From Middle,E_CHOICE_SingleStrand_Colors=Palette,E_CHOICE_Skips_Direction=Left,E_NOTEBOOK_SSEFFECT_TYPE=Chase,E_SLIDER_Color_Mix1=35,E_SLIDER_Number_Chases=1,E_SLIDER_Skips_Advance=0,E_SLIDER_Skips_BandSize=1,E_SLIDER_Skips_SkipSize=1,E_SLIDER_Skips_StartPos=1,E_TEXTCTRL_Chase_Rotations=1.0</Effect>
    <Effect>E_CHECKBOX_Chase_3dFade1=1,E_CHECKBOX_Chase_Group_All=0,E_CHOICE_Chase_Type1=To Middle,E_CHOICE_SingleStrand_Colors=Palette,E_CHOICE_Skips_Direction=Left,E_NOTEBOOK_SSEFFECT_TYPE=Chase,E_SLIDER_Color_Mix1=35,E_SLIDER_Number_Chases=1,E_SLIDER_Skips_Advance=0,E_SLIDER_Skips_BandSize=1,E_SLIDER_Skips_SkipSize=1,E_SLIDER_Skips_StartPos=1,E_TEXTCTRL_Chase_Rotations=1.0</Effect>
    <Effect>E_CHECKBOX_Fire_GrowWithMusic=1,E_CHOICE_Fire_Location=Bottom,E_SLIDER_Fire_Height=50,E_SLIDER_Fire_HueShift=57,E_TEXTCTRL_Fire_GrowthCycles=0.0</Effect>
    <Effect>E_CHECKBOX_Mirror_Wave=0,E_CHOICE_Fill_Colors=Rainbow,E_CHOICE_Wave_Direction=Right to Left,E_CHOICE_Wave_Type=Sine,E_SLIDER_Number_Waves=900,E_SLIDER_Thickness_Percentage=35,E_SLIDER_Wave_Height=50,E_SLIDER_Wave_Speed=10,E_SLIDER_Wave_YOffset=0</Effect>
    <Effect>E_CHECKBOX_Mirror_Wave=0,E_CHOICE_Fill_Colors=Rainbow,E_CHOICE_Wave_Direction=Left to Right,E_CHOICE_Wave_Type=Sine,E_SLIDER_Number_Waves=900,E_SLIDER_Thickness_Percentage=35,E_SLIDER_Wave_Height=50,E_SLIDER_Wave_Speed=10,E_SLIDER_Wave_YOffset=0</Effect>
    <Effect>E_CHECKBOX_Circles_Bounce=1,E_CHECKBOX_Circles_Bubbles=0,E_CHECKBOX_Circles_Collide=0,E_CHECKBOX_Circles_Linear_Fade=0,E_CHECKBOX_Circles_Plasma=0,E_CHECKBOX_Circles_Radial=0,E_CHECKBOX_Circles_Radial_3D=0,E_CHECKBOX_Circles_Random_m=0,E_SLIDER_Circles_Count=3,E_SLIDER_Circles_Size=19,E_SLIDER_Circles_Speed=10</Effect>
    <Effect>E_CHECKBOX_Fire_GrowWithMusic=1,E_CHOICE_Fire_Location=Bottom,E_SLIDER_Fire_HueShift=36</Effect>
    <Effect>E_CHECKBOX_Pinwheel_Rotation=1,E_CHOICE_Pinwheel_3D=Sweep,E_CHOICE_Pinwheel_Style=New Render Method,E_SLIDER_PinwheelXC=0,E_SLIDER_PinwheelYC=0,E_SLIDER_Pinwheel_ArmSize=100,E_SLIDER_Pinwheel_Arms=4,E_SLIDER_Pinwheel_Speed=3,E_SLIDER_Pinwheel_Thickness=42,E_SLIDER_Pinwheel_Twist=207</Effect>
    <Effect>E_CHECKBOX_Pinwheel_Rotation=0,E_CHOICE_Pinwheel_3D=Sweep,E_CHOICE_Pinwheel_Style=New Render Method,E_SLIDER_PinwheelXC=0,E_SLIDER_PinwheelYC=0,E_SLIDER_Pinwheel_ArmSize=100,E_SLIDER_Pinwheel_Arms=4,E_SLIDER_Pinwheel_Speed=3,E_SLIDER_Pinwheel_Thickness=42,E_SLIDER_Pinwheel_Twist=-226</Effect>
    <Effect>E_CHECKBOX_Chase_3dFade1=0,E_CHECKBOX_Chase_Group_All=0,E_CHOICE_Chase_Type1=Left-Right,E_CHOICE_SingleStrand_Colors=Palette,E_CHOICE_Skips_Direction=Left,E_NOTEBOOK_SSEFFECT_TYPE=Chase,E_SLIDER_Color_Mix1=10,E_SLIDER_Number_Chases=1,E_SLIDER_Skips_Advance=0,E_SLIDER_Skips_BandSize=1,E_SLIDER_Skips_SkipSize=1,E_SLIDER_Skips_StartPos=1,E_TEXTCTRL_Chase_Rotations=1.0</Effect>
    <Effect>E_CHECKBOX_Chase_3dFade1=0,E_CHECKBOX_Chase_Group_All=0,E_CHOICE_Chase_Type1=Right-Left,E_CHOICE_SingleStrand_Colors=Palette,E_CHOICE_Skips_Direction=Left,E_NOTEBOOK_SSEFFECT_TYPE=Chase,E_SLIDER_Color_Mix1=10,E_SLIDER_Number_Chases=1,E_SLIDER_Skips_Advance=0,E_SLIDER_Skips_BandSize=1,E_SLIDER_Skips_SkipSize=1,E_SLIDER_Skips_StartPos=1,E_TEXTCTRL_Chase_Rotations=1.0</Effect>
    <Effect>E_CHECKBOX_Chase_3dFade1=0,E_CHECKBOX_Chase_Group_All=0,E_CHOICE_Chase_Type1=To Middle,E_CHOICE_SingleStrand_Colors=Palette,E_CHOICE_Skips_Direction=Left,E_NOTEBOOK_SSEFFECT_TYPE=Chase,E_SLIDER_Color_Mix1=10,E_SLIDER_Number_Chases=1,E_SLIDER_Skips_Advance=0,E_SLIDER_Skips_BandSize=1,E_SLIDER_Skips_SkipSize=1,E_SLIDER_Skips_StartPos=1,E_TEXTCTRL_Chase_Rotations=1.0</Effect>
    <Effect>E_CHECKBOX_Chase_3dFade1=0,E_CHECKBOX_Chase_Group_All=0,E_CHOICE_Chase_Type1=From Middle,E_CHOICE_SingleStrand_Colors=Palette,E_CHOICE_Skips_Direction=Left,E_NOTEBOOK_SSEFFECT_TYPE=Chase,E_SLIDER_Color_Mix1=10,E_SLIDER_Number_Chases=1,E_SLIDER_Skips_Advance=0,E_SLIDER_Skips_BandSize=1,E_SLIDER_Skips_SkipSize=1,E_SLIDER_Skips_StartPos=1,E_TEXTCTRL_Chase_Rotations=1.0</Effect>
    <Effect>E_CHECKBOX_Pinwheel_Rotation=1,E_CHOICE_Pinwheel_3D=None,E_CHOICE_Pinwheel_Style=New Render Method,E_SLIDER_PinwheelXC=0,E_SLIDER_PinwheelYC=0,E_SLIDER_Pinwheel_Arms=3,E_SLIDER_Pinwheel_Speed=10,E_SLIDER_Pinwheel_Thickness=100,E_SLIDER_Pinwheel_Twist=0,E_VALUECURVE_Pinwheel_ArmSize=Active=TRUE|Id=ID_VALUECURVE_Pinwheel_ArmSize|Type=Ramp|Min=0.00|Max=400.00|P1=105.00|RV=TRUE|</Effect>
    <Effect>E_CHECKBOX_Pinwheel_Rotation=0,E_CHOICE_Pinwheel_3D=Sweep,E_CHOICE_Pinwheel_Style=New Render Method,E_SLIDER_PinwheelXC=47,E_SLIDER_PinwheelYC=-31,E_SLIDER_Pinwheel_ArmSize=100,E_SLIDER_Pinwheel_Arms=3,E_SLIDER_Pinwheel_Speed=10,E_SLIDER_Pinwheel_Thickness=100,E_SLIDER_Pinwheel_Twist=0</Effect>
    <Effect>E_CHOICE_VUMeter_TimingTrack=Beats,E_CHOICE_VUMeter_Type=Timing Event Pulse Color,E_SLIDER_VUMeter_Bars=6,T_TEXTCTRL_Fadeout=2.00</Effect>
    <Effect>E_CHECKBOX_TextToCenter=0,E_CHECKBOX_Text_PixelOffsets=0,E_CHOICE_Text_Count=none,E_CHOICE_Text_Dir=left,E_CHOICE_Text_Effect=normal,E_CHOICE_Text_Font=12-15x15 Bold,E_FONTPICKER_Text_Font=Sans 9,E_SLIDER_Text_XEnd=0,E_SLIDER_Text_XStart=0,E_SLIDER_Text_YEnd=0,E_SLIDER_Text_YStart=0,E_TEXTCTRL_Text=Tune to 90FM to hear the Music,E_TEXTCTRL_Text_Speed=10</Effect>
  </EffectDB>
  <DataLayers>
    <DataLayer lor_params="0" channel_offset="0" num_channels="0" num_frames="0" data="&lt;rendered: erase-mode&gt;" source="&lt;auto-generated&gt;" name="Nutcracker"/>
  </DataLayers>
  <DisplayElements>
    <Element collapsed="0" type="timing" name="New Timing" visible="1" views="Master View" active="1"/>
    <Element collapsed="0" type="model" name="Group - Whole House" visible="1"/>
    <Element collapsed="0" type="model" name="Group - Stars" visible="1"/>
    <Element collapsed="0" type="timing" name="Beats" visible="1" views="" active="0"/>
    <Element collapsed="0" type="model" name="Matrix" visible="1"/>
  </DisplayElements>
  <ElementEffects>
    <Element type="timing" name="New Timing">
      <EffectLayer>
        <Effect label="" startTime="50" endTime="2000"></Effect>
        <Effect label="" startTime="2000" endTime="3600"></Effect>
        <Effect label="" startTime="3600" endTime="7000"></Effect>
        <Effect label="" startTime="7000" endTime="9100"></Effect>
        <Effect label="" startTime="9100" endTime="11400"></Effect>
        <Effect label="" startTime="11400" endTime="14800"></Effect>
        <Effect label="" startTime="14800" endTime="18800"></Effect>
        <Effect label="" startTime="18800" endTime="21600"></Effect>
        <Effect label="" startTime="21600" endTime="23250"></Effect>
        <Effect label="" startTime="23250" endTime="30800"></Effect>
        <Effect label="" startTime="30800" endTime="37600"></Effect>
        <Effect label="" startTime="37600" endTime="38600"></Effect>
        <Effect label="" startTime="38600" endTime="45900"></Effect>
        <Effect label="" startTime="45900" endTime="46250"></Effect>
        <Effect label="" startTime="46250" endTime="53400"></Effect>
        <Effect label="" startTime="53400" endTime="54200"></Effect>
        <Effect label="" startTime="54200" endTime="57000"></Effect>
        <Effect label="" startTime="57000" endTime="61000"></Effect>
        <Effect label="" startTime="61000" endTime="65400"></Effect>
        <Effect label="" startTime="65400" endTime="68400"></Effect>
        <Effect label="" startTime="68400" endTime="73000"></Effect>
        <Effect label="" startTime="73000" endTime="77000"></Effect>
        <Effect label="" startTime="77000" endTime="84650"></Effect>
        <Effect label="" startTime="84650" endTime="91900"></Effect>
        <Effect label="" startTime="91900" endTime="92400"></Effect>
        <Effect label="" startTime="92400" endTime="96100"></Effect>
        <Effect label="" startTime="96100" endTime="99600"></Effect>
        <Effect label="" startTime="99600" endTime="100000"></Effect>
        <Effect label="" startTime="100000" endTime="103950"></Effect>
        <Effect label="" startTime="103950" endTime="107600"></Effect>
        <Effect label="" startTime="107600" endTime="110000"></Effect>
        <Effect label="" startTime="110000" endTime="114800"></Effect>
        <Effect label="" startTime="114800" endTime="123000"></Effect>
        <Effect label="" startTime="123000" endTime="130600"></Effect>
        <Effect label="" startTime="130600" endTime="136550"></Effect>
        <Effect label="" startTime="136550" endTime="138400"></Effect>
        <Effect label="" startTime="138400" endTime="146000"></Effect>
        <Effect label="" startTime="146000" endTime="153200"></Effect>
        <Effect label="" startTime="153200" endTime="154000"></Effect>
        <Effect label="" startTime="154000" endTime="157550"></Effect>
        <Effect label="" startTime="157550" endTime="161200"></Effect>
        <Effect label="" startTime="161200" endTime="161400"></Effect>
        <Effect label="" startTime="161400" endTime="165150"></Effect>
        <Effect label="" startTime="165150" endTime="168200"></Effect>
        <Effect label="" startTime="168200" endTime="171400"></Effect>
      </EffectLayer>
    </Element>
    <Element type="model" name="Group - Whole House">
      <EffectLayer>
        <Effect ref="0" name="Morph" startTime="50" endTime="2000" palette="0"/>
        <Effect ref="0" name="Morph" id="1" startTime="2000" endTime="3600" palette="0"/>
        <Effect ref="1" name="Curtain" id="2" startTime="3600" endTime="7000" palette="0"/>
        <Effect ref="2" name="Morph" id="3" startTime="7000" endTime="9100" palette="0"/>
        <Effect ref="3" name="Morph" id="4" startTime="9100" endTime="11400" palette="0"/>
        <Effect ref="4" name="Meteors" id="5" startTime="11400" endTime="14800" palette="0"/>
        <Effect ref="5" name="Fire" id="6" startTime="14800" endTime="18800" palette="0"/>
        <Effect ref="6" name="Spirals" id="7" startTime="18800" endTime="23250" palette="1"/>
        <Effect ref="7" name="Pinwheel" id="8" startTime="23250" endTime="30800" palette="1"/>
        <Effect ref="8" name="Pinwheel" id="9" startTime="30800" endTime="38000" palette="1"/>
        <Effect ref="9" name="Butterfly" id="10" startTime="38000" endTime="38600" palette="1"/>
        <Effect ref="10" name="SingleStrand" id="11" startTime="38600" endTime="45900" palette="1"/>
        <Effect ref="9" name="Butterfly" id="12" startTime="45900" endTime="46250" palette="1"/>
        <Effect ref="11" name="SingleStrand" id="13" startTime="46250" endTime="54200" palette="1"/>
        <Effect ref="12" name="Color Wash" id="14" startTime="54200" endTime="57000" palette="2"/>
        <Effect ref="1" name="Curtain" id="15" startTime="57000" endTime="61000" palette="1"/>
        <Effect ref="13" name="SingleStrand" id="16" startTime="61000" endTime="65400" palette="1"/>
        <Effect ref="14" name="SingleStrand" id="17" startTime="65400" endTime="68400" palette="1"/>
        <Effect ref="15" name="Morph" id="18" startTime="68400" endTime="73000" palette="2"/>
        <Effect ref="15" name="Morph" id="19" startTime="73000" endTime="77000" palette="2"/>
        <Effect ref="9" name="Butterfly" id="20" startTime="77000" endTime="84650" palette="1"/>
        <Effect ref="16" name="Pinwheel" id="21" startTime="84650" endTime="91900" palette="1"/>
        <Effect ref="9" name="Butterfly" id="22" startTime="91900" endTime="92400" palette="1"/>
        <Effect ref="17" name="SingleStrand" id="23" startTime="92400" endTime="96100" palette="3"/>
        <Effect ref="17" name="SingleStrand" id="24" startTime="96100" endTime="99600" palette="3"/>
        <Effect ref="9" name="Butterfly" id="25" startTime="99600" endTime="100000" palette="1"/>
        <Effect ref="18" name="SingleStrand" id="26" startTime="100000" endTime="103950" palette="3"/>
        <Effect ref="17" name="SingleStrand" id="27" startTime="103950" endTime="107600" palette="3"/>
        <Effect ref="19" name="Fire" id="28" startTime="107600" endTime="114800" palette="3"/>
        <Effect ref="20" name="Wave" id="29" startTime="114800" endTime="123000" palette="3"/>
        <Effect ref="21" name="Wave" id="30" startTime="123000" endTime="130600" palette="3"/>
        <Effect ref="22" name="Circles" id="31" startTime="130600" endTime="136550" palette="3"/>
        <Effect ref="23" name="Fire" id="32" startTime="136550" endTime="138400" palette="3"/>
        <Effect ref="24" name="Pinwheel" id="33" startTime="138400" endTime="146000" palette="4"/>
        <Effect ref="25" name="Pinwheel" id="34" startTime="146000" endTime="153200" palette="4"/>
        <Effect ref="9" name="Butterfly" id="35" startTime="153200" endTime="154000" palette="4"/>
        <Effect ref="26" name="SingleStrand" id="36" startTime="154000" endTime="157550" palette="4"/>
        <Effect ref="27" name="SingleStrand" id="37" startTime="157550" endTime="161200" palette="4"/>
        <Effect ref="9" name="Butterfly" id="38" startTime="161200" endTime="161400" palette="4"/>
        <Effect ref="28" name="SingleStrand" id="39" startTime="161400" endTime="165150" palette="4"/>
        <Effect ref="29" name="SingleStrand" id="40" startTime="165150" endTime="168200" palette="4"/>
        <Effect ref="30" name="Pinwheel" id="41" startTime="168200" endTime="171400" palette="4"/>
      </EffectLayer>
      <EffectLayer>
        <Effect ref="31" name="Pinwheel" startTime="84650" endTime="91900" palette="1"/>
      </EffectLayer>
    </Element>
    <Element type="model" name="Group - Stars">
      <EffectLayer>
        <Effect ref="32" name="VU Meter" startTime="0" endTime="171400" palette="5"/>
      </EffectLayer>
    </Element>
    <Element type="timing" name="Beats">
      <EffectLayer>
        <Effect label="1" startTime="100" endTime="500"></Effect>
        <Effect label="2" startTime="500" endTime="900"></Effect>
        <Effect label="3" startTime="900" endTime="1400"></Effect>
        <Effect label="4" startTime="1400" endTime="1850"></Effect>
        <Effect label="1" startTime="1850" endTime="2350"></Effect>
        <Effect label="2" startTime="2350" endTime="2800"></Effect>
        <Effect label="3" startTime="2800" endTime="3300"></Effect>
        <Effect label="4" startTime="3300" endTime="3800"></Effect>
        <Effect label="1" startTime="3800" endTime="4300"></Effect>
        <Effect label="2" startTime="4300" endTime="4750"></Effect>
        <Effect label="3" startTime="4750" endTime="5250"></Effect>
        <Effect label="4" startTime="5250" endTime="5700"></Effect>
        <Effect label="1" startTime="5700" endTime="6200"></Effect>
        <Effect label="2" startTime="6200" endTime="6650"></Effect>
        <Effect label="3" startTime="6650" endTime="7150"></Effect>
        <Effect label="4" startTime="7150" endTime="7650"></Effect>
        <Effect label="1" startTime="7650" endTime="8100"></Effect>
        <Effect label="2" startTime="8100" endTime="8600"></Effect>
        <Effect label="3" startTime="8600" endTime="9050"></Effect>
        <Effect label="4" startTime="9050" endTime="9550"></Effect>
        <Effect label="1" startTime="9550" endTime="10050"></Effect>
        <Effect label="2" startTime="10050" endTime="10500"></Effect>
        <Effect label="3" startTime="10500" endTime="11000"></Effect>
        <Effect label="4" startTime="11000" endTime="11450"></Effect>
        <Effect label="1" startTime="11450" endTime="11950"></Effect>
        <Effect label="2" startTime="11950" endTime="12450"></Effect>
        <Effect label="3" startTime="12450" endTime="12900"></Effect>
        <Effect label="4" startTime="12900" endTime="13400"></Effect>
        <Effect label="1" startTime="13400" endTime="13850"></Effect>
        <Effect label="2" startTime="13850" endTime="14350"></Effect>
        <Effect label="3" startTime="14350" endTime="14850"></Effect>
        <Effect label="4" startTime="14850" endTime="15300"></Effect>
        <Effect label="1" startTime="15300" endTime="15800"></Effect>
        <Effect label="2" startTime="15800" endTime="16250"></Effect>
        <Effect label="3" startTime="16250" endTime="16750"></Effect>
        <Effect label="4" startTime="16750" endTime="17250"></Effect>
        <Effect label="1" startTime="17250" endTime="17700"></Effect>
        <Effect label="2" startTime="17700" endTime="18200"></Effect>
        <Effect label="3" startTime="18200" endTime="18700"></Effect>
        <Effect label="4" startTime="18700" endTime="19150"></Effect>
        <Effect label="1" startTime="19150" endTime="19650"></Effect>
        <Effect label="2" startTime="19650" endTime="20100"></Effect>
        <Effect label="3" startTime="20100" endTime="20600"></Effect>
        <Effect label="4" startTime="20600" endTime="21050"></Effect>
        <Effect label="1" startTime="21050" endTime="21550"></Effect>
        <Effect label="2" startTime="21550" endTime="22000"></Effect>
        <Effect label="3" startTime="22000" endTime="22500"></Effect>
        <Effect label="4" startTime="22500" endTime="23000"></Effect>
        <Effect label="1" startTime="23000" endTime="23450"></Effect>
        <Effect label="2" startTime="23450" endTime="23950"></Effect>
        <Effect label="3" startTime="23950" endTime="24400"></Effect>
        <Effect label="4" startTime="24400" endTime="24900"></Effect>
        <Effect label="1" startTime="24900" endTime="25400"></Effect>
        <Effect label="2" startTime="25400" endTime="25850"></Effect>
        <Effect label="3" startTime="25850" endTime="26350"></Effect>
        <Effect label="4" startTime="26350" endTime="26850"></Effect>
        <Effect label="1" startTime="26850" endTime="27300"></Effect>
        <Effect label="2" startTime="27300" endTime="27800"></Effect>
        <Effect label="3" startTime="27800" endTime="28250"></Effect>
        <Effect label="4" startTime="28250" endTime="28750"></Effect>
        <Effect label="1" startTime="28750" endTime="29200"></Effect>
        <Effect label="2" startTime="29200" endTime="29700"></Effect>
        <Effect label="3" startTime="29700" endTime="30200"></Effect>
        <Effect label="4" startTime="30200" endTime="30650"></Effect>
        <Effect label="1" startTime="30650" endTime="31150"></Effect>
        <Effect label="2" startTime="31150" endTime="31650"></Effect>
        <Effect label="3" startTime="31650" endTime="32100"></Effect>
        <Effect label="4" startTime="32100" endTime="32600"></Effect>
        <Effect label="1" startTime="32600" endTime="33050"></Effect>
        <Effect label="2" startTime="33050" endTime="33550"></Effect>
        <Effect label="3" startTime="33550" endTime="34050"></Effect>
        <Effect label="4" startTime="34050" endTime="34500"></Effect>
        <Effect label="1" startTime="34500" endTime="35000"></Effect>
        <Effect label="2" startTime="35000" endTime="35450"></Effect>
        <Effect label="3" startTime="35450" endTime="35950"></Effect>
        <Effect label="4" startTime="35950" endTime="36400"></Effect>
        <Effect label="1" startTime="36400" endTime="36900"></Effect>
        <Effect label="2" startTime="36900" endTime="37400"></Effect>
        <Effect label="3" startTime="37400" endTime="37850"></Effect>
        <Effect label="4" startTime="37850" endTime="38350"></Effect>
        <Effect label="1" startTime="38350" endTime="38800"></Effect>
        <Effect label="2" startTime="38800" endTime="39300"></Effect>
        <Effect label="3" startTime="39300" endTime="39800"></Effect>
        <Effect label="4" startTime="39800" endTime="40250"></Effect>
        <Effect label="1" startTime="40250" endTime="40750"></Effect>
        <Effect label="2" startTime="40750" endTime="41250"></Effect>
        <Effect label="3" startTime="41250" endTime="41700"></Effect>
        <Effect label="4" startTime="41700" endTime="42200"></Effect>
        <Effect label="1" startTime="42200" endTime="42650"></Effect>
        <Effect label="2" startTime="42650" endTime="43150"></Effect>
        <Effect label="3" startTime="43150" endTime="43650"></Effect>
        <Effect label="4" startTime="43650" endTime="44100"></Effect>
        <Effect label="1" startTime="44100" endTime="44600"></Effect>
        <Effect label="2" startTime="44600" endTime="45050"></Effect>
        <Effect label="3" startTime="45050" endTime="45550"></Effect>
        <Effect label="4" startTime="45550" endTime="46000"></Effect>
        <Effect label="1" startTime="46000" endTime="46500"></Effect>
        <Effect label="2" startTime="46500" endTime="47000"></Effect>
        <Effect label="3" startTime="47000" endTime="47450"></Effect>
        <Effect label="4" startTime="47450" endTime="47950"></Effect>
        <Effect label="1" startTime="47950" endTime="48400"></Effect>
        <Effect label="2" startTime="48400" endTime="48900"></Effect>
        <Effect label="3" startTime="48900" endTime="49400"></Effect>
        <Effect label="4" startTime="49400" endTime="49850"></Effect>
        <Effect label="1" startTime="49850" endTime="50350"></Effect>
        <Effect label="2" startTime="50350" endTime="50800"></Effect>
        <Effect label="3" startTime="50800" endTime="51300"></Effect>
        <Effect label="4" startTime="51300" endTime="51800"></Effect>
        <Effect label="1" startTime="51800" endTime="52250"></Effect>
        <Effect label="2" startTime="52250" endTime="52750"></Effect>
        <Effect label="3" startTime="52750" endTime="53250"></Effect>
        <Effect label="4" startTime="53250" endTime="53700"></Effect>
        <Effect label="1" startTime="53700" endTime="54200"></Effect>
        <Effect label="2" startTime="54200" endTime="54650"></Effect>
        <Effect label="3" startTime="54650" endTime="55150"></Effect>
        <Effect label="4" startTime="55150" endTime="55600"></Effect>
        <Effect label="1" startTime="55600" endTime="56100"></Effect>
        <Effect label="2" startTime="56100" endTime="56600"></Effect>
        <Effect label="3" startTime="56600" endTime="57050"></Effect>
        <Effect label="4" startTime="57050" endTime="57550"></Effect>
        <Effect label="1" startTime="57550" endTime="58050"></Effect>
        <Effect label="2" startTime="58050" endTime="58500"></Effect>
        <Effect label="3" startTime="58500" endTime="59000"></Effect>
        <Effect label="4" startTime="59000" endTime="59450"></Effect>
        <Effect label="1" startTime="59450" endTime="59950"></Effect>
        <Effect label="2" startTime="59950" endTime="60450"></Effect>
        <Effect label="3" startTime="60450" endTime="60900"></Effect>
        <Effect label="4" startTime="60900" endTime="61400"></Effect>
        <Effect label="1" startTime="61400" endTime="61850"></Effect>
        <Effect label="2" startTime="61850" endTime="62350"></Effect>
        <Effect label="3" startTime="62350" endTime="62800"></Effect>
        <Effect label="4" startTime="62800" endTime="63300"></Effect>
        <Effect label="1" startTime="63300" endTime="63800"></Effect>
        <Effect label="2" startTime="63800" endTime="64250"></Effect>
        <Effect label="3" startTime="64250" endTime="64750"></Effect>
        <Effect label="4" startTime="64750" endTime="65250"></Effect>
        <Effect label="1" startTime="65250" endTime="65700"></Effect>
        <Effect label="2" startTime="65700" endTime="66200"></Effect>
        <Effect label="3" startTime="66200" endTime="66700"></Effect>
        <Effect label="4" startTime="66700" endTime="67150"></Effect>
        <Effect label="1" startTime="67150" endTime="67650"></Effect>
        <Effect label="2" startTime="67650" endTime="68100"></Effect>
        <Effect label="3" startTime="68100" endTime="68600"></Effect>
        <Effect label="4" startTime="68600" endTime="69050"></Effect>
        <Effect label="1" startTime="69050" endTime="69550"></Effect>
        <Effect label="2" startTime="69550" endTime="70050"></Effect>
        <Effect label="3" startTime="70050" endTime="70500"></Effect>
        <Effect label="4" startTime="70500" endTime="71000"></Effect>
        <Effect label="1" startTime="71000" endTime="71500"></Effect>
        <Effect label="2" startTime="71500" endTime="71950"></Effect>
        <Effect label="3" startTime="71950" endTime="72450"></Effect>
        <Effect label="4" startTime="72450" endTime="72900"></Effect>
        <Effect label="1" startTime="72900" endTime="73400"></Effect>
        <Effect label="2" startTime="73400" endTime="73850"></Effect>
        <Effect label="3" startTime="73850" endTime="74350"></Effect>
        <Effect label="4" startTime="74350" endTime="74850"></Effect>
        <Effect label="1" startTime="74850" endTime="75300"></Effect>
        <Effect label="2" startTime="75300" endTime="75800"></Effect>
        <Effect label="3" startTime="75800" endTime="76250"></Effect>
        <Effect label="4" startTime="76250" endTime="76750"></Effect>
        <Effect label="1" startTime="76750" endTime="77250"></Effect>
        <Effect label="2" startTime="77250" endTime="77700"></Effect>
        <Effect label="3" startTime="77700" endTime="78200"></Effect>
        <Effect label="4" startTime="78200" endTime="78650"></Effect>
        <Effect label="1" startTime="78650" endTime="79150"></Effect>
        <Effect label="2" startTime="79150" endTime="79650"></Effect>
        <Effect label="3" startTime="79650" endTime="80100"></Effect>
        <Effect label="4" startTime="80100" endTime="80600"></Effect>
        <Effect label="1" startTime="80600" endTime="81050"></Effect>
        <Effect label="2" startTime="81050" endTime="81550"></Effect>
        <Effect label="3" startTime="81550" endTime="82000"></Effect>
        <Effect label="4" startTime="82000" endTime="82500"></Effect>
        <Effect label="1" startTime="82500" endTime="83000"></Effect>
        <Effect label="2" startTime="83000" endTime="83450"></Effect>
        <Effect label="3" startTime="83450" endTime="83950"></Effect>
        <Effect label="4" startTime="83950" endTime="84450"></Effect>
        <Effect label="1" startTime="84450" endTime="84900"></Effect>
        <Effect label="2" startTime="84900" endTime="85400"></Effect>
        <Effect label="3" startTime="85400" endTime="85850"></Effect>
        <Effect label="4" startTime="85850" endTime="86350"></Effect>
        <Effect label="1" startTime="86350" endTime="86850"></Effect>
        <Effect label="2" startTime="86850" endTime="87300"></Effect>
        <Effect label="3" startTime="87300" endTime="87800"></Effect>
        <Effect label="4" startTime="87800" endTime="88250"></Effect>
        <Effect label="1" startTime="88250" endTime="88750"></Effect>
        <Effect label="2" startTime="88750" endTime="89250"></Effect>
        <Effect label="3" startTime="89250" endTime="89700"></Effect>
        <Effect label="4" startTime="89700" endTime="90200"></Effect>
        <Effect label="1" startTime="90200" endTime="90650"></Effect>
        <Effect label="2" startTime="90650" endTime="91150"></Effect>
        <Effect label="3" startTime="91150" endTime="91600"></Effect>
        <Effect label="4" startTime="91600" endTime="92100"></Effect>
        <Effect label="1" startTime="92100" endTime="92600"></Effect>
        <Effect label="2" startTime="92600" endTime="93050"></Effect>
        <Effect label="3" startTime="93050" endTime="93550"></Effect>
        <Effect label="4" startTime="93550" endTime="94050"></Effect>
        <Effect label="1" startTime="94050" endTime="94500"></Effect>
        <Effect label="2" startTime="94500" endTime="95000"></Effect>
        <Effect label="3" startTime="95000" endTime="95450"></Effect>
        <Effect label="4" startTime="95450" endTime="95950"></Effect>
        <Effect label="1" startTime="95950" endTime="96400"></Effect>
        <Effect label="2" startTime="96400" endTime="96900"></Effect>
        <Effect label="3" startTime="96900" endTime="97400"></Effect>
        <Effect label="4" startTime="97400" endTime="97850"></Effect>
        <Effect label="1" startTime="97850" endTime="98350"></Effect>
        <Effect label="2" startTime="98350" endTime="98800"></Effect>
        <Effect label="3" startTime="98800" endTime="99300"></Effect>
        <Effect label="4" startTime="99300" endTime="99800"></Effect>
        <Effect label="1" startTime="99800" endTime="100250"></Effect>
        <Effect label="2" startTime="100250" endTime="100750"></Effect>
        <Effect label="3" startTime="100750" endTime="101250"></Effect>
        <Effect label="4" startTime="101250" endTime="101700"></Effect>
        <Effect label="1" startTime="101700" endTime="102200"></Effect>
        <Effect label="2" startTime="102200" endTime="102650"></Effect>
        <Effect label="3" startTime="102650" endTime="103150"></Effect>
        <Effect label="4" startTime="103150" endTime="103600"></Effect>
        <Effect label="1" startTime="103600" endTime="104100"></Effect>
        <Effect label="2" startTime="104100" endTime="104600"></Effect>
        <Effect label="3" startTime="104600" endTime="105050"></Effect>
        <Effect label="4" startTime="105050" endTime="105550"></Effect>
        <Effect label="1" startTime="105550" endTime="106000"></Effect>
        <Effect label="2" startTime="106000" endTime="106500"></Effect>
        <Effect label="3" startTime="106500" endTime="107000"></Effect>
        <Effect label="4" startTime="107000" endTime="107450"></Effect>
        <Effect label="1" startTime="107450" endTime="107950"></Effect>
        <Effect label="2" startTime="107950" endTime="108400"></Effect>
        <Effect label="3" startTime="108400" endTime="108900"></Effect>
        <Effect label="4" startTime="108900" endTime="109400"></Effect>
        <Effect label="1" startTime="109400" endTime="109850"></Effect>
        <Effect label="2" startTime="109850" endTime="110350"></Effect>
        <Effect label="3" startTime="110350" endTime="110800"></Effect>
        <Effect label="4" startTime="110800" endTime="111300"></Effect>
        <Effect label="1" startTime="111300" endTime="111750"></Effect>
        <Effect label="2" startTime="111750" endTime="112250"></Effect>
        <Effect label="3" startTime="112250" endTime="112750"></Effect>
        <Effect label="4" startTime="112750" endTime="113200"></Effect>
        <Effect label="1" startTime="113200" endTime="113700"></Effect>
        <Effect label="2" startTime="113700" endTime="114200"></Effect>
        <Effect label="3" startTime="114200" endTime="114650"></Effect>
        <Effect label="4" startTime="114650" endTime="115150"></Effect>
        <Effect label="1" startTime="115150" endTime="115600"></Effect>
        <Effect label="2" startTime="115600" endTime="116100"></Effect>
        <Effect label="3" startTime="116100" endTime="116600"></Effect>
        <Effect label="4" startTime="116600" endTime="117050"></Effect>
        <Effect label="1" startTime="117050" endTime="117550"></Effect>
        <Effect label="2" startTime="117550" endTime="118050"></Effect>
        <Effect label="3" startTime="118050" endTime="118500"></Effect>
        <Effect label="4" startTime="118500" endTime="119000"></Effect>
        <Effect label="1" startTime="119000" endTime="119450"></Effect>
        <Effect label="2" startTime="119450" endTime="119950"></Effect>
        <Effect label="3" startTime="119950" endTime="120400"></Effect>
        <Effect label="4" startTime="120400" endTime="120900"></Effect>
        <Effect label="1" startTime="120900" endTime="121400"></Effect>
        <Effect label="2" startTime="121400" endTime="121850"></Effect>
        <Effect label="3" startTime="121850" endTime="122350"></Effect>
        <Effect label="4" startTime="122350" endTime="122800"></Effect>
        <Effect label="1" startTime="122800" endTime="123300"></Effect>
        <Effect label="2" startTime="123300" endTime="123800"></Effect>
        <Effect label="3" startTime="123800" endTime="124250"></Effect>
        <Effect label="4" startTime="124250" endTime="124750"></Effect>
        <Effect label="1" startTime="124750" endTime="125200"></Effect>
        <Effect label="2" startTime="125200" endTime="125700"></Effect>
        <Effect label="3" startTime="125700" endTime="126200"></Effect>
        <Effect label="4" startTime="126200" endTime="126650"></Effect>
        <Effect label="1" startTime="126650" endTime="127150"></Effect>
        <Effect label="2" startTime="127150" endTime="127600"></Effect>
        <Effect label="3" startTime="127600" endTime="128100"></Effect>
        <Effect label="4" startTime="128100" endTime="128600"></Effect>
        <Effect label="1" startTime="128600" endTime="129050"></Effect>
        <Effect label="2" startTime="129050" endTime="129550"></Effect>
        <Effect label="3" startTime="129550" endTime="130000"></Effect>
        <Effect label="4" startTime="130000" endTime="130500"></Effect>
        <Effect label="1" startTime="130500" endTime="131000"></Effect>
        <Effect label="2" startTime="131000" endTime="131450"></Effect>
        <Effect label="3" startTime="131450" endTime="131950"></Effect>
        <Effect label="4" startTime="131950" endTime="132450"></Effect>
        <Effect label="1" startTime="132450" endTime="132900"></Effect>
        <Effect label="2" startTime="132900" endTime="133400"></Effect>
        <Effect label="3" startTime="133400" endTime="133850"></Effect>
        <Effect label="4" startTime="133850" endTime="134350"></Effect>
        <Effect label="1" startTime="134350" endTime="134800"></Effect>
        <Effect label="2" startTime="134800" endTime="135300"></Effect>
        <Effect label="3" startTime="135300" endTime="135800"></Effect>
        <Effect label="4" startTime="135800" endTime="136250"></Effect>
        <Effect label="1" startTime="136250" endTime="136750"></Effect>
        <Effect label="2" startTime="136750" endTime="137250"></Effect>
        <Effect label="3" startTime="137250" endTime="137700"></Effect>
        <Effect label="4" startTime="137700" endTime="138200"></Effect>
        <Effect label="1" startTime="138200" endTime="138650"></Effect>
        <Effect label="2" startTime="138650" endTime="139150"></Effect>
        <Effect label="3" startTime="139150" endTime="139600"></Effect>
        <Effect label="4" startTime="139600" endTime="140100"></Effect>
        <Effect label="1" startTime="140100" endTime="140600"></Effect>
        <Effect label="2" startTime="140600" endTime="141050"></Effect>
        <Effect label="3" startTime="141050" endTime="141550"></Effect>
        <Effect label="4" startTime="141550" endTime="142000"></Effect>
        <Effect label="1" startTime="142000" endTime="142500"></Effect>
        <Effect label="2" startTime="142500" endTime="143000"></Effect>
        <Effect label="3" startTime="143000" endTime="143450"></Effect>
        <Effect label="4" startTime="143450" endTime="143950"></Effect>
        <Effect label="1" startTime="143950" endTime="144450"></Effect>
        <Effect label="2" startTime="144450" endTime="144900"></Effect>
        <Effect label="3" startTime="144900" endTime="145400"></Effect>
        <Effect label="4" startTime="145400" endTime="145850"></Effect>
        <Effect label="1" startTime="145850" endTime="146350"></Effect>
        <Effect label="2" startTime="146350" endTime="146850"></Effect>
        <Effect label="3" startTime="146850" endTime="147300"></Effect>
        <Effect label="4" startTime="147300" endTime="147800"></Effect>
        <Effect label="1" startTime="147800" endTime="148250"></Effect>
        <Effect label="2" startTime="148250" endTime="148750"></Effect>
        <Effect label="3" startTime="148750" endTime="149200"></Effect>
        <Effect label="4" startTime="149200" endTime="149700"></Effect>
        <Effect label="1" startTime="149700" endTime="150200"></Effect>
        <Effect label="2" startTime="150200" endTime="150650"></Effect>
        <Effect label="3" startTime="150650" endTime="151150"></Effect>
        <Effect label="4" startTime="151150" endTime="151650"></Effect>
        <Effect label="1" startTime="151650" endTime="152100"></Effect>
        <Effect label="2" startTime="152100" endTime="152600"></Effect>
        <Effect label="3" startTime="152600" endTime="153050"></Effect>
        <Effect label="4" startTime="153050" endTime="153550"></Effect>
        <Effect label="1" startTime="153550" endTime="154000"></Effect>
        <Effect label="2" startTime="154000" endTime="154500"></Effect>
        <Effect label="3" startTime="154500" endTime="155000"></Effect>
        <Effect label="4" startTime="155000" endTime="155450"></Effect>
        <Effect label="1" startTime="155450" endTime="155950"></Effect>
        <Effect label="2" startTime="155950" endTime="156450"></Effect>
        <Effect label="3" startTime="156450" endTime="156900"></Effect>
        <Effect label="4" startTime="156900" endTime="157400"></Effect>
        <Effect label="1" startTime="157400" endTime="157850"></Effect>
        <Effect label="2" startTime="157850" endTime="158350"></Effect>
        <Effect label="3" startTime="158350" endTime="158800"></Effect>
        <Effect label="4" startTime="158800" endTime="159300"></Effect>
        <Effect label="1" startTime="159300" endTime="159800"></Effect>
        <Effect label="2" startTime="159800" endTime="160250"></Effect>
        <Effect label="3" startTime="160250" endTime="160750"></Effect>
        <Effect label="4" startTime="160750" endTime="161250"></Effect>
        <Effect label="1" startTime="161250" endTime="161700"></Effect>
        <Effect label="2" startTime="161700" endTime="162200"></Effect>
        <Effect label="3" startTime="162200" endTime="162650"></Effect>
        <Effect label="4" startTime="162650" endTime="163150"></Effect>
        <Effect label="1" startTime="163150" endTime="163650"></Effect>
        <Effect label="2" startTime="163650" endTime="164100"></Effect>
        <Effect label="3" startTime="164100" endTime="164600"></Effect>
        <Effect label="4" startTime="164600" endTime="165050"></Effect>
        <Effect label="1" startTime="165050" endTime="165550"></Effect>
        <Effect label="2" startTime="165550" endTime="166000"></Effect>
        <Effect label="3" startTime="166000" endTime="166500"></Effect>
        <Effect label="4" startTime="166500" endTime="167000"></Effect>
        <Effect label="1" startTime="167000" endTime="167450"></Effect>
        <Effect label="2" startTime="167450" endTime="167950"></Effect>
        <Effect label="3" startTime="167950" endTime="168450"></Effect>
        <Effect label="4" startTime="168450" endTime="168900"></Effect>
        <Effect label="1" startTime="168900" endTime="169400"></Effect>
        <Effect label="2" startTime="169400" endTime="169850"></Effect>
        <Effect label="3" startTime="169850" endTime="170350"></Effect>
        <Effect label="4" startTime="170350" endTime="170800"></Effect>
        <Effect label="1" startTime="170800" endTime="171300"></Effect>
        <Effect label="2" startTime="171300" endTime="171300"></Effect>
      </EffectLayer>
    </Element>
    <Element type="model" name="Matrix">
      <EffectLayer>
        <Effect ref="33" name="Text" selected="1" startTime="50" endTime="171600" palette="6"/>
      </EffectLayer>
    </Element>
  </ElementEffects>
  <lastView>0</lastView>
  <TimingTags>
    <Tag number="0" position="-1"/>
    <Tag number="1" position="-1"/>
    <Tag number="2" position="-1"/>
    <Tag number="3" position="-1"/>
    <Tag number="4" position="-1"/>
    <Tag number="5" position="-1"/>
    <Tag number="6" position="-1"/>
    <Tag number="7" position="-1"/>
    <Tag number="8" position="-1"/>
    <Tag number="9" position="-1"/>
  </TimingTags>
</xsequence>
