<?xml version="1.0" encoding="UTF-8"?>
<!DOCTYPE html>
<xrgb>
  <models>
    <model DisplayAs="Custom" StartSide="B" Dir="L" Antialias="1" PixelSize="2" Transparency="0" parm3="1" LayoutGroup="Default" name="Letterbox" StringType="GBR Nodes" parm2="9" parm1="18" Depth="1" CustomModel="100,99,98,97,96,95,79,78,,,61,60,45,44,29,28,13,12;,,,,,94,80,77,,,62,59,46,43,30,27,14,11;,,,,,93,81,76,,,63,58,47,42,31,26,15,10;,,,,,92,82,75,,,64,57,48,41,32,25,16,9;,,,,,91,83,74,,,65,56,49,40,33,24,17,8;,,,,,90,84,73,,,66,55,50,39,34,23,18,7;,,,,,89,85,72,,,67,54,51,38,35,22,19,6;,,,,,88,86,71,70,69,68,53,52,37,36,21,20,5;,,,,,87,,,,,,,,,1,2,3,4" CustomBkgLightness="0" CustomBkgImage="" WorldPosX="633.4998" WorldPosY="83.3733" WorldPosZ="0.0000" ScaleX="7.9444" ScaleY="4.8059" ScaleZ="7.9444" RotateX="0" RotateY="0" RotateZ="0" versionNumber="3" StartChannel="&gt;Arches:1">
      <ControllerConnection/>
    </model>
    <model DisplayAs="Icicles" StartSide="B" Dir="L" Antialias="1" PixelSize="2" Transparency="0" parm3="1" name="Icicles" LayoutGroup="Default" DropPattern="3,4,5" parm2="60" parm1="3" StringType="GBR Nodes" WorldPosX="564.9467" WorldPosY="197.1105" WorldPosZ="0.0000" X2="-510.542969" Y2="11.454391" Z2="0.000000" RotateX="0" Height="-0.500000" Shear="0.000000" versionNumber="3" StartChannel="#20:31">
      <ControllerConnection/>
    </model>
    <model StringType="RGB Nodes" StartSide="B" Dir="L" Antialias="1" PixelSize="2" Transparency="0" parm2="50" LayoutGroup="Default" DisplayAs="Tree Flat" parm1="1" parm3="5" name="Ribbon Tree" WorldPosX="169.6342" WorldPosY="123.6019" WorldPosZ="0.0000" ScaleX="1.5399" ScaleY="3.5135" ScaleZ="1.5399" RotateX="0" RotateY="0" RotateZ="0" versionNumber="3" StartChannel="&gt;Garage Corner:1">
      <ControllerConnection/>
    </model>
    <model StringType="RGB Nodes" StartSide="B" Dir="L" Antialias="1" PixelSize="2" Transparency="0" parm3="1" name="Matrix" DisplayAs="Horiz Matrix" parm1="16" LayoutGroup="Default" parm2="192" ModelChain="Garage Corner2" WorldPosX="492.7283" WorldPosY="211.7562" WorldPosZ="0.0000" ScaleX="0.8618" ScaleY="0.7195" ScaleZ="1.1237" RotateX="0" RotateY="0" RotateZ="0" versionNumber="3" StartChannel="5:1">
      <ControllerConnection/>
    </model>
    <model DisplayAs="Single Line" StringType="RGB Nodes" StartSide="B" Dir="L" Antialias="1" PixelSize="2" Transparency="0" parm1="1" parm2="50" parm3="1" LayoutGroup="Default" name="Garage Strip Back" Description="12V WS2811 Strip" ModelChain="Garage Corner2" WorldPosX="214.0006" WorldPosY="151.5438" WorldPosZ="0.0000" X2="285.999390" Y2="-1.543900" Z2="0.000000" versionNumber="3" StartChannel="&gt;Garage Strip Middle Back:1">
      <dimmingCurve>
        <all brightness="-75" gamma="1.0"/>
      </dimmingCurve>
      <ControllerConnection/>
    </model>
    <model DisplayAs="Single Line" StringType="RGB Nodes" StartSide="B" Dir="L" Antialias="1" PixelSize="2" Transparency="0" parm1="1" parm2="50" parm3="1" LayoutGroup="Default" name="Garage Strip Middle Front" Description="12V WS2811 Strip" ModelChain="Garage Corner2" WorldPosX="190.4132" WorldPosY="194.9640" WorldPosZ="0.0000" X2="305.265656" Y2="4.533646" Z2="0.000000" versionNumber="3" StartChannel="&gt;Ribbon Tree:4">
      <dimmingCurve>
        <all brightness="-75" gamma="1.0"/>
      </dimmingCurve>
      <ControllerConnection/>
    </model>
    <model DisplayAs="Single Line" StartSide="B" Antialias="1" PixelSize="2" Transparency="0" parm1="1" parm3="1" LayoutGroup="Default" name="House Corner Right" Dir="R" Description="12V WS2811 Strip" StringType="RGB Nodes" parm2="28" ModelChain="Garage Corner2" WorldPosX="996.0000" WorldPosY="102.9156" WorldPosZ="0.0000" X2="-4.000000" Y2="126.601402" Z2="0.000000" versionNumber="3" StartChannel="&gt;Gutter:1">
      <dimmingCurve>
        <all brightness="-75" gamma="1.0"/>
      </dimmingCurve>
      <ControllerConnection/>
    </model>
    <model DisplayAs="Single Line" StringType="RGB Nodes" StartSide="B" Antialias="1" PixelSize="2" Transparency="0" parm1="1" parm3="1" LayoutGroup="Default" Dir="R" Description="12V WS2811 Strip" parm2="15" ModelChain="Garage Corner2" name="Garage Corner" WorldPosX="112.9997" WorldPosY="122.9999" WorldPosZ="0.0000" X2="0.000000" Y2="83.163803" Z2="0.000000" versionNumber="3" StartChannel="&gt;Garage Strip Front:1">
      <dimmingCurve>
        <all brightness="-75" gamma="1.0"/>
      </dimmingCurve>
      <ControllerConnection/>
    </model>
    <model DisplayAs="Single Line" StringType="RGB Nodes" StartSide="B" Antialias="1" PixelSize="2" Transparency="0" parm1="1" parm3="1" LayoutGroup="Default" name="Garage Strip Front" Dir="R" Description="12V WS2811 Strip" parm2="60" ModelChain="Garage Corner2" WorldPosX="173.7899" WorldPosY="219.1434" WorldPosZ="0.0000" X2="300.731995" Y2="-1.511215" Z2="0.000000" versionNumber="3" StartChannel="#14:91">
      <dimmingCurve>
        <all brightness="-75" gamma="1.0"/>
      </dimmingCurve>
      <ControllerConnection/>
    </model>
    <model Antialias="1" PixelSize="2" Transparency="0" LayoutGroup="Default" DisplayAs="Vert Matrix" parm1="1" parm2="150" parm3="15" name="Shirt Matrix" StringType="GRB Nodes" Dir="R" StartSide="B" Description="5V WS2811 Strip" ModelChain="Garage Corner2" WorldPosX="468.9920" WorldPosY="92.7929" WorldPosZ="0.0000" ScaleX="4.6677" ScaleY="6.2064" ScaleZ="6.2064" RotateX="0" RotateY="0" RotateZ="0" versionNumber="3" StartChannel="#30:1">
      <dimmingCurve>
        <all brightness="-90" gamma="1.0"/>
      </dimmingCurve>
      <ControllerConnection/>
    </model>
    <model StringType="RGB Nodes" StartSide="B" Dir="L" Antialias="1" PixelSize="2" Transparency="0" parm2="50" parm3="1" DisplayAs="Tree 360" LayoutGroup="Default" TreeRotation="0.000000" TreeSpiralRotations="10.000000" parm1="1" name="Small Spiral Tree 4" Description="12V WS2811 Strip" ModelChain="Garage Corner2" WorldPosX="1025.9200" WorldPosY="119.9256" WorldPosZ="0.0000" ScaleX="0.4086" ScaleY="0.5735" ScaleZ="0.5735" RotateX="0" RotateY="0" RotateZ="0" versionNumber="3" StartChannel="&gt;Small Spiral Tree 3:1">
      <dimmingCurve>
        <all brightness="-75" gamma="1.0"/>
      </dimmingCurve>
      <ControllerConnection/>
    </model>
    <model StringType="RGB Nodes" StartSide="B" Dir="L" Antialias="1" PixelSize="2" Transparency="0" parm2="50" parm3="1" DisplayAs="Tree 360" LayoutGroup="Default" TreeRotation="0.000000" parm1="1" TreeSpiralRotations="10.000000" name="Small Spiral Tree 3" Description="12V WS2811 Strip" ModelChain="Garage Corner2" WorldPosX="957.9520" WorldPosY="118.2444" WorldPosZ="0.0000" ScaleX="0.4086" ScaleY="0.6133" ScaleZ="0.6133" RotateX="0" RotateY="0" RotateZ="0" versionNumber="3" StartChannel="&gt;Small Spiral Tree 2:1">
      <dimmingCurve>
        <all brightness="-75" gamma="1.0"/>
      </dimmingCurve>
      <ControllerConnection/>
    </model>
    <model StringType="RGB Nodes" StartSide="B" Dir="L" Antialias="1" PixelSize="2" Transparency="0" parm2="50" parm3="1" DisplayAs="Tree 360" LayoutGroup="Default" TreeRotation="0.000000" TreeSpiralRotations="10.000000" parm1="1" name="Small Spiral Tree 2" Description="12V WS2811 Strip" ModelChain="Garage Corner2" WorldPosX="872.1920" WorldPosY="119.3185" WorldPosZ="0.0000" ScaleX="0.4792" ScaleY="0.5735" ScaleZ="0.5735" RotateX="0" RotateY="0" RotateZ="0" versionNumber="3" StartChannel="&gt;Small Spiral Tree 1:1">
      <dimmingCurve>
        <all brightness="-75" gamma="1.0"/>
      </dimmingCurve>
      <ControllerConnection/>
    </model>
    <model StringType="RGB Nodes" StartSide="B" Dir="L" Antialias="1" PixelSize="2" Transparency="0" parm2="50" parm3="1" DisplayAs="Tree 360" LayoutGroup="Default" parm1="1" TreeSpiralRotations="10.000000" name="Small Spiral Tree 1" Description="12V WS2811 Strip" ModelChain="Garage Corner2" WorldPosX="785.1520" WorldPosY="116.2363" WorldPosZ="0.0000" ScaleX="0.4562" ScaleY="0.5866" ScaleZ="0.5866" RotateX="0" RotateY="0" RotateZ="0" versionNumber="3" StartChannel="#17:361">
      <dimmingCurve>
        <all brightness="-75" gamma="1.0"/>
      </dimmingCurve>
      <ControllerConnection/>
    </model>
    <model DisplayAs="Custom" StartSide="B" Dir="L" parm3="1" CustomModel=",,,,,,,,,,,,,,,,,,,,,,,,,,,,,114,115,,,,,,,,,,,,,,,,,,,,,,,,,,,;,,,,,,,,,,,,,,,,,,,,,,,,,,,113,,,116,,,,,,,,,,,,,,,,,,,,,,,,,,,;,,,,,,,,,,,,,,,,,,,,,,,,,,,112,,,,,,,,,,,,,,,,,,,,,,,,,,,,,,;,,,,,,,,,,,,,,,,,,,,,,,,,,,,,,,117,,,,,,,,,,,,,,,,,,,,,,,,,,;,,,,,,,,,,,,,,,,,,,,,,,,,,111,,,,,,118,,,,,,,,,,,,,,,,,,,,,,,,,;,,,,,,,,,,,,,,,,,,,,,,,,,,110,,,,,,119,,,,,,,,,,,,,,,,,,,,,,,,,;,,,,,,,,,,,,,,,,,,,,,,,,,109,,,,,,,,120,,,,,,,,,,,,,,,,,,,,,,,,;,,,,,,,,,,,,,,,,,,,,,,,108,,,,,,,,,,,,,,,,,,,,,,,,,,,,,,,,,,;,,,,,,,,,,,,,,,,,,,,,,107,,,,,,,,,,,,,121,,,,,,,,,,,,,,,,,,,,,,;,,,,,,,,,,,,,,,,,,,,,106,,,,,,,,,,,,,,,122,,,,,,,,,,,,,,,,,,,,,;,,,,,,,,,,,,,,,,,,,,,,,,,,,,,,,,,,,,,123,,,,,,,,,,,,,,,,,,,,;,,,,,,,,,,,,,,,,,,,,,105,,,,,,,,,,,,,,,,,124,,,,,,,,,,,,,,,,,,,;,,,,,,,,,,,,,,,,,,,104,,,,,,,,,,,,,,,,,,,,125,,,,,,,,,,,,,,,,,,;,,,,,,,,,,,,,,,,,,103,,,,,98,,97,,,,,,,,,82,81,,,,,126,,,,,,,,,,,,,,,,,;,,,,,,,,,,,,,,,,,102,,,,,99,,,,96,,,,,,,,,,,,,,,,,,,,,,,,,,,,,,,;,,,,,,,,,,,,,,,233,,,,,,100,,,,,,95,,,,,83,,,,80,,,,,,127,,,,,,,,,,,,,,,;,,,,,,,,,,,,,,232,,,,,,,,,,,,,,,,,84,,,,,,79,,,,,,128,,,,,,,,,,,,,,;,,,,,,,,,,,230,,231,,,,,,,,101,,,,,,85,,,,74,,,,,,78,,,,,,,129,,,,,,,,,,,,,;,,,,,,,,,228,229,,,,,,,,,,,91,92,,93,,94,86,,,,,,75,76,,77,,,,,,,,,,130,131,,,,,,,,,,;,,,,,,,,,,,,,,,,,,,,,,,,,,,,,,,73,,,,,,68,,,,,,,,,,,132,,,,,,,,,;,,,,,,,227,,,,,,,,,,,,,,,90,,,,,87,,,,,72,,,,69,,,,,,,,,,,,,133,,,,,,,,;,,,,,,,,,226,,,,,,,,,,,,,,,89,88,,,,,,,,,,,,,,,,,,,,,,,,,134,,,,,,,;,,,,,,,,,,225,224,,,,,,,,,,,,,,,,,,,,,,71,,70,,,,,,,,,,,,,,135,,,,,,,,;,,,,,,,,,,,,,223,,,,,,,,,,,,,,,,,,,,,,,,,,,,,,,,,,137,136,,,,,,,,,;,,,,,,,,,,,,,,,,,,,,,,,,,,,,,,,,,,,,,,,,,,,,,138,,,,,,,,,,,,;,,,,,,,,,,,,222,,,,,,,,,,,,,,,,,,,,,,,,,,,,,,,,,,,,,,,,,,,,,;,,,,,,,,,,,221,,,,,,,,,,,,,,,,,,,,,,,,,,,,,,,,,,139,,,,,,,,,,,,;,,,,,,,,,,220,,,,,,,,51,52,,,,,,,,,,,,,,,,,,,,,,,,,,,,140,,,,,,,,,,;,,,,,,,,219,,,,,,,,,,,,,53,,,,,,,,,,,,,,,,,,66,67,,,,,,,,141,,,,,,,,,;,,,,,,,,,,,,,,,,,1,,,,,,,,,,,,,,,,,,,,,,,,,,,,,,,,,142,,,,,,,;,,,,,,,218,,,,,,,,,,,,,,,54,,,,,,,,,,,,,,,65,,,25,,,,,,,,,,,,,,,,,;,,,,,,217,,,,,,,,,,,2,,50,,,,55,,,,,,,,,,,,,,64,,26,,,,,,,,,,,,143,,,,,,;,,,,216,,,,,,,,,,,,,,,,49,,,,56,,,,,,,,,,,63,,,,,24,,,,,,,,,,,,144,,,,,;,,,215,,,,,,,,,,,,,,,3,,,,,,,,57,,,,,,61,,62,,,,27,,,,,,,,,,,,,,,,145,,,;,,214,,,,,,,,,,,,,,,,,,,,48,,,,,58,,59,,60,,,,,,28,,,,23,,,,,,,,,,,,,,146,,;,,,,,,,,,,,,,,,,,,4,,,,,47,,46,,,,,,,,45,,29,,,,,,,,,,,,,,,,,,,,,147,;,,213,,,,,,,,,,,,,,,,,,,,,,,40,,,,,,,,,30,,,,,,22,,,,,,,,,,,,,,,,,;,,,,212,211,,210,,,,,,,,,,,,,5,,,,,,41,,42,,43,,,44,,,,,,,,,,,,,,,,,,,,,,148,,;,,,,,,,,,209,,,,,,,,,,,,,,,39,,,,,,,,,,31,,,,,21,,,,,,,,,,,,151,150,,149,,,;,,,,,,,,,,,,,,,,,,,,6,,,,,,,,,,,,,,,,,,,,,,,,,,,,,,152,,,,,,,;,,,,,,,,208,,,,,,,,,,,,,7,,,,38,,,,,,,,,32,,,20,,,,,,,,,,,,,153,,,,,,,;,,,,,,,207,,,,,,,,,,,,,,,,,,,37,,,,,,,,,,,19,,,,,,,,,,,,,,154,,,,,,;,,,,,,,,,,,,,,,,,,,,,,8,,,,,36,,,,,33,,,,,,,,,,,,,,,,,,,,,,,,,;,,,,,206,,,,,,,,,,,,,,,,,,,,,,,,35,,34,,,,,18,,,,,,,,,,,,,,,,155,,,,,;,,,,205,,,,,,,,,,,,,,,,,,,9,,,,,,,,,,,,17,,,,,,,,,,,,,,,,,,156,,,,;,,,204,,,,,,,,,,,,,,,,,,,,,10,,,,,,,,,,16,,,,,,,,,,,,,,,,,,,,,157,,;,203,,,,,,,,,,,,,,,,,,,,,,,,,11,12,,13,,14,15,,,,,,,,,,,,,,,,,,,,,,,,,;202,,,,,,,,,,,,,,,,,,,,,,,,,,,,,,,,,,,,,,,,,,,,,,,,,,,,,,,,158,;,201,,,,,197,,196,,,,,,,,,,,,,,,,,,,,,,,,,,,,,,,,,,,,,,,,,,,,,,,,,159;,,,,,,,,,,,,,192,,191,,,,,,,186,185,,,,,,,,,,,,176,,175,,,,,,170,169,,,,,,165,164,,,,,160,;,,200,,199,198,,,,195,,194,193,,,,190,189,,188,187,,,,184,,183,182,181,180,,179,178,,177,,,,174,173,172,,171,,,,168,167,166,,,,,163,,161,,;,,,,,,,,,,,,,,,,,,,,,,,,,,,,,,,,,,,,,,,,,,,,,,,,,,,,,,162,,," parm1="58" parm2="52" StringType="RGB Nodes" PixelSize="2" Transparency="0" ModelBrightness="" Antialias="1" StrandNames="" NodeNames="" name="Singing_Tree" LayoutGroup="Default" Description="5V WS2811 Pixels" ModelChain="Garage Corner2" WorldPosX="624.8960" WorldPosY="211.5043" WorldPosZ="0.0000" ScaleX="1.0350" ScaleY="0.8388" ScaleZ="0.8388" RotateX="0" RotateY="0" RotateZ="0" versionNumber="3" StartChannel="#8:31">
      <faceInfo Name="Singer" CustomColors="1" Eyes-Closed="68-78,85-94,101" Eyes-Closed-Color="#ffffff" Eyes-Open="68-74,78-84,85-91,95-101,93,76" Eyes-Open-Color="#ffffff" FaceOutline="102-233" FaceOutline-Color="#00ff00" Mouth-AI="1-25,51-67" Mouth-AI-Color="#ff0000" Mouth-E="1-25,51-67" Mouth-E-Color="#ff0000" Mouth-FV="51-67" Mouth-FV-Color="#ff0000" Mouth-L="1,51-67,25-30,40-44,47-50,46,45" Mouth-L-Color="#ff0000" Mouth-MBP="51-67" Mouth-MBP-Color="#ff0000" Mouth-O="30-40,45-46,58-60" Mouth-O-Color="#ff0000" Mouth-U="30-40,45-46,58-60" Mouth-U-Color="#ff0000" Mouth-WQ="30-40,45-46,58-60" Mouth-WQ-Color="#ff0000" Mouth-etc="1,25-30,40-44,47-50,51-67" Mouth-etc-Color="#ff0000" Mouth-off="" Mouth-off-Color="" Mouth-rest="1,51-67,25-30,40-44,47-50" Mouth-rest-Color="#ff0000" Type="NodeRange"/>
      <dimmingCurve>
        <all brightness="-70" gamma="1.0"/>
      </dimmingCurve>
      <ControllerConnection/>
    </model>
    <model DisplayAs="Single Line" parm1="1" parm3="1" StartSide="B" PixelSize="2" Transparency="0" name="Gutter" Antialias="1" LayoutGroup="Default" Dir="L" Description="12V WS2811 Strip" StringType="RGB Nodes" parm2="72" ModelChain="Garage Corner2" WorldPosX="567.0003" WorldPosY="236.2245" WorldPosZ="0.0000" X2="439.998688" Y2="0.000000" Z2="0.000000" versionNumber="3" StartChannel="#15:481">
      <dimmingCurve>
        <all brightness="-75" gamma="1.0"/>
      </dimmingCurve>
      <ControllerConnection/>
    </model>
    <model name="Left Window" DisplayAs="Custom" StringType="RGB Nodes" parm3="1" StartSide="B" Dir="L" PixelSize="2" Transparency="0" Antialias="1" LayoutGroup="Default" Description="5V WS2811 Pixels" parm2="18" parm1="16" CustomModel="33,32,31,30,29,28,27,26,25,24,23,22,21,20,19,18;34,,,,,,,,,,,,,,,17;35,,,,,,,,,,,,,,,16;36,,,,,,,,,,,,,,,15;37,,,,,,,,,,,,,,,14;38,,,,,,,,,,,,,,,13;39,,,,,,,,,,,,,,,12;40,,,,,,,,,,,,,,,11;41,,,,,,,,,,,,,,,10;42,,,,,,,,,,,,,,,9;43,,,,,,,,,,,,,,,8;44,,,,,,,,,,,,,,,7;45,,,,,,,,,,,,,,,6;46,,,,,,,,,,,,,,,5;47,,,,,,,,,,,,,,,4;48,,,,,,,,,,,,,,,3;49,,,,,,,,,,,,,,,2;50,,,,,,,,,,,,,,,1" CustomBkgLightness="0" ModelChain="Garage Corner2" WorldPosX="703.6160" WorldPosY="172.9301" WorldPosZ="0.0000" ScaleX="6.2480" ScaleY="6.3330" ScaleZ="6.3330" RotateX="0" RotateY="0" RotateZ="0" versionNumber="3" StartChannel="#7:241">
      <dimmingCurve>
        <all brightness="-75" gamma="1.0"/>
      </dimmingCurve>
      <ControllerConnection/>
    </model>
    <model name="Right Window" DisplayAs="Custom" StringType="RGB Nodes" parm1="16" parm2="18" parm3="1" StartSide="B" Dir="L" PixelSize="2" Transparency="0" CustomModel="18,19,20,21,22,23,24,25,26,27,28,29,30,31,32,33;17,,,,,,,,,,,,,,,34;16,,,,,,,,,,,,,,,35;15,,,,,,,,,,,,,,,36;14,,,,,,,,,,,,,,,37;13,,,,,,,,,,,,,,,38;12,,,,,,,,,,,,,,,39;11,,,,,,,,,,,,,,,40;10,,,,,,,,,,,,,,,41;9,,,,,,,,,,,,,,,42;8,,,,,,,,,,,,,,,43;7,,,,,,,,,,,,,,,44;6,,,,,,,,,,,,,,,45;5,,,,,,,,,,,,,,,46;4,,,,,,,,,,,,,,,47;3,,,,,,,,,,,,,,,48;2,,,,,,,,,,,,,,,49;1,,,,,,,,,,,,,,,50" Antialias="1" LayoutGroup="Default" Description="5V WS2811 Pixels" ModelChain="Garage Corner2" WorldPosX="899.2000" WorldPosY="171.2489" WorldPosZ="0.0000" ScaleX="6.1280" ScaleY="6.6132" ScaleZ="6.6132" RotateX="0" RotateY="0" RotateZ="0" versionNumber="3" StartChannel="#6:451">
      <dimmingCurve>
        <all brightness="-75" gamma="1.0"/>
      </dimmingCurve>
      <ControllerConnection/>
    </model>
    <model name="Big Star" DisplayAs="Star" StringType="RGB Nodes" starSizes="35,15" parm1="1" parm2="50" parm3="5" StartSide="B" Dir="R" PixelSize="2" Transparency="0" Antialias="1" LayoutGroup="Default" Description="5V WS2811 Pixels" ModelChain="Garage Corner2" WorldPosX="844.0320" WorldPosY="372.5726" WorldPosZ="0.0000" ScaleX="1.9627" ScaleY="1.8187" ScaleZ="1.8187" RotateX="0" RotateY="0" RotateZ="1" versionNumber="3" StartChannel="#1:451">
      <dimmingCurve>
        <all brightness="-75" gamma="1.0"/>
      </dimmingCurve>
      <ControllerConnection/>
    </model>
    <model name="Megatree" StringType="RGB Nodes" PixelSize="2" Transparency="0" Antialias="1" LayoutGroup="Default" Description="5V WS2811 Pixels" Dir="L" StartSide="B" ModelChain="Garage Corner2" DisplayAs="Tree 120" parm1="13" parm2="50" parm3="1" Advanced="1" String1="#3:181" String2="#3:331" String3="#3:481" String4="#4:121" String7="#5:61" String8="#5:211" String9="#5:361" String10="#6:1" String11="#1:1" String12="#1:151" String13="#1:301" String5="#2:91" String6="#2:241" WorldPosX="845.1840" WorldPosY="223.4595" WorldPosZ="0.0000" ScaleX="1.9200" ScaleY="1.7466" ScaleZ="1.7466" RotateX="0" RotateY="0" RotateZ="0" versionNumber="3" StartChannel="#3:181">
      <faceInfo Name="Sparkle" Mouth-AI-EyesClosed="" Mouth-AI-EyesOpen="" Mouth-E-EyesClosed="" Mouth-E-EyesOpen="" Mouth-FV-EyesClosed="" Mouth-FV-EyesOpen="" Mouth-L-EyesClosed="" Mouth-L-EyesOpen="" Mouth-MBP-EyesClosed="" Mouth-MBP-EyesOpen="" Mouth-O-EyesClosed="" Mouth-O-EyesOpen="/home/debenham/Nextcloud/Lights/Home/2019/Logans_Trees/Sparkle O.gif" Mouth-U-EyesClosed="" Mouth-U-EyesOpen="/home/debenham/Nextcloud/Lights/Home/2019/Logans_Trees/Sparkle U.gif" Mouth-WQ-EyesClosed="" Mouth-WQ-EyesOpen="" Mouth-etc-EyesClosed="" Mouth-etc-EyesOpen="" Mouth-rest-EyesClosed="" Mouth-rest-EyesOpen="/home/debenham/Nextcloud/Lights/Home/2019/Logans_Trees/Sparkle Rest.gif" Type="Matrix"/>
      <faceInfo Name="Singing Matrix Tree" Mouth-AI-EyesClosed="" Mouth-AI-EyesOpen="/home/debenham/Nextcloud/Lights/Home/2019/Logans_Trees/Troll AI5.gif" Mouth-E-EyesClosed="" Mouth-E-EyesOpen="/home/debenham/Nextcloud/Lights/Home/2019/Logans_Trees/Troll E5.gif" Mouth-FV-EyesClosed="" Mouth-FV-EyesOpen="/home/debenham/Nextcloud/Lights/Home/2019/Logans_Trees/Troll FV5.gif" Mouth-L-EyesClosed="" Mouth-L-EyesOpen="/home/debenham/Nextcloud/Lights/Home/2019/Logans_Trees/Troll L5.gif" Mouth-MBP-EyesClosed="" Mouth-MBP-EyesOpen="/home/debenham/Nextcloud/Lights/Home/2019/Logans_Trees/Troll MBP5.gif" Mouth-O-EyesClosed="" Mouth-O-EyesOpen="/home/debenham/Nextcloud/Lights/Home/2019/Logans_Trees/Troll O5.gif" Mouth-U-EyesClosed="" Mouth-U-EyesOpen="/home/debenham/Nextcloud/Lights/Home/2019/Logans_Trees/Troll U5.gif" Mouth-WQ-EyesClosed="" Mouth-WQ-EyesOpen="/home/debenham/Nextcloud/Lights/Home/2019/Logans_Trees/Troll WQ5.gif" Mouth-etc-EyesClosed="" Mouth-etc-EyesOpen="/home/debenham/Nextcloud/Lights/Home/2019/Logans_Trees/Troll ETC5.gif" Mouth-rest-EyesClosed="" Mouth-rest-EyesOpen="/home/debenham/Nextcloud/Lights/Home/2019/Logans_Trees/Troll Rest5.gif" Type="Matrix"/>
      <faceInfo Name="Poppy" Mouth-AI-EyesClosed="" Mouth-AI-EyesOpen="/home/debenham/Nextcloud/Lights/Home/2019/Logans_Trees/Poppy AI.gif" Mouth-E-EyesClosed="" Mouth-E-EyesOpen="/home/debenham/Nextcloud/Lights/Home/2019/Logans_Trees/Poppy E.gif" Mouth-FV-EyesClosed="" Mouth-FV-EyesOpen="/home/debenham/Nextcloud/Lights/Home/2019/Logans_Trees/Poppy FV.gif" Mouth-L-EyesClosed="" Mouth-L-EyesOpen="/home/debenham/Nextcloud/Lights/Home/2019/Logans_Trees/Poppy L.gif" Mouth-MBP-EyesClosed="" Mouth-MBP-EyesOpen="/home/debenham/Nextcloud/Lights/Home/2019/Logans_Trees/Poppy MBP.gif" Mouth-O-EyesClosed="" Mouth-O-EyesOpen="/home/debenham/Nextcloud/Lights/Home/2019/Logans_Trees/Poppy O.gif" Mouth-U-EyesClosed="" Mouth-U-EyesOpen="/home/debenham/Nextcloud/Lights/Home/2019/Logans_Trees/Poppy U.gif" Mouth-WQ-EyesClosed="" Mouth-WQ-EyesOpen="/home/debenham/Nextcloud/Lights/Home/2019/Logans_Trees/Poppy WQ.gif" Mouth-etc-EyesClosed="" Mouth-etc-EyesOpen="/home/debenham/Nextcloud/Lights/Home/2019/Logans_Trees/Poppy ETC.gif" Mouth-rest-EyesClosed="" Mouth-rest-EyesOpen="/home/debenham/Nextcloud/Lights/Home/2019/Logans_Trees/Poppy Rest.gif" Type="Matrix"/>
      <faceInfo Name="OMG" Mouth-AI-EyesClosed="" Mouth-AI-EyesOpen="/home/debenham/Nextcloud/Lights/Home/2019/Logans_Trees/OMG AI2.gif" Mouth-E-EyesClosed="" Mouth-E-EyesOpen="/home/debenham/Nextcloud/Lights/Home/2019/Logans_Trees/OMG E2.gif" Mouth-FV-EyesClosed="" Mouth-FV-EyesOpen="/home/debenham/Nextcloud/Lights/Home/2019/Logans_Trees/OMG FV.gif" Mouth-L-EyesClosed="" Mouth-L-EyesOpen="" Mouth-MBP-EyesClosed="" Mouth-MBP-EyesOpen="/home/debenham/Nextcloud/Lights/Home/2019/Logans_Trees/OMG MBP2.gif" Mouth-O-EyesClosed="" Mouth-O-EyesOpen="/home/debenham/Nextcloud/Lights/Home/2019/Logans_Trees/OMG O3.gif" Mouth-U-EyesClosed="" Mouth-U-EyesOpen="/home/debenham/Nextcloud/Lights/Home/2019/Logans_Trees/OMG U.gif" Mouth-WQ-EyesClosed="" Mouth-WQ-EyesOpen="/home/debenham/Nextcloud/Lights/Home/2019/Logans_Trees/OMG WQ.gif" Mouth-etc-EyesClosed="" Mouth-etc-EyesOpen="/home/debenham/Nextcloud/Lights/Home/2019/Logans_Trees/OMG ETC23.gif" Mouth-rest-EyesClosed="" Mouth-rest-EyesOpen="/home/debenham/Nextcloud/Lights/Home/2019/Logans_Trees/OMG Rest2.gif" Type="Matrix"/>
      <faceInfo Name="Green tree" CustomColors="" Eyes-Closed="" Eyes-Open="" FaceOutline="" ImagePlacement="" Mouth-AI="" Mouth-AI-EyesClosed="" Mouth-AI-EyesOpen="/home/debenham/Nextcloud/Lights/Home/2019/Logans_Trees/AI.jpg" Mouth-E="" Mouth-E-EyesClosed="" Mouth-E-EyesOpen="/home/debenham/Nextcloud/Lights/Home/2019/Logans_Trees/E.jpg" Mouth-FV="" Mouth-FV-EyesClosed="" Mouth-FV-EyesOpen="/home/debenham/Nextcloud/Lights/Home/2019/Logans_Trees/FV.jpg" Mouth-L="" Mouth-L-EyesClosed="" Mouth-L-EyesOpen="/home/debenham/Nextcloud/Lights/Home/2019/Logans_Trees/L.jpg" Mouth-MBP="" Mouth-MBP-EyesClosed="" Mouth-MBP-EyesOpen="/home/debenham/Nextcloud/Lights/Home/2019/Logans_Trees/MBP.jpg" Mouth-O="" Mouth-O-EyesClosed="" Mouth-O-EyesOpen="/home/debenham/Nextcloud/Lights/Home/2019/Logans_Trees/O.jpg" Mouth-U="" Mouth-U-EyesClosed="" Mouth-U-EyesOpen="/home/debenham/Nextcloud/Lights/Home/2019/Logans_Trees/U.jpg" Mouth-WQ="" Mouth-WQ-EyesClosed="" Mouth-WQ-EyesOpen="/home/debenham/Nextcloud/Lights/Home/2019/Logans_Trees/WQ.jpg" Mouth-etc="" Mouth-etc-EyesClosed="" Mouth-etc-EyesOpen="/home/debenham/Nextcloud/Lights/Home/2019/Logans_Trees/ETC.jpg" Mouth-rest="" Mouth-rest-EyesClosed="" Mouth-rest-EyesOpen="/home/debenham/Nextcloud/Lights/Home/2019/Logans_Trees/REST.jpg" Type="Matrix"/>
      <dimmingCurve>
        <all brightness="-75" gamma="1.0"/>
      </dimmingCurve>
      <ControllerConnection/>
    </model>
    <model name="Arches" DisplayAs="Arches" parm2="10" parm3="3" StartSide="B" Antialias="1" PixelSize="2" Transparency="0" LayoutGroup="Default" Description="12V WS2811 Strip" StringType="RGB Nodes" parm1="10" Dir="R" ModelChain="Garage Corner2" WorldPosX="673.0010" WorldPosY="57.8878" WorldPosZ="0.0000" X2="569.999390" Y2="-3.782700" Z2="0.000000" RotateX="0" Height="0.778007" Angle="0" versionNumber="3" StartChannel="&gt;Small Spiral Tree 4:4">
      <dimmingCurve>
        <all brightness="-75" gamma="1.0"/>
      </dimmingCurve>
      <ControllerConnection/>
    </model>
    <model DisplayAs="Single Line" StringType="RGB Nodes" StartSide="B" Antialias="1" PixelSize="2" Transparency="0" parm1="1" parm2="50" parm3="1" LayoutGroup="Default" name="Garage Strip Middle Back" Dir="R" Description="12V WS2811 Strip" ModelChain="Garage Corner2" WorldPosX="208.9997" WorldPosY="176.0002" WorldPosZ="0.0000" X2="295.000305" Y2="0.999800" Z2="0.000000" versionNumber="3" StartChannel="&gt;Garage Strip Middle Front:1">
      <dimmingCurve>
        <all brightness="-75" gamma="1.0"/>
      </dimmingCurve>
      <ControllerConnection/>
    </model>
    <model DisplayAs="Candy Canes" StringType="RGB Nodes" StartSide="B" Dir="L" Antialias="1" PixelSize="2" Transparency="0" parm3="1" parm1="3" LayoutGroup="Default" parm2="16" name="Candy Canes - L" WorldPosX="680.7370" WorldPosY="160.6022" WorldPosZ="0.0000" X2="-9.648193" Y2="34.304840" Z2="0.000000" RotateX="0" Height="1.000000" Angle="0" versionNumber="3" StartChannel="#13:11">
      <ControllerConnection/>
    </model>
    <model DisplayAs="Candy Canes" StringType="RGB Nodes" StartSide="B" Dir="L" Antialias="1" PixelSize="2" Transparency="0" parm3="1" parm1="3" parm2="18" LayoutGroup="Default" name="Candy Canes - R" WorldPosX="953.9623" WorldPosY="192.2421" WorldPosZ="0.0000" X2="22.138367" Y2="-40.251572" Z2="0.000000" RotateX="0" Height="1.000000" Angle="0" versionNumber="3" StartChannel="&gt;Candy Canes - L:1">
      <ControllerConnection/>
    </model>
  </models>
  <effects version="0006"/>
  <views/>
  <palettes/>
  <modelGroups>
    <modelGroup name="Group - Mini Trees" LayoutGroup="Default" models="Small Spiral Tree 1,Small Spiral Tree 2,Small Spiral Tree 3,Small Spiral Tree 4,Ribbon Tree" GridSize="400" layout="minimalGrid">
      <ControllerConnection/>
    </modelGroup>
    <modelGroup name="Group - Whole House" LayoutGroup="Default" models="Group - Candy Canes,Group - Matrixes,Group - Mini Trees,Group - Not Trees,Group - Roof,Group - Stars,Group - Trees,Group - Verticals,Singing_Tree" GridSize="400" layout="grid">
      <ControllerConnection/>
    </modelGroup>
    <modelGroup name="Group - Roof" LayoutGroup="Default" GridSize="400" layout="grid" models="Garage Strip Middle Back,Garage Strip Back,Garage Strip Middle Front,Gutter,Garage Corner,House Corner Right,Garage Strip Front,Icicles">
      <ControllerConnection/>
    </modelGroup>
    <modelGroup selected="0" name="Group - Stars" GridSize="400" layout="Overlay - Scaled" LayoutGroup="Default" models="Big Star">
      <ControllerConnection/>
    </modelGroup>
    <modelGroup selected="0" name="Group - Verticals" GridSize="400" layout="minimalGrid" LayoutGroup="Default" models="Garage Corner,House Corner Right">
      <ControllerConnection/>
    </modelGroup>
    <modelGroup selected="0" name="Group - Not Trees" LayoutGroup="Default" models="Group - Candy Canes,Group - Roof,Group - Matrixes,Group - Stars,Group - Verticals,Right Window,Left Window,Arches" GridSize="400" layout="minimalGrid">
      <ControllerConnection/>
    </modelGroup>
    <modelGroup selected="0" name="Group - Trees" LayoutGroup="Default" models="Megatree,Small Spiral Tree 1,Small Spiral Tree 2,Small Spiral Tree 3,Small Spiral Tree 4,Matrix,Ribbon Tree,Letterbox" GridSize="400" layout="Overlay - Scaled">
      <ControllerConnection/>
    </modelGroup>
    <modelGroup selected="0" name="Group - Matrixes" LayoutGroup="Default" models="Shirt Matrix,Matrix,Letterbox" GridSize="400" layout="Overlay - Scaled">
      <ControllerConnection/>
    </modelGroup>
    <modelGroup selected="0" name="Group - Candy Canes" LayoutGroup="Default" models="Candy Canes - L,Candy Canes - R" GridSize="400" layout="Overlay - Centered">
      <ControllerConnection/>
    </modelGroup>
  </modelGroups>
  <perspectives current="Single Monitor">
    <perspective name="Dual Monitor" settings="layout2|name=ModelPreview;caption=Model Preview;state=2099196;dir=4;layer=0;row=1;pos=0;prop=100000;bestw=200;besth=200;minw=-1;minh=-1;maxw=-1;maxh=-1;floatx=51;floaty=577;floatw=326;floath=448|name=HousePreview;caption=House Preview;state=2115581;dir=4;layer=0;row=0;pos=2;prop=100000;bestw=200;besth=200;minw=-1;minh=-1;maxw=-1;maxh=-1;floatx=2003;floaty=12;floatw=1392;floath=544|name=EffectAssist;caption=Effect Assist;state=2099198;dir=4;layer=0;row=0;pos=5;prop=100000;bestw=200;besth=200;minw=-1;minh=-1;maxw=-1;maxh=-1;floatx=-1;floaty=-1;floatw=-1;floath=-1|name=DisplayElements;caption=Display Elements;state=2099199;dir=4;layer=0;row=0;pos=0;prop=100000;bestw=326;besth=481;minw=-1;minh=-1;maxw=-1;maxh=-1;floatx=98;floaty=72;floatw=334;floath=505|name=Perspectives;caption=Perspectives;state=2099198;dir=4;layer=0;row=0;pos=3;prop=100000;bestw=171;besth=171;minw=-1;minh=-1;maxw=-1;maxh=-1;floatx=-1;floaty=-1;floatw=-1;floath=-1|name=Effect;caption=Effect Settings;state=2099196;dir=1;layer=1;row=0;pos=1;prop=125000;bestw=175;besth=175;minw=175;minh=175;maxw=-1;maxh=-1;floatx=752;floaty=175;floatw=400;floath=250|name=EffectDropper;caption=Effects;state=2099198;dir=4;layer=0;row=0;pos=4;prop=100000;bestw=150;besth=182;minw=150;minh=150;maxw=-1;maxh=-1;floatx=-1;floaty=-1;floatw=-1;floath=-1|name=Color;caption=Color;state=2099196;dir=1;layer=1;row=0;pos=2;prop=75000;bestw=184;besth=178;minw=-1;minh=-1;maxw=-1;maxh=-1;floatx=387;floaty=150;floatw=192;floath=202|name=LayerTiming;caption=Layer Blending;state=2099198;dir=4;layer=0;row=0;pos=0;prop=100000;bestw=778;besth=707;minw=-1;minh=-1;maxw=-1;maxh=-1;floatx=-1;floaty=-1;floatw=-1;floath=-1|name=LayerSettings;caption=Layer Settings;state=2099196;dir=1;layer=1;row=0;pos=0;prop=100000;bestw=262;besth=286;minw=-1;minh=-1;maxw=-1;maxh=-1;floatx=202;floaty=166;floatw=270;floath=310|name=Main Sequencer;caption=Main Sequencer;state=768;dir=5;layer=0;row=0;pos=0;prop=100000;bestw=250;besth=214;minw=-1;minh=-1;maxw=-1;maxh=-1;floatx=-1;floaty=-1;floatw=-1;floath=-1|dock_size(5,0,0)=252|dock_size(1,1,0)=304|dock_size(4,0,1)=347|" version="2.0"/>
    <perspective name="Single Monitor" settings="layout2|name=ModelPreview;caption=Model Preview;state=2099196;dir=4;layer=0;row=0;pos=1;prop=100000;bestw=200;besth=200;minw=-1;minh=-1;maxw=-1;maxh=-1;floatx=-1;floaty=-1;floatw=-1;floath=-1|name=HousePreview;caption=House Preview;state=2099196;dir=1;layer=1;row=0;pos=0;prop=100000;bestw=200;besth=200;minw=-1;minh=-1;maxw=-1;maxh=-1;floatx=51;floaty=184;floatw=1392;floath=544|name=EffectAssist;caption=Effect Assist;state=2099198;dir=4;layer=0;row=0;pos=6;prop=100000;bestw=200;besth=200;minw=-1;minh=-1;maxw=-1;maxh=-1;floatx=-1;floaty=-1;floatw=-1;floath=-1|name=DisplayElements;caption=Display Elements;state=2099199;dir=4;layer=0;row=0;pos=0;prop=100000;bestw=326;besth=481;minw=-1;minh=-1;maxw=-1;maxh=-1;floatx=98;floaty=72;floatw=334;floath=505|name=Perspectives;caption=Perspectives;state=2099198;dir=4;layer=0;row=0;pos=4;prop=100000;bestw=171;besth=171;minw=-1;minh=-1;maxw=-1;maxh=-1;floatx=-1;floaty=-1;floatw=-1;floath=-1|name=Effect;caption=Effect Settings;state=2099196;dir=4;layer=0;row=0;pos=0;prop=125000;bestw=175;besth=175;minw=175;minh=175;maxw=-1;maxh=-1;floatx=-1;floaty=-1;floatw=-1;floath=-1|name=EffectDropper;caption=Effects;state=2099198;dir=4;layer=0;row=0;pos=5;prop=100000;bestw=150;besth=182;minw=150;minh=150;maxw=-1;maxh=-1;floatx=-1;floaty=-1;floatw=-1;floath=-1|name=Color;caption=Color;state=2115580;dir=1;layer=1;row=0;pos=2;prop=75000;bestw=184;besth=178;minw=-1;minh=-1;maxw=-1;maxh=-1;floatx=1351;floaty=178;floatw=192;floath=202|name=LayerTiming;caption=Layer Blending;state=2099198;dir=4;layer=0;row=0;pos=1;prop=100000;bestw=778;besth=707;minw=-1;minh=-1;maxw=-1;maxh=-1;floatx=-1;floaty=-1;floatw=-1;floath=-1|name=LayerSettings;caption=Layer Settings;state=2099196;dir=1;layer=1;row=0;pos=1;prop=100000;bestw=262;besth=286;minw=-1;minh=-1;maxw=-1;maxh=-1;floatx=337;floaty=171;floatw=270;floath=310|name=Main Sequencer;caption=Main Sequencer;state=768;dir=5;layer=0;row=0;pos=0;prop=100000;bestw=250;besth=214;minw=-1;minh=-1;maxw=-1;maxh=-1;floatx=-1;floaty=-1;floatw=-1;floath=-1|dock_size(4,0,0)=419|dock_size(5,0,0)=252|dock_size(1,1,0)=242|" version="2.0"/>
    <perspective name="Timing work" settings="layout2|name=ModelPreview;caption=Model Preview;state=2099198;dir=4;layer=0;row=0;pos=6;prop=100000;bestw=200;besth=200;minw=-1;minh=-1;maxw=-1;maxh=-1;floatx=-1;floaty=-1;floatw=-1;floath=-1|name=HousePreview;caption=House Preview;state=2115581;dir=4;layer=0;row=0;pos=2;prop=100000;bestw=200;besth=200;minw=-1;minh=-1;maxw=-1;maxh=-1;floatx=1842;floaty=247;floatw=1392;floath=544|name=EffectAssist;caption=Effect Assist;state=2099198;dir=4;layer=0;row=0;pos=5;prop=100000;bestw=200;besth=200;minw=-1;minh=-1;maxw=-1;maxh=-1;floatx=-1;floaty=-1;floatw=-1;floath=-1|name=DisplayElements;caption=Display Elements;state=2099199;dir=4;layer=0;row=0;pos=0;prop=100000;bestw=326;besth=481;minw=-1;minh=-1;maxw=-1;maxh=-1;floatx=98;floaty=72;floatw=334;floath=505|name=Perspectives;caption=Perspectives;state=2099198;dir=4;layer=0;row=0;pos=0;prop=100000;bestw=171;besth=171;minw=-1;minh=-1;maxw=-1;maxh=-1;floatx=-1;floaty=-1;floatw=-1;floath=-1|name=Effect;caption=Effect Settings;state=2099198;dir=4;layer=0;row=0;pos=0;prop=125000;bestw=175;besth=175;minw=175;minh=175;maxw=-1;maxh=-1;floatx=-1;floaty=-1;floatw=-1;floath=-1|name=EffectDropper;caption=Effects;state=2099198;dir=4;layer=0;row=0;pos=4;prop=100000;bestw=150;besth=182;minw=150;minh=150;maxw=-1;maxh=-1;floatx=-1;floaty=-1;floatw=-1;floath=-1|name=Color;caption=Color;state=2099198;dir=4;layer=0;row=0;pos=0;prop=75000;bestw=184;besth=178;minw=-1;minh=-1;maxw=-1;maxh=-1;floatx=-1;floaty=-1;floatw=-1;floath=-1|name=LayerTiming;caption=Layer Blending;state=2099198;dir=4;layer=0;row=0;pos=0;prop=100000;bestw=778;besth=707;minw=-1;minh=-1;maxw=-1;maxh=-1;floatx=-1;floaty=-1;floatw=-1;floath=-1|name=LayerSettings;caption=Layer Settings;state=2099198;dir=4;layer=0;row=0;pos=0;prop=100000;bestw=262;besth=286;minw=-1;minh=-1;maxw=-1;maxh=-1;floatx=-1;floaty=-1;floatw=-1;floath=-1|name=Main Sequencer;caption=Main Sequencer;state=768;dir=5;layer=0;row=0;pos=0;prop=100000;bestw=250;besth=214;minw=-1;minh=-1;maxw=-1;maxh=-1;floatx=-1;floaty=-1;floatw=-1;floath=-1|dock_size(5,0,0)=252|" version="2.0"/>
    <perspective name="Face timing" settings="layout2|name=ModelPreview;caption=Model Preview;state=2115580;dir=1;layer=1;row=0;pos=0;prop=100000;bestw=200;besth=200;minw=-1;minh=-1;maxw=-1;maxh=-1;floatx=688;floaty=151;floatw=318;floath=324|name=HousePreview;caption=House Preview;state=2099199;dir=4;layer=0;row=0;pos=2;prop=100000;bestw=200;besth=200;minw=-1;minh=-1;maxw=-1;maxh=-1;floatx=1842;floaty=247;floatw=1392;floath=544|name=EffectAssist;caption=Effect Assist;state=2099198;dir=4;layer=0;row=0;pos=5;prop=100000;bestw=200;besth=200;minw=-1;minh=-1;maxw=-1;maxh=-1;floatx=-1;floaty=-1;floatw=-1;floath=-1|name=DisplayElements;caption=Display Elements;state=2099199;dir=4;layer=0;row=0;pos=0;prop=100000;bestw=326;besth=481;minw=-1;minh=-1;maxw=-1;maxh=-1;floatx=98;floaty=72;floatw=337;floath=505|name=Perspectives;caption=Perspectives;state=2099198;dir=4;layer=0;row=0;pos=0;prop=100000;bestw=171;besth=171;minw=-1;minh=-1;maxw=-1;maxh=-1;floatx=-1;floaty=-1;floatw=-1;floath=-1|name=Effect;caption=Effect Settings;state=2099198;dir=4;layer=0;row=0;pos=0;prop=125000;bestw=175;besth=175;minw=175;minh=175;maxw=-1;maxh=-1;floatx=-1;floaty=-1;floatw=-1;floath=-1|name=EffectDropper;caption=Effects;state=2099198;dir=4;layer=0;row=0;pos=4;prop=100000;bestw=150;besth=182;minw=150;minh=150;maxw=-1;maxh=-1;floatx=-1;floaty=-1;floatw=-1;floath=-1|name=Color;caption=Color;state=2099198;dir=4;layer=0;row=0;pos=0;prop=75000;bestw=184;besth=178;minw=-1;minh=-1;maxw=-1;maxh=-1;floatx=-1;floaty=-1;floatw=-1;floath=-1|name=LayerTiming;caption=Layer Blending;state=2099198;dir=4;layer=0;row=0;pos=0;prop=100000;bestw=778;besth=707;minw=-1;minh=-1;maxw=-1;maxh=-1;floatx=-1;floaty=-1;floatw=-1;floath=-1|name=LayerSettings;caption=Layer Settings;state=2099198;dir=4;layer=0;row=0;pos=0;prop=100000;bestw=262;besth=286;minw=-1;minh=-1;maxw=-1;maxh=-1;floatx=-1;floaty=-1;floatw=-1;floath=-1|name=Main Sequencer;caption=Main Sequencer;state=768;dir=5;layer=0;row=0;pos=0;prop=100000;bestw=250;besth=214;minw=-1;minh=-1;maxw=-1;maxh=-1;floatx=-1;floaty=-1;floatw=-1;floath=-1|dock_size(5,0,0)=252|dock_size(1,1,0)=128|" version="2.0"/>
    <perspective name="All dialogs" settings="layout2|name=ModelPreview;caption=Model Preview;state=2099196;dir=4;layer=0;row=0;pos=2;prop=100000;bestw=200;besth=200;minw=-1;minh=-1;maxw=-1;maxh=-1;floatx=-1;floaty=-1;floatw=-1;floath=-1|name=HousePreview;caption=House Preview;state=2099196;dir=1;layer=1;row=1;pos=0;prop=100000;bestw=200;besth=200;minw=-1;minh=-1;maxw=-1;maxh=-1;floatx=51;floaty=184;floatw=1392;floath=544|name=EffectAssist;caption=Effect Assist;state=2099198;dir=4;layer=0;row=0;pos=6;prop=100000;bestw=200;besth=200;minw=-1;minh=-1;maxw=-1;maxh=-1;floatx=-1;floaty=-1;floatw=-1;floath=-1|name=DisplayElements;caption=Display Elements;state=2115580;dir=1;layer=1;row=0;pos=0;prop=100000;bestw=326;besth=481;minw=-1;minh=-1;maxw=-1;maxh=-1;floatx=547;floaty=164;floatw=337;floath=505|name=Perspectives;caption=Perspectives;state=2099196;dir=4;layer=0;row=0;pos=4;prop=100000;bestw=171;besth=171;minw=-1;minh=-1;maxw=-1;maxh=-1;floatx=-1;floaty=-1;floatw=-1;floath=-1|name=Effect;caption=Effect Settings;state=2099196;dir=4;layer=0;row=0;pos=0;prop=125000;bestw=175;besth=175;minw=175;minh=175;maxw=-1;maxh=-1;floatx=-1;floaty=-1;floatw=-1;floath=-1|name=EffectDropper;caption=Effects;state=2099196;dir=4;layer=0;row=0;pos=3;prop=100000;bestw=150;besth=182;minw=150;minh=150;maxw=-1;maxh=-1;floatx=-1;floaty=-1;floatw=-1;floath=-1|name=Color;caption=Color;state=2099196;dir=1;layer=1;row=1;pos=2;prop=75000;bestw=184;besth=178;minw=-1;minh=-1;maxw=-1;maxh=-1;floatx=1351;floaty=178;floatw=192;floath=202|name=LayerTiming;caption=Layer Blending;state=2099196;dir=4;layer=0;row=0;pos=1;prop=100000;bestw=778;besth=707;minw=-1;minh=-1;maxw=-1;maxh=-1;floatx=-1;floaty=-1;floatw=-1;floath=-1|name=LayerSettings;caption=Layer Settings;state=2099196;dir=1;layer=1;row=1;pos=1;prop=100000;bestw=262;besth=286;minw=-1;minh=-1;maxw=-1;maxh=-1;floatx=337;floaty=171;floatw=270;floath=310|name=Main Sequencer;caption=Main Sequencer;state=768;dir=5;layer=0;row=0;pos=0;prop=100000;bestw=250;besth=214;minw=-1;minh=-1;maxw=-1;maxh=-1;floatx=-1;floaty=-1;floatw=-1;floath=-1|dock_size(4,0,0)=419|dock_size(5,0,0)=252|dock_size(1,1,0)=242|dock_size(1,1,1)=132|" version="2.0"/>
  </perspectives>
  <settings>
    <scaleImage value="0"/>
    <backgroundImage value="/home/cjd/Owncloud/Lights/2016/House.jpg"/>
    <backgroundBrightness value="17"/>
    <previewWidth value="1280"/>
    <previewHeight value="467"/>
  </settings>
  <layoutGroups/>
  <view_objects>
    <view_object DisplayAs="Gridlines" LayoutGroup="Default" name="Gridlines" GridLineSpacing="50" GridWidth="2000.0" GridHeight="1000.0" Active="1" WorldPosX="0.0000" WorldPosY="0.0000" WorldPosZ="0.0000" ScaleX="1.0000" ScaleY="1.0000" ScaleZ="1.0000" RotateX="90" RotateY="0" RotateZ="0" versionNumber="3"/>
  </view_objects>
  <colors>
    <EffectDefault Red="192" Green="192" Blue="192"/>
    <EffectSelected Red="204" Green="102" Blue="255"/>
    <GridDashes Red="255" Green="255" Blue="0"/>
    <Gridlines Red="40" Green="40" Blue="40"/>
    <LabelOutline Red="103" Green="103" Blue="103"/>
    <Labels Red="255" Green="255" Blue="204"/>
    <LayoutDashes Red="255" Green="255" Blue="0"/>
    <ModelDefault Red="211" Green="211" Blue="211"/>
    <ModelOverlap Red="255" Green="0" Blue="0"/>
    <ModelSelected Red="255" Green="255" Blue="0"/>
    <Phonemes Red="255" Green="181" Blue="218"/>
    <Phrases Red="153" Green="255" Blue="153"/>
    <ReferenceEffect Red="255" Green="0" Blue="255"/>
    <RowHeader Red="212" Green="208" Blue="200"/>
    <RowHeaderSelected Red="130" Green="178" Blue="207"/>
    <Timing1 Red="0" Green="255" Blue="255"/>
    <Timing2 Red="255" Green="0" Blue="0"/>
    <Timing3 Red="0" Green="255" Blue="0"/>
    <Timing4 Red="0" Green="0" Blue="255"/>
    <Timing5 Red="255" Green="255" Blue="0"/>
    <TimingDefault Red="255" Green="255" Blue="255"/>
    <Words Red="255" Green="218" Blue="145"/>
  </colors>
  <Viewpoints/>
</xrgb>
