<?xml version="1.0" encoding="UTF-8"?>
<xsequence BaseChannel="0" ChanCtrlBasic="0" ChanCtrlColor="0" FixedPointTiming="1">
  <head>
    <version>4.2.24</version>
    <author/>
    <author-email/>
    <author-website/>
    <song/>
    <artist/>
    <album/>
    <MusicURL/>
    <comment/>
    <sequenceTiming>50 ms</sequenceTiming>
    <sequenceType>Media</sequenceType>
    <mediaFile>/home/cjd/Owncloud/Lights/Media/Jingle Bells Pon De Floor (Major Lazer vs Soma vs Jars of Cl.mp3</mediaFile>
    <sequenceDuration>201.613</sequenceDuration>
    <imageDir/>
  </head>
  <nextid>1</nextid>
  <ColorPalettes>
    <ColorPalette>C_BUTTON_Palette1=#FF0000,C_BUTTON_Palette2=#00FF00,C_BUTTON_Palette3=#0000FF,C_BUTTON_Palette4=#FFFF00,C_BUTTON_Palette5=#FFFFFF,C_BUTTON_Palette6=#000000,C_CHECKBOX_Palette1=1,C_CHECKBOX_Palette2=0,C_CHECKBOX_Palette3=1,C_CHECKBOX_Palette4=1,C_CHECKBOX_Palette5=0,C_CHECKBOX_Palette6=0,C_SLIDER_Brightness=100,C_SLIDER_Contrast=0,C_SLIDER_SparkleFrequency=0</ColorPalette>
    <ColorPalette>C_BUTTON_Palette1=#FF0000,C_BUTTON_Palette2=#00FF00,C_BUTTON_Palette3=#0000FF,C_BUTTON_Palette4=#FFFF00,C_BUTTON_Palette5=#FFFFFF,C_BUTTON_Palette6=#000000,C_CHECKBOX_Palette1=1,C_CHECKBOX_Palette2=1,C_CHECKBOX_Palette3=1,C_CHECKBOX_Palette4=0,C_CHECKBOX_Palette5=0,C_CHECKBOX_Palette6=0,C_SLIDER_Brightness=100,C_SLIDER_Contrast=0,C_SLIDER_SparkleFrequency=0</ColorPalette>
    <ColorPalette>C_BUTTON_Palette1=#FF0000,C_BUTTON_Palette2=#00FF00,C_BUTTON_Palette3=#0000FF,C_BUTTON_Palette4=#FFFF00,C_BUTTON_Palette5=#FFFFFF,C_BUTTON_Palette6=#000000,C_CHECKBOX_Palette1=1,C_CHECKBOX_Palette2=1,C_CHECKBOX_Palette3=1,C_CHECKBOX_Palette4=1,C_CHECKBOX_Palette5=0,C_CHECKBOX_Palette6=0,C_SLIDER_Brightness=100,C_SLIDER_Contrast=0,C_SLIDER_SparkleFrequency=0</ColorPalette>
    <ColorPalette>C_BUTTON_Palette1=#FF0000,C_BUTTON_Palette2=#00FF00,C_BUTTON_Palette3=#0000FF,C_BUTTON_Palette4=#FFFF00,C_BUTTON_Palette5=#FFFFFF,C_BUTTON_Palette6=#000000,C_CHECKBOX_Palette1=1,C_CHECKBOX_Palette2=0,C_CHECKBOX_Palette3=0,C_CHECKBOX_Palette4=0,C_CHECKBOX_Palette5=1,C_CHECKBOX_Palette6=0,C_SLIDER_Brightness=100,C_SLIDER_Contrast=0,C_SLIDER_SparkleFrequency=0</ColorPalette>
    <ColorPalette>C_BUTTON_Palette1=#FF0000,C_BUTTON_Palette2=#00FF00,C_BUTTON_Palette3=#0000FF,C_BUTTON_Palette4=#FFFF00,C_BUTTON_Palette5=#FFFFFF,C_BUTTON_Palette6=#000000,C_CHECKBOX_Palette1=0,C_CHECKBOX_Palette2=1,C_CHECKBOX_Palette3=1,C_CHECKBOX_Palette4=1,C_CHECKBOX_Palette5=0,C_CHECKBOX_Palette6=0,C_SLIDER_Brightness=100,C_SLIDER_Contrast=0,C_SLIDER_SparkleFrequency=0</ColorPalette>
    <ColorPalette>C_BUTTON_Palette1=#FF0000,C_BUTTON_Palette2=#00FF00,C_BUTTON_Palette3=#0000FF,C_BUTTON_Palette4=#FFFF00,C_BUTTON_Palette5=#FFFFFF,C_BUTTON_Palette6=#000000,C_CHECKBOX_Palette1=1,C_CHECKBOX_Palette2=1,C_CHECKBOX_Palette3=1,C_CHECKBOX_Palette4=1,C_CHECKBOX_Palette5=1,C_CHECKBOX_Palette6=0,C_SLIDER_Brightness=100,C_SLIDER_Contrast=0,C_SLIDER_SparkleFrequency=0</ColorPalette>
    <ColorPalette>C_BUTTON_Palette1=#FF0000,C_BUTTON_Palette2=#FFA500,C_BUTTON_Palette3=#8B6914,C_BUTTON_Palette4=#FFFF00,C_BUTTON_Palette5=#FFFFFF,C_BUTTON_Palette6=#000000,C_CHECKBOX_Palette1=1,C_CHECKBOX_Palette2=1,C_CHECKBOX_Palette3=1,C_CHECKBOX_Palette4=1,C_CHECKBOX_Palette5=0,C_CHECKBOX_Palette6=0,C_SLIDER_Brightness=100,C_SLIDER_Contrast=0,C_SLIDER_SparkleFrequency=0</ColorPalette>
    <ColorPalette>C_BUTTON_Palette1=#FF0000,C_BUTTON_Palette2=#00FF00,C_BUTTON_Palette3=#0000FF,C_BUTTON_Palette4=#FFFF00,C_BUTTON_Palette5=#FFFFFF,C_BUTTON_Palette6=#000000,C_CHECKBOX_Palette1=1,C_CHECKBOX_Palette2=0,C_CHECKBOX_Palette3=1,C_CHECKBOX_Palette4=0,C_CHECKBOX_Palette5=0,C_CHECKBOX_Palette6=0,C_SLIDER_Brightness=100,C_SLIDER_Contrast=0,C_SLIDER_SparkleFrequency=0</ColorPalette>
    <ColorPalette>C_BUTTON_Palette1=#FF0000,C_BUTTON_Palette2=#800080,C_BUTTON_Palette3=#0000FF,C_BUTTON_Palette4=#FFC0CB,C_BUTTON_Palette5=#FFFFFF,C_BUTTON_Palette6=#000000,C_CHECKBOX_Palette1=1,C_CHECKBOX_Palette2=1,C_CHECKBOX_Palette3=1,C_CHECKBOX_Palette4=1,C_CHECKBOX_Palette5=0,C_CHECKBOX_Palette6=0,C_SLIDER_Brightness=100,C_SLIDER_Contrast=0,C_SLIDER_SparkleFrequency=0</ColorPalette>
    <ColorPalette>C_BUTTON_Palette1=#1E90FF,C_BUTTON_Palette2=#00FF00,C_BUTTON_Palette3=#0000FF,C_BUTTON_Palette4=#90EE90,C_BUTTON_Palette5=#FFFFFF,C_BUTTON_Palette6=#000000,C_CHECKBOX_Palette1=1,C_CHECKBOX_Palette2=1,C_CHECKBOX_Palette3=1,C_CHECKBOX_Palette4=1,C_CHECKBOX_Palette5=0,C_CHECKBOX_Palette6=0,C_SLIDER_Brightness=100,C_SLIDER_Contrast=0,C_SLIDER_SparkleFrequency=0</ColorPalette>
    <ColorPalette>C_BUTTON_Palette1=#FF0000,C_BUTTON_Palette2=#00FF00,C_BUTTON_Palette3=#0000FF,C_BUTTON_Palette4=#FFFF00,C_BUTTON_Palette5=#FFFFFF,C_BUTTON_Palette6=#000000,C_CHECKBOX_Palette1=0,C_CHECKBOX_Palette2=0,C_CHECKBOX_Palette3=0,C_CHECKBOX_Palette4=0,C_CHECKBOX_Palette5=1,C_CHECKBOX_Palette6=0,C_SLIDER_Brightness=100,C_SLIDER_Contrast=0,C_SLIDER_SparkleFrequency=0</ColorPalette>
    <ColorPalette>C_BUTTON_Palette1=#FF0000,C_BUTTON_Palette2=#00FF00,C_BUTTON_Palette3=#0000FF,C_BUTTON_Palette4=#FFFF00,C_BUTTON_Palette5=#FFFFFF,C_BUTTON_Palette6=#000000,C_CHECKBOX_Palette1=0,C_CHECKBOX_Palette2=0,C_CHECKBOX_Palette3=1,C_CHECKBOX_Palette4=0,C_CHECKBOX_Palette5=1,C_CHECKBOX_Palette6=0,C_SLIDER_Brightness=100,C_SLIDER_Contrast=0,C_SLIDER_SparkleFrequency=0</ColorPalette>
    <ColorPalette>C_BUTTON_Palette1=#FF0000,C_BUTTON_Palette2=#00FF00,C_BUTTON_Palette3=#0000FF,C_BUTTON_Palette4=#FFFF00,C_BUTTON_Palette5=#FFFFFF,C_BUTTON_Palette6=#000000,C_CHECKBOX_Palette1=0,C_CHECKBOX_Palette2=1,C_CHECKBOX_Palette3=0,C_CHECKBOX_Palette4=0,C_CHECKBOX_Palette5=1,C_CHECKBOX_Palette6=0,C_SLIDER_Brightness=100,C_SLIDER_Contrast=0,C_SLIDER_SparkleFrequency=0</ColorPalette>
    <ColorPalette>C_BUTTON_Palette1=#FF0000,C_BUTTON_Palette2=#00FF00,C_BUTTON_Palette3=#0000FF,C_BUTTON_Palette4=#FFFF00,C_BUTTON_Palette5=#FFFFFF,C_BUTTON_Palette6=#000000,C_CHECKBOX_Palette1=0,C_CHECKBOX_Palette2=1,C_CHECKBOX_Palette3=0,C_CHECKBOX_Palette4=1,C_CHECKBOX_Palette5=0,C_CHECKBOX_Palette6=0,C_SLIDER_Brightness=100,C_SLIDER_Contrast=0,C_SLIDER_SparkleFrequency=0</ColorPalette>
  </ColorPalettes>
  <EffectDB>
    <Effect>E_CHECKBOX_Shockwave_Blend_Edges=1,E_NOTEBOOK_Shockwave=Position,E_SLIDER_Shockwave_Accel=0,E_SLIDER_Shockwave_CenterX=50,E_SLIDER_Shockwave_CenterY=50,E_SLIDER_Shockwave_End_Radius=10,E_SLIDER_Shockwave_End_Width=10,E_SLIDER_Shockwave_Start_Radius=1,E_SLIDER_Shockwave_Start_Width=5,T_CHECKBOX_LayerMorph=0,T_CHECKBOX_OverlayBkg=0,T_CHOICE_LayerMethod=Normal,T_SLIDER_EffectLayerMix=0,T_TEXTCTRL_Fadein=0.00,T_TEXTCTRL_Fadeout=0.00</Effect>
    <Effect>E_CHOICE_Butterfly_Colors=Rainbow,E_CHOICE_Butterfly_Direction=Normal,E_SLIDER_Butterfly_Chunks=1,E_SLIDER_Butterfly_Skip=2,E_SLIDER_Butterfly_Speed=10,E_SLIDER_Butterfly_Style=1,T_CHECKBOX_LayerMorph=0,T_CHECKBOX_OverlayBkg=0,T_CHOICE_LayerMethod=Normal,T_SLIDER_EffectLayerMix=0,T_TEXTCTRL_Fadein=0.00,T_TEXTCTRL_Fadeout=0.00</Effect>
    <Effect>E_CHECKBOX_Spirals_3D=0,E_CHECKBOX_Spirals_Blend=0,E_CHECKBOX_Spirals_Grow=0,E_CHECKBOX_Spirals_Shrink=0,E_SLIDER_Spirals_Count=10,E_SLIDER_Spirals_Rotation=106,E_SLIDER_Spirals_Thickness=66,E_TEXTCTRL_Spirals_Movement=0.2,T_CHECKBOX_LayerMorph=0,T_CHECKBOX_OverlayBkg=0,T_CHOICE_LayerMethod=Normal,T_SLIDER_EffectLayerMix=0,T_TEXTCTRL_Fadein=0.00,T_TEXTCTRL_Fadeout=0.00</Effect>
    <Effect>E_CHECKBOX_ColorWash_CircularPalette=1,E_CHECKBOX_ColorWash_EntireModel=1,E_CHECKBOX_ColorWash_HFade=0,E_CHECKBOX_ColorWash_Shimmer=0,E_CHECKBOX_ColorWash_VFade=0,E_TEXTCTRL_ColorWash_Cycles=4,T_CHECKBOX_LayerMorph=0,T_CHECKBOX_OverlayBkg=0,T_CHOICE_LayerMethod=Normal,T_SLIDER_EffectLayerMix=0,T_TEXTCTRL_Fadein=0.00,T_TEXTCTRL_Fadeout=0.00</Effect>
    <Effect>E_CHECKBOX_Spirals_3D=0,E_CHECKBOX_Spirals_Blend=0,E_CHECKBOX_Spirals_Grow=0,E_CHECKBOX_Spirals_Shrink=0,E_SLIDER_Spirals_Count=10,E_SLIDER_Spirals_Rotation=122,E_SLIDER_Spirals_Thickness=100,E_TEXTCTRL_Spirals_Movement=0.2,T_CHECKBOX_LayerMorph=0,T_CHECKBOX_OverlayBkg=0,T_CHOICE_LayerMethod=Normal,T_SLIDER_EffectLayerMix=0,T_TEXTCTRL_Fadein=0.00,T_TEXTCTRL_Fadeout=0.00</Effect>
    <Effect>E_CHECKBOX_Spirals_3D=0,E_CHECKBOX_Spirals_Blend=0,E_CHECKBOX_Spirals_Grow=0,E_CHECKBOX_Spirals_Shrink=0,E_SLIDER_Spirals_Count=10,E_SLIDER_Spirals_Rotation=122,E_SLIDER_Spirals_Thickness=100,E_TEXTCTRL_Spirals_Movement=0.4,T_CHECKBOX_LayerMorph=0,T_CHECKBOX_OverlayBkg=0,T_CHOICE_LayerMethod=Normal,T_SLIDER_EffectLayerMix=0,T_TEXTCTRL_Fadein=0.00,T_TEXTCTRL_Fadeout=0.00</Effect>
    <Effect>E_CHECKBOX_Spirals_3D=0,E_CHECKBOX_Spirals_Blend=0,E_CHECKBOX_Spirals_Grow=0,E_CHECKBOX_Spirals_Shrink=0,E_SLIDER_Spirals_Count=10,E_SLIDER_Spirals_Rotation=122,E_SLIDER_Spirals_Thickness=100,E_TEXTCTRL_Spirals_Movement=-0.4,T_CHECKBOX_LayerMorph=0,T_CHECKBOX_OverlayBkg=0,T_CHOICE_LayerMethod=Normal,T_SLIDER_EffectLayerMix=0,T_TEXTCTRL_Fadein=0.00,T_TEXTCTRL_Fadeout=0.00</Effect>
    <Effect>E_CHOICE_Butterfly_Colors=Palette,E_CHOICE_Butterfly_Direction=Normal,E_SLIDER_Butterfly_Chunks=1,E_SLIDER_Butterfly_Skip=2,E_SLIDER_Butterfly_Speed=10,E_SLIDER_Butterfly_Style=1,T_CHECKBOX_LayerMorph=0,T_CHECKBOX_OverlayBkg=0,T_CHOICE_LayerMethod=Normal,T_SLIDER_EffectLayerMix=0,T_TEXTCTRL_Fadein=0.00,T_TEXTCTRL_Fadeout=0.00</Effect>
    <Effect>E_CHOICE_Butterfly_Colors=Palette,E_CHOICE_Butterfly_Direction=Normal,E_SLIDER_Butterfly_Chunks=1,E_SLIDER_Butterfly_Skip=2,E_SLIDER_Butterfly_Speed=10,E_SLIDER_Butterfly_Style=1,T_CHECKBOX_LayerMorph=1,T_CHECKBOX_OverlayBkg=1,T_CHOICE_LayerMethod=Layered,T_SLIDER_EffectLayerMix=0,T_TEXTCTRL_Fadein=0.00,T_TEXTCTRL_Fadeout=2</Effect>
    <Effect>E_CHECKBOX_ColorWash_CircularPalette=0,E_CHECKBOX_ColorWash_EntireModel=1,E_CHECKBOX_ColorWash_HFade=0,E_CHECKBOX_ColorWash_Shimmer=0,E_CHECKBOX_ColorWash_VFade=0,E_TEXTCTRL_ColorWash_Cycles=2.0,T_CHECKBOX_LayerMorph=0,T_CHECKBOX_OverlayBkg=0,T_CHOICE_LayerMethod=Normal,T_SLIDER_EffectLayerMix=0,T_TEXTCTRL_Fadein=0.00,T_TEXTCTRL_Fadeout=0.00</Effect>
    <Effect>E_CHECKBOX_Spirals_3D=0,E_CHECKBOX_Spirals_Blend=0,E_CHECKBOX_Spirals_Grow=0,E_CHECKBOX_Spirals_Shrink=0,E_SLIDER_Spirals_Count=5,E_SLIDER_Spirals_Rotation=122,E_SLIDER_Spirals_Thickness=100,E_TEXTCTRL_Spirals_Movement=0.4,T_CHECKBOX_LayerMorph=0,T_CHECKBOX_OverlayBkg=0,T_CHOICE_LayerMethod=Normal,T_SLIDER_EffectLayerMix=0,T_TEXTCTRL_Fadein=0.00,T_TEXTCTRL_Fadeout=0.00</Effect>
    <Effect>E_CHECKBOX_Spirals_3D=0,E_CHECKBOX_Spirals_Blend=0,E_CHECKBOX_Spirals_Grow=0,E_CHECKBOX_Spirals_Shrink=0,E_SLIDER_Spirals_Count=5,E_SLIDER_Spirals_Rotation=122,E_SLIDER_Spirals_Thickness=100,E_TEXTCTRL_Spirals_Movement=-0.4,T_CHECKBOX_LayerMorph=0,T_CHECKBOX_OverlayBkg=0,T_CHOICE_LayerMethod=Normal,T_SLIDER_EffectLayerMix=0,T_TEXTCTRL_Fadein=0.00,T_TEXTCTRL_Fadeout=0.00</Effect>
    <Effect>E_CHOICE_Garlands_Direction=Up,E_SLIDER_Garlands_Spacing=22,E_SLIDER_Garlands_Type=0,E_TEXTCTRL_Garlands_Cycles=1.0,T_CHECKBOX_LayerMorph=0,T_CHECKBOX_OverlayBkg=0,T_CHOICE_LayerMethod=Normal,T_SLIDER_EffectLayerMix=0,T_TEXTCTRL_Fadein=0.00,T_TEXTCTRL_Fadeout=0.00</Effect>
    <Effect>E_CHOICE_Garlands_Direction=Down,E_SLIDER_Garlands_Spacing=22,E_SLIDER_Garlands_Type=0,E_TEXTCTRL_Garlands_Cycles=1.0,T_CHECKBOX_LayerMorph=0,T_CHECKBOX_OverlayBkg=0,T_CHOICE_LayerMethod=Normal,T_SLIDER_EffectLayerMix=0,T_TEXTCTRL_Fadein=0.00,T_TEXTCTRL_Fadeout=0.00</Effect>
    <Effect>E_CHECKBOX_Chase_3dFade1=0,E_CHECKBOX_Chase_Group_All=1,E_CHOICE_Chase_Type1=Left-Right,E_CHOICE_SingleStrand_Colors=Palette,E_CHOICE_Skips_Direction=,E_NOTEBOOK_SSEFFECT_TYPE=Chase,E_SLIDER_Color_Mix1=16,E_SLIDER_Number_Chases=3,E_SLIDER_Skips_Advance=0,E_SLIDER_Skips_BandSize=1,E_SLIDER_Skips_SkipSize=1,E_SLIDER_Skips_StartPos=1,E_TEXTCTRL_Chase_Rotations=1,T_CHECKBOX_LayerMorph=0,T_CHECKBOX_OverlayBkg=0,T_CHOICE_LayerMethod=Normal,T_SLIDER_EffectLayerMix=0,T_TEXTCTRL_Fadein=0.00,T_TEXTCTRL_Fadeout=0.00</Effect>
    <Effect>E_CHECKBOX_Spirals_3D=0,E_CHECKBOX_Spirals_Blend=0,E_CHECKBOX_Spirals_Grow=0,E_CHECKBOX_Spirals_Shrink=0,E_SLIDER_Spirals_Count=10,E_SLIDER_Spirals_Rotation=106,E_SLIDER_Spirals_Thickness=66,E_TEXTCTRL_Spirals_Movement=7.4,T_CHECKBOX_LayerMorph=0,T_CHECKBOX_OverlayBkg=0,T_CHOICE_LayerMethod=Normal,T_SLIDER_EffectLayerMix=0,T_TEXTCTRL_Fadein=0.00,T_TEXTCTRL_Fadeout=0.00</Effect>
    <Effect>E_CHECKBOX_Chase_3dFade1=0,E_CHECKBOX_Chase_Group_All=1,E_CHOICE_Chase_Type1=Left-Right,E_CHOICE_SingleStrand_Colors=Palette,E_CHOICE_Skips_Direction=,E_NOTEBOOK_SSEFFECT_TYPE=Chase,E_SLIDER_Color_Mix1=16,E_SLIDER_Number_Chases=3,E_SLIDER_Skips_Advance=0,E_SLIDER_Skips_BandSize=1,E_SLIDER_Skips_SkipSize=1,E_SLIDER_Skips_StartPos=1,E_TEXTCTRL_Chase_Rotations=2.0,T_CHECKBOX_LayerMorph=0,T_CHECKBOX_OverlayBkg=0,T_CHOICE_LayerMethod=Normal,T_SLIDER_EffectLayerMix=0,T_TEXTCTRL_Fadein=0.00,T_TEXTCTRL_Fadeout=0.00</Effect>
    <Effect>E_CHECKBOX_Bars_3D=0,E_CHECKBOX_Bars_Highlight=0,E_CHOICE_Bars_Direction=Left,E_SLIDER_Bars_BarCount=3,E_TEXTCTRL_Bars_Cycles=10.3,T_CHECKBOX_LayerMorph=0,T_CHECKBOX_OverlayBkg=0,T_CHOICE_LayerMethod=Normal,T_SLIDER_EffectLayerMix=0,T_TEXTCTRL_Fadein=0.00,T_TEXTCTRL_Fadeout=0.00</Effect>
    <Effect>E_CHECKBOX_Bars_3D=0,E_CHECKBOX_Bars_Highlight=0,E_CHOICE_Bars_Direction=Right,E_SLIDER_Bars_BarCount=3,E_TEXTCTRL_Bars_Cycles=10.3,T_CHECKBOX_LayerMorph=0,T_CHECKBOX_OverlayBkg=0,T_CHOICE_LayerMethod=Normal,T_SLIDER_EffectLayerMix=0,T_TEXTCTRL_Fadein=0.00,T_TEXTCTRL_Fadeout=0.00</Effect>
    <Effect>E_CHECKBOX_Bars_3D=0,E_CHECKBOX_Bars_Highlight=0,E_CHOICE_Bars_Direction=Right,E_SLIDER_Bars_BarCount=3,E_TEXTCTRL_Bars_Cycles=8.1,T_CHECKBOX_LayerMorph=0,T_CHECKBOX_OverlayBkg=0,T_CHOICE_LayerMethod=Normal,T_SLIDER_EffectLayerMix=0,T_TEXTCTRL_Fadein=0.00,T_TEXTCTRL_Fadeout=0.00</Effect>
    <Effect>E_CHOICE_Butterfly_Colors=Palette,E_CHOICE_Butterfly_Direction=Normal,E_SLIDER_Butterfly_Chunks=1,E_SLIDER_Butterfly_Skip=2,E_SLIDER_Butterfly_Speed=10,E_SLIDER_Butterfly_Style=1,T_CHECKBOX_LayerMorph=0,T_CHECKBOX_OverlayBkg=0,T_CHOICE_LayerMethod=Normal,T_SLIDER_EffectLayerMix=0,T_TEXTCTRL_Fadein=0.00,T_TEXTCTRL_Fadeout=2</Effect>
    <Effect>E_CHECKBOX_Chase_3dFade1=0,E_CHECKBOX_Chase_Group_All=1,E_CHOICE_Chase_Type1=Right-Left,E_CHOICE_SingleStrand_Colors=Palette,E_CHOICE_Skips_Direction=,E_NOTEBOOK_SSEFFECT_TYPE=Chase,E_SLIDER_Color_Mix1=16,E_SLIDER_Number_Chases=3,E_SLIDER_Skips_Advance=0,E_SLIDER_Skips_BandSize=1,E_SLIDER_Skips_SkipSize=1,E_SLIDER_Skips_StartPos=1,E_TEXTCTRL_Chase_Rotations=2.0,T_CHECKBOX_LayerMorph=0,T_CHECKBOX_OverlayBkg=0,T_CHOICE_LayerMethod=Normal,T_SLIDER_EffectLayerMix=0,T_TEXTCTRL_Fadein=0.00,T_TEXTCTRL_Fadeout=0.00</Effect>
    <Effect>E_CHOICE_Garlands_Direction=Right,E_SLIDER_Garlands_Spacing=22,E_SLIDER_Garlands_Type=0,E_TEXTCTRL_Garlands_Cycles=1.0,T_CHECKBOX_LayerMorph=0,T_CHECKBOX_OverlayBkg=0,T_CHOICE_LayerMethod=Normal,T_SLIDER_EffectLayerMix=0,T_TEXTCTRL_Fadein=0.00,T_TEXTCTRL_Fadeout=0.00</Effect>
    <Effect>E_CHOICE_Garlands_Direction=Left,E_SLIDER_Garlands_Spacing=22,E_SLIDER_Garlands_Type=0,E_TEXTCTRL_Garlands_Cycles=1.0,T_CHECKBOX_LayerMorph=0,T_CHECKBOX_OverlayBkg=0,T_CHOICE_LayerMethod=Normal,T_SLIDER_EffectLayerMix=0,T_TEXTCTRL_Fadein=0.00,T_TEXTCTRL_Fadeout=0.00</Effect>
    <Effect>E_CHECKBOX_Pinwheel_Rotation=1,E_CHOICE_Pinwheel_3D=None,E_SLIDER_PinwheelXC=0,E_SLIDER_PinwheelYC=0,E_SLIDER_Pinwheel_ArmSize=100,E_SLIDER_Pinwheel_Arms=5,E_SLIDER_Pinwheel_Thickness=30,E_SLIDER_Pinwheel_Twist=0,E_TEXTCTRL_Pinwheel_Speed=4,T_CHECKBOX_LayerMorph=0,T_CHECKBOX_OverlayBkg=0,T_CHOICE_LayerMethod=Normal,T_SLIDER_EffectLayerMix=0,T_TEXTCTRL_Fadein=0.00,T_TEXTCTRL_Fadeout=0.00</Effect>
    <Effect>E_CHECKBOX_Pinwheel_Rotation=0,E_CHOICE_Pinwheel_3D=None,E_SLIDER_PinwheelXC=0,E_SLIDER_PinwheelYC=0,E_SLIDER_Pinwheel_ArmSize=100,E_SLIDER_Pinwheel_Arms=5,E_SLIDER_Pinwheel_Thickness=30,E_SLIDER_Pinwheel_Twist=0,E_TEXTCTRL_Pinwheel_Speed=4,T_CHECKBOX_LayerMorph=0,T_CHECKBOX_OverlayBkg=0,T_CHOICE_LayerMethod=Normal,T_SLIDER_EffectLayerMix=0,T_TEXTCTRL_Fadein=0.00,T_TEXTCTRL_Fadeout=0.00</Effect>
    <Effect>E_CHECKBOX_Pinwheel_Rotation=1,E_CHOICE_Pinwheel_3D=None,E_SLIDER_PinwheelXC=0,E_SLIDER_PinwheelYC=0,E_SLIDER_Pinwheel_ArmSize=100,E_SLIDER_Pinwheel_Arms=5,E_SLIDER_Pinwheel_Thickness=100,E_SLIDER_Pinwheel_Twist=0,E_TEXTCTRL_Pinwheel_Speed=4,T_CHECKBOX_LayerMorph=0,T_CHECKBOX_OverlayBkg=0,T_CHOICE_LayerMethod=Normal,T_SLIDER_EffectLayerMix=0,T_TEXTCTRL_Fadein=0.00,T_TEXTCTRL_Fadeout=0.00</Effect>
    <Effect>E_CHECKBOX_Pinwheel_Rotation=0,E_CHOICE_Pinwheel_3D=None,E_SLIDER_PinwheelXC=0,E_SLIDER_PinwheelYC=0,E_SLIDER_Pinwheel_ArmSize=100,E_SLIDER_Pinwheel_Arms=5,E_SLIDER_Pinwheel_Thickness=100,E_SLIDER_Pinwheel_Twist=0,E_TEXTCTRL_Pinwheel_Speed=4,T_CHECKBOX_LayerMorph=0,T_CHECKBOX_OverlayBkg=0,T_CHOICE_LayerMethod=Normal,T_SLIDER_EffectLayerMix=0,T_TEXTCTRL_Fadein=0.00,T_TEXTCTRL_Fadeout=0.00</Effect>
    <Effect>E_CHECKBOX_Pinwheel_Rotation=1,E_CHOICE_Pinwheel_3D=None,E_SLIDER_PinwheelXC=0,E_SLIDER_PinwheelYC=0,E_SLIDER_Pinwheel_ArmSize=100,E_SLIDER_Pinwheel_Arms=4,E_SLIDER_Pinwheel_Thickness=100,E_SLIDER_Pinwheel_Twist=0,E_TEXTCTRL_Pinwheel_Speed=4,T_CHECKBOX_LayerMorph=0,T_CHECKBOX_OverlayBkg=0,T_CHOICE_LayerMethod=Normal,T_SLIDER_EffectLayerMix=0,T_TEXTCTRL_Fadein=0.00,T_TEXTCTRL_Fadeout=0.00</Effect>
    <Effect>E_CHECKBOX_Pinwheel_Rotation=0,E_CHOICE_Pinwheel_3D=None,E_SLIDER_PinwheelXC=0,E_SLIDER_PinwheelYC=0,E_SLIDER_Pinwheel_ArmSize=100,E_SLIDER_Pinwheel_Arms=4,E_SLIDER_Pinwheel_Thickness=100,E_SLIDER_Pinwheel_Twist=0,E_TEXTCTRL_Pinwheel_Speed=4,T_CHECKBOX_LayerMorph=0,T_CHECKBOX_OverlayBkg=0,T_CHOICE_LayerMethod=Normal,T_SLIDER_EffectLayerMix=0,T_TEXTCTRL_Fadein=0.00,T_TEXTCTRL_Fadeout=0.00</Effect>
    <Effect>E_CHECKBOX_Snowflakes_Accumulate=1,E_SLIDER_Snowflakes_Count=5,E_SLIDER_Snowflakes_Speed=10,E_SLIDER_Snowflakes_Type=2,T_CHECKBOX_LayerMorph=0,T_CHECKBOX_OverlayBkg=0,T_CHOICE_LayerMethod=Normal,T_SLIDER_EffectLayerMix=0,T_TEXTCTRL_Fadein=0.00,T_TEXTCTRL_Fadeout=0.00</Effect>
    <Effect>E_CHOICE_Butterfly_Colors=Rainbow,E_CHOICE_Butterfly_Direction=Normal,E_SLIDER_Butterfly_Chunks=1,E_SLIDER_Butterfly_Skip=2,E_SLIDER_Butterfly_Speed=10,E_SLIDER_Butterfly_Style=2,T_CHECKBOX_LayerMorph=0,T_CHECKBOX_OverlayBkg=0,T_CHOICE_LayerMethod=Normal,T_SLIDER_EffectLayerMix=0,T_TEXTCTRL_Fadein=0.00,T_TEXTCTRL_Fadeout=0.00</Effect>
    <Effect>E_CHECKBOX_Spirals_3D=0,E_CHECKBOX_Spirals_Blend=0,E_CHECKBOX_Spirals_Grow=0,E_CHECKBOX_Spirals_Shrink=0,E_SLIDER_Spirals_Count=1,E_SLIDER_Spirals_Rotation=28,E_SLIDER_Spirals_Thickness=92,E_TEXTCTRL_Spirals_Movement=5.4,T_CHECKBOX_LayerMorph=0,T_CHECKBOX_OverlayBkg=0,T_CHOICE_LayerMethod=Normal,T_SLIDER_EffectLayerMix=0,T_TEXTCTRL_Fadein=0.00,T_TEXTCTRL_Fadeout=0.00</Effect>
    <Effect>E_CHECKBOX_Snowflakes_Accumulate=0,E_SLIDER_Snowflakes_Count=5,E_SLIDER_Snowflakes_Speed=10,E_SLIDER_Snowflakes_Type=5,T_CHECKBOX_LayerMorph=0,T_CHECKBOX_OverlayBkg=0,T_CHOICE_LayerMethod=Normal,T_SLIDER_EffectLayerMix=0,T_TEXTCTRL_Fadein=0.00,T_TEXTCTRL_Fadeout=0.00</Effect>
    <Effect>E_CHECKBOX_Snowflakes_Accumulate=0,E_SLIDER_Snowflakes_Count=7,E_SLIDER_Snowflakes_Speed=10,E_SLIDER_Snowflakes_Type=2,T_CHECKBOX_LayerMorph=0,T_CHECKBOX_OverlayBkg=0,T_CHOICE_LayerMethod=Normal,T_SLIDER_EffectLayerMix=0,T_TEXTCTRL_Fadein=0.00,T_TEXTCTRL_Fadeout=0.00</Effect>
    <Effect>E_SLIDER_Snowstorm_Count=50,E_SLIDER_Snowstorm_Length=50,E_SLIDER_Snowstorm_Speed=10,T_CHECKBOX_LayerMorph=0,T_CHECKBOX_OverlayBkg=0,T_CHOICE_LayerMethod=Normal,T_SLIDER_EffectLayerMix=0,T_TEXTCTRL_Fadein=0.00,T_TEXTCTRL_Fadeout=0.00</Effect>
    <Effect>E_CHECKBOX_Snowflakes_Accumulate=0,E_SLIDER_Snowflakes_Count=5,E_SLIDER_Snowflakes_Speed=10,E_SLIDER_Snowflakes_Type=0,T_CHECKBOX_LayerMorph=0,T_CHECKBOX_OverlayBkg=0,T_CHOICE_LayerMethod=Normal,T_SLIDER_EffectLayerMix=0,T_TEXTCTRL_Fadein=0.00,T_TEXTCTRL_Fadeout=0.00</Effect>
    <Effect>E_CHECKBOX_Spirals_3D=0,E_CHECKBOX_Spirals_Blend=0,E_CHECKBOX_Spirals_Grow=0,E_CHECKBOX_Spirals_Shrink=0,E_SLIDER_Spirals_Count=1,E_SLIDER_Spirals_Rotation=28,E_SLIDER_Spirals_Thickness=92,E_TEXTCTRL_Spirals_Movement=5.4,T_CHECKBOX_LayerMorph=0,T_CHECKBOX_OverlayBkg=0,T_CHOICE_LayerMethod=Normal,T_SLIDER_EffectLayerMix=0,T_TEXTCTRL_Fadein=0.00,T_TEXTCTRL_Fadeout=2</Effect>
    <Effect>E_CHECKBOX_Spirals_3D=0,E_CHECKBOX_Spirals_Blend=0,E_CHECKBOX_Spirals_Grow=0,E_CHECKBOX_Spirals_Shrink=0,E_SLIDER_Spirals_Count=1,E_SLIDER_Spirals_Rotation=28,E_SLIDER_Spirals_Thickness=92,E_TEXTCTRL_Spirals_Movement=-5.4,T_CHECKBOX_LayerMorph=0,T_CHECKBOX_OverlayBkg=0,T_CHOICE_LayerMethod=Normal,T_SLIDER_EffectLayerMix=0,T_TEXTCTRL_Fadein=0.00,T_TEXTCTRL_Fadeout=0.00</Effect>
    <Effect>E_CHECKBOX_Marquee_PixelOffsets=0,E_CHECKBOX_Marquee_Reverse=0,E_CHECKBOX_Marquee_WrapX=0,E_NOTEBOOK_Marquee=Settings,E_SLIDER_MarqueeXC=0,E_SLIDER_MarqueeYC=0,E_SLIDER_Marquee_Band_Size=3,E_SLIDER_Marquee_ScaleX=100,E_SLIDER_Marquee_ScaleY=100,E_SLIDER_Marquee_Skip_Size=0,E_SLIDER_Marquee_Speed=3,E_SLIDER_Marquee_Stagger=0,E_SLIDER_Marquee_Thickness=1,T_CHECKBOX_LayerMorph=0,T_CHECKBOX_OverlayBkg=0,T_CHOICE_LayerMethod=Normal,T_SLIDER_EffectLayerMix=0,T_TEXTCTRL_Fadein=0.00,T_TEXTCTRL_Fadeout=0.00</Effect>
  </EffectDB>
  <DataLayers>
    <DataLayer lor_params="73" channel_offset="0" num_channels="0" num_frames="0" data="&lt;rendered: erase-mode&gt;" source="&lt;auto-generated&gt;" name="Nutcracker"/>
  </DataLayers>
  <DisplayElements>
    <Element collapsed="0" type="timing" name="Bars" visible="1" active="0" views=""/>
    <Element collapsed="0" type="timing" name="New Timing" visible="1" active="1" views=""/>
    <Element collapsed="0" type="model" name="RGB Group" visible="1" active="0"/>
    <Element collapsed="0" type="model" name="Arches" visible="1" active="0"/>
    <Element collapsed="0" type="model" name="Big Star" visible="1" active="0"/>
    <Element collapsed="0" type="model" name="Megatree" visible="1" active="0"/>
    <Element collapsed="0" type="model" name="Left Window" visible="0" active="0"/>
    <Element collapsed="0" type="model" name="Right Window" visible="0" active="0"/>
    <Element collapsed="0" type="model" name="Roofline" visible="0" active="0"/>
    <Element collapsed="0" type="model" name="Tree Left" visible="0" active="0"/>
    <Element collapsed="0" type="model" name="Tree Right" visible="0" active="0"/>
  </DisplayElements>
  <ElementEffects>
    <Element type="timing" name="Bars">
      <EffectLayer>
        <Effect label="1" startTime="0" endTime="1850"></Effect>
        <Effect label="2" startTime="1850" endTime="4050"></Effect>
        <Effect label="3" startTime="4050" endTime="6250"></Effect>
        <Effect label="4" startTime="6250" endTime="8600"></Effect>
        <Effect label="5" startTime="8600" endTime="10900"></Effect>
        <Effect label="6" startTime="10900" endTime="12950"></Effect>
        <Effect label="7" startTime="12950" endTime="14750"></Effect>
        <Effect label="8" startTime="14750" endTime="16550"></Effect>
        <Effect label="9" startTime="16550" endTime="18450"></Effect>
        <Effect label="10" startTime="18450" endTime="20350"></Effect>
        <Effect label="11" startTime="20350" endTime="22250"></Effect>
        <Effect label="12" startTime="22250" endTime="24150"></Effect>
        <Effect label="13" startTime="24150" endTime="26000"></Effect>
        <Effect label="14" startTime="26000" endTime="27900"></Effect>
        <Effect label="15" startTime="27900" endTime="29800"></Effect>
        <Effect label="16" startTime="29800" endTime="31700"></Effect>
        <Effect label="17" startTime="31700" endTime="33600"></Effect>
        <Effect label="18" startTime="33600" endTime="35500"></Effect>
        <Effect label="19" startTime="35500" endTime="37350"></Effect>
        <Effect label="20" startTime="37350" endTime="39250"></Effect>
        <Effect label="21" startTime="39250" endTime="41150"></Effect>
        <Effect label="22" startTime="41150" endTime="43050"></Effect>
        <Effect label="23" startTime="43050" endTime="44900"></Effect>
        <Effect label="24" startTime="44900" endTime="46800"></Effect>
        <Effect label="25" startTime="46800" endTime="48700"></Effect>
        <Effect label="26" startTime="48700" endTime="50600"></Effect>
        <Effect label="27" startTime="50600" endTime="52500"></Effect>
        <Effect label="28" startTime="52500" endTime="54350"></Effect>
        <Effect label="29" startTime="54350" endTime="56250"></Effect>
        <Effect label="30" startTime="56250" endTime="58150"></Effect>
        <Effect label="31" startTime="58150" endTime="60050"></Effect>
        <Effect label="32" startTime="60050" endTime="61950"></Effect>
        <Effect label="33" startTime="61950" endTime="63800"></Effect>
        <Effect label="34" startTime="63800" endTime="65700"></Effect>
        <Effect label="35" startTime="65700" endTime="67600"></Effect>
        <Effect label="36" startTime="67600" endTime="69500"></Effect>
        <Effect label="37" startTime="69500" endTime="71350"></Effect>
        <Effect label="38" startTime="71350" endTime="73250"></Effect>
        <Effect label="39" startTime="73250" endTime="75150"></Effect>
        <Effect label="40" startTime="75150" endTime="77050"></Effect>
        <Effect label="41" startTime="77050" endTime="78850"></Effect>
        <Effect label="42" startTime="78850" endTime="80800"></Effect>
        <Effect label="43" startTime="80800" endTime="82700"></Effect>
        <Effect label="44" startTime="82700" endTime="84600"></Effect>
        <Effect label="45" startTime="84600" endTime="86500"></Effect>
        <Effect label="46" startTime="86500" endTime="88400"></Effect>
        <Effect label="47" startTime="88400" endTime="90250"></Effect>
        <Effect label="48" startTime="90250" endTime="92150"></Effect>
        <Effect label="49" startTime="92150" endTime="94050"></Effect>
        <Effect label="50" startTime="94050" endTime="95950"></Effect>
        <Effect label="51" startTime="95950" endTime="97850"></Effect>
        <Effect label="52" startTime="97850" endTime="99700"></Effect>
        <Effect label="53" startTime="99700" endTime="101600"></Effect>
        <Effect label="54" startTime="101600" endTime="103500"></Effect>
        <Effect label="55" startTime="103500" endTime="105400"></Effect>
        <Effect label="56" startTime="105400" endTime="107300"></Effect>
        <Effect label="57" startTime="107300" endTime="109150"></Effect>
        <Effect label="58" startTime="109150" endTime="111050"></Effect>
        <Effect label="59" startTime="111050" endTime="112950"></Effect>
        <Effect label="60" startTime="112950" endTime="114850"></Effect>
        <Effect label="61" startTime="114850" endTime="116750"></Effect>
        <Effect label="62" startTime="116750" endTime="118650"></Effect>
        <Effect label="63" startTime="118650" endTime="120500"></Effect>
        <Effect label="64" startTime="120500" endTime="122400"></Effect>
        <Effect label="65" startTime="122400" endTime="124300"></Effect>
        <Effect label="66" startTime="124300" endTime="126200"></Effect>
        <Effect label="67" startTime="126200" endTime="128050"></Effect>
        <Effect label="68" startTime="128050" endTime="129950"></Effect>
        <Effect label="69" startTime="129950" endTime="131850"></Effect>
        <Effect label="70" startTime="131850" endTime="133750"></Effect>
        <Effect label="71" startTime="133750" endTime="135650"></Effect>
        <Effect label="72" startTime="135650" endTime="137500"></Effect>
        <Effect label="73" startTime="137500" endTime="139400"></Effect>
        <Effect label="74" startTime="139400" endTime="141300"></Effect>
        <Effect label="75" startTime="141300" endTime="143200"></Effect>
        <Effect label="76" startTime="143200" endTime="145100"></Effect>
        <Effect label="77" startTime="145100" endTime="146950"></Effect>
        <Effect label="78" startTime="146950" endTime="148850"></Effect>
        <Effect label="79" startTime="148850" endTime="150750"></Effect>
        <Effect label="80" startTime="150750" endTime="152650"></Effect>
        <Effect label="81" startTime="152650" endTime="154550"></Effect>
        <Effect label="82" startTime="154550" endTime="156400"></Effect>
        <Effect label="83" startTime="156400" endTime="158300"></Effect>
        <Effect label="84" startTime="158300" endTime="160200"></Effect>
        <Effect label="85" startTime="160200" endTime="162100"></Effect>
        <Effect label="86" startTime="162100" endTime="163950"></Effect>
        <Effect label="87" startTime="163950" endTime="165850"></Effect>
        <Effect label="88" startTime="165850" endTime="167750"></Effect>
        <Effect label="89" startTime="167750" endTime="169650"></Effect>
        <Effect label="90" startTime="169650" endTime="171550"></Effect>
        <Effect label="91" startTime="171550" endTime="173400"></Effect>
        <Effect label="92" startTime="173400" endTime="175300"></Effect>
        <Effect label="93" startTime="175300" endTime="177200"></Effect>
        <Effect label="94" startTime="177200" endTime="179100"></Effect>
        <Effect label="95" startTime="179100" endTime="181000"></Effect>
        <Effect label="96" startTime="181000" endTime="182900"></Effect>
        <Effect label="97" startTime="182900" endTime="184750"></Effect>
        <Effect label="98" startTime="184750" endTime="186650"></Effect>
        <Effect label="99" startTime="186650" endTime="188550"></Effect>
        <Effect label="100" startTime="188550" endTime="190450"></Effect>
        <Effect label="101" startTime="190450" endTime="192350"></Effect>
        <Effect label="102" startTime="192350" endTime="194200"></Effect>
        <Effect label="103" startTime="194200" endTime="196100"></Effect>
        <Effect label="104" startTime="196100" endTime="198000"></Effect>
        <Effect label="105" startTime="198000" endTime="199900"></Effect>
        <Effect label="106" startTime="199900" endTime="199900"></Effect>
      </EffectLayer>
    </Element>
    <Element type="timing" name="New Timing">
      <EffectLayer>
        <Effect label="" startTime="0" endTime="4050"></Effect>
        <Effect label="" startTime="4050" endTime="11200"></Effect>
        <Effect label="" startTime="11200" endTime="12400"></Effect>
        <Effect label="" startTime="12400" endTime="13900"></Effect>
        <Effect label="" startTime="13900" endTime="16900"></Effect>
        <Effect label="" startTime="16900" endTime="24900"></Effect>
        <Effect label="" startTime="24900" endTime="32200"></Effect>
        <Effect label="" startTime="32200" endTime="39350"></Effect>
        <Effect label="" startTime="39350" endTime="46850"></Effect>
        <Effect label="" startTime="46850" endTime="54400"></Effect>
        <Effect label="" startTime="54400" endTime="62000"></Effect>
        <Effect label="" startTime="62000" endTime="69600"></Effect>
        <Effect label="" startTime="69600" endTime="77100"></Effect>
        <Effect label="" startTime="77100" endTime="92200"></Effect>
        <Effect label="" startTime="92200" endTime="99800"></Effect>
        <Effect label="" startTime="99800" endTime="107400"></Effect>
        <Effect label="" startTime="107400" endTime="114900"></Effect>
        <Effect label="" startTime="114900" endTime="122400"></Effect>
        <Effect label="" startTime="122400" endTime="130100"></Effect>
        <Effect label="" startTime="130100" endTime="137600"></Effect>
        <Effect label="" startTime="137600" endTime="145150"></Effect>
        <Effect label="" startTime="145150" endTime="154650"></Effect>
        <Effect label="" startTime="154650" endTime="156450"></Effect>
        <Effect label="" startTime="156450" endTime="164000"></Effect>
        <Effect label="" startTime="164000" endTime="167850"></Effect>
        <Effect label="" startTime="167850" endTime="175400"></Effect>
        <Effect label="" startTime="175400" endTime="182950"></Effect>
        <Effect label="" startTime="182950" endTime="188600"></Effect>
        <Effect label="" startTime="188600" endTime="190550"></Effect>
        <Effect label="" startTime="190550" endTime="200900"></Effect>
      </EffectLayer>
    </Element>
    <Element type="model" name="RGB Group">
      <EffectLayer>
        <Effect ref="0" name="Shockwave" startTime="0" endTime="4050" palette="0"/>
        <Effect ref="1" name="Butterfly" id="1" startTime="32200" endTime="39350" palette="1"/>
        <Effect ref="2" name="Spirals" id="2" startTime="39350" endTime="46850" palette="1"/>
        <Effect ref="3" name="Color Wash" id="3" startTime="54400" endTime="62000" palette="2"/>
        <Effect ref="4" name="Spirals" id="4" startTime="62000" endTime="69600" palette="3"/>
        <Effect ref="1" name="Butterfly" id="5" startTime="69600" endTime="77100" palette="3"/>
        <Effect ref="5" name="Spirals" id="6" startTime="77100" endTime="92200" palette="3"/>
        <Effect ref="3" name="Color Wash" id="7" startTime="99800" endTime="107400" palette="2"/>
        <Effect ref="4" name="Spirals" id="8" startTime="107400" endTime="114900" palette="3"/>
        <Effect ref="1" name="Butterfly" id="9" startTime="114900" endTime="122400" palette="3"/>
        <Effect ref="5" name="Spirals" id="10" startTime="122400" endTime="130100" palette="3"/>
        <Effect ref="6" name="Spirals" id="11" startTime="130100" endTime="137600" palette="4"/>
        <Effect ref="5" name="Spirals" id="12" startTime="137600" endTime="145150" palette="5"/>
        <Effect ref="7" name="Butterfly" id="13" startTime="145150" endTime="154650" palette="6"/>
        <Effect ref="8" name="Butterfly" id="14" startTime="154650" endTime="156450" palette="6"/>
        <Effect ref="5" name="Spirals" id="15" startTime="156450" endTime="164000" palette="3"/>
        <Effect ref="9" name="Color Wash" id="16" startTime="164000" endTime="167850" palette="7"/>
        <Effect ref="10" name="Spirals" id="17" startTime="167850" endTime="175400" palette="8"/>
        <Effect ref="11" name="Spirals" id="18" startTime="175400" endTime="182950" palette="9"/>
        <Effect ref="12" name="Garlands" id="19" startTime="182950" endTime="190500" palette="2"/>
        <Effect ref="13" name="Garlands" id="20" startTime="190500" endTime="200900" palette="2"/>
      </EffectLayer>
    </Element>
    <Element type="model" name="Arches">
      <EffectLayer>
        <Effect ref="14" name="SingleStrand" startTime="24900" endTime="32200" palette="2"/>
        <Effect ref="1" name="Butterfly" id="1" startTime="32200" endTime="39350" palette="2"/>
        <Effect ref="15" name="Spirals" id="2" startTime="39350" endTime="46850" palette="1"/>
        <Effect ref="3" name="Color Wash" id="3" startTime="46850" endTime="54400" palette="2"/>
        <Effect ref="3" name="Color Wash" id="4" startTime="54400" endTime="62000" palette="2"/>
        <Effect ref="3" name="Color Wash" id="5" startTime="62000" endTime="69600" palette="2"/>
        <Effect ref="16" name="SingleStrand" id="6" startTime="69600" endTime="77100" palette="2"/>
        <Effect ref="17" name="Bars" id="7" startTime="77100" endTime="92200" palette="3"/>
        <Effect ref="3" name="Color Wash" id="8" startTime="92200" endTime="99800" palette="2"/>
        <Effect ref="3" name="Color Wash" id="9" startTime="99800" endTime="107400" palette="2"/>
        <Effect ref="3" name="Color Wash" id="10" startTime="107400" endTime="114900" palette="2"/>
        <Effect ref="16" name="SingleStrand" id="11" startTime="114900" endTime="122400" palette="2"/>
        <Effect ref="18" name="Bars" id="12" startTime="122400" endTime="130100" palette="3"/>
        <Effect ref="17" name="Bars" id="13" startTime="130100" endTime="137600" palette="4"/>
        <Effect ref="19" name="Bars" id="14" startTime="137600" endTime="145150" palette="5"/>
        <Effect ref="7" name="Butterfly" id="15" startTime="145150" endTime="154650" palette="6"/>
        <Effect ref="20" name="Butterfly" id="16" startTime="154650" endTime="156450" palette="6"/>
        <Effect ref="17" name="Bars" id="17" startTime="156450" endTime="164000" palette="3"/>
        <Effect ref="9" name="Color Wash" id="18" startTime="164000" endTime="167850" palette="7"/>
        <Effect ref="16" name="SingleStrand" id="19" startTime="167850" endTime="175400" palette="8"/>
        <Effect ref="21" name="SingleStrand" id="20" startTime="175400" endTime="182950" palette="9"/>
        <Effect ref="22" name="Garlands" id="21" startTime="182950" endTime="190700" palette="2"/>
        <Effect ref="23" name="Garlands" id="22" startTime="190700" endTime="200900" palette="2"/>
      </EffectLayer>
    </Element>
    <Element type="model" name="Big Star">
      <EffectLayer>
        <Effect ref="24" name="Pinwheel" startTime="4050" endTime="17000" palette="10"/>
        <Effect ref="24" name="Pinwheel" id="1" startTime="17000" endTime="24700" palette="5"/>
        <Effect ref="24" name="Pinwheel" id="2" startTime="24700" endTime="32200" palette="5"/>
        <Effect ref="24" name="Pinwheel" id="3" startTime="32200" endTime="39350" palette="5"/>
        <Effect ref="25" name="Pinwheel" id="4" startTime="39350" endTime="46850" palette="5"/>
        <Effect ref="26" name="Pinwheel" id="5" startTime="46850" endTime="54400" palette="5"/>
        <Effect ref="27" name="Pinwheel" id="6" startTime="54400" endTime="62000" palette="5"/>
        <Effect ref="26" name="Pinwheel" id="7" startTime="62000" endTime="69600" palette="5"/>
        <Effect ref="26" name="Pinwheel" id="8" startTime="92200" endTime="99800" palette="5"/>
        <Effect ref="27" name="Pinwheel" id="9" startTime="99800" endTime="107400" palette="5"/>
        <Effect ref="3" name="Color Wash" id="10" startTime="107400" endTime="114900" palette="2"/>
        <Effect ref="28" name="Pinwheel" id="11" startTime="167850" endTime="175400" palette="8"/>
        <Effect ref="29" name="Pinwheel" id="12" startTime="175400" endTime="182950" palette="9"/>
      </EffectLayer>
    </Element>
    <Element type="model" name="Megatree">
      <EffectLayer>
        <Effect ref="0" name="Shockwave" startTime="0" endTime="4050" palette="0"/>
        <Effect ref="30" name="Snowflakes" id="1" startTime="4050" endTime="16900" palette="10"/>
        <Effect ref="12" name="Garlands" id="2" startTime="16900" endTime="32200" palette="1"/>
        <Effect ref="31" name="Butterfly" id="3" startTime="32200" endTime="39350" palette="1"/>
        <Effect ref="31" name="Butterfly" id="4" startTime="39350" endTime="46850" palette="1"/>
        <Effect ref="32" name="Spirals" id="5" startTime="46850" endTime="54400" palette="2"/>
        <Effect ref="32" name="Spirals" id="6" startTime="54400" endTime="62000" palette="2"/>
        <Effect ref="33" name="Snowflakes" id="7" startTime="62000" endTime="69600" palette="3"/>
        <Effect ref="34" name="Snowflakes" id="8" startTime="69600" endTime="77100" palette="11"/>
        <Effect ref="35" name="Snowstorm" id="9" startTime="77100" endTime="92200" palette="10"/>
        <Effect ref="32" name="Spirals" id="10" startTime="92200" endTime="99800" palette="2"/>
        <Effect ref="32" name="Spirals" id="11" startTime="99800" endTime="107400" palette="2"/>
        <Effect ref="36" name="Snowflakes" id="12" startTime="107400" endTime="114900" palette="3"/>
        <Effect ref="36" name="Snowflakes" id="13" startTime="114900" endTime="122400" palette="3"/>
        <Effect ref="35" name="Snowstorm" id="14" startTime="122400" endTime="130100" palette="12"/>
        <Effect ref="35" name="Snowstorm" id="15" startTime="130100" endTime="137600" palette="11"/>
        <Effect ref="35" name="Snowstorm" id="16" startTime="137600" endTime="145150" palette="3"/>
        <Effect ref="32" name="Spirals" id="17" startTime="145150" endTime="154650" palette="6"/>
        <Effect ref="37" name="Spirals" id="18" startTime="154650" endTime="156450" palette="6"/>
        <Effect ref="35" name="Snowstorm" id="19" startTime="156450" endTime="164000" palette="10"/>
        <Effect ref="9" name="Color Wash" id="20" startTime="164000" endTime="167850" palette="7"/>
        <Effect ref="32" name="Spirals" id="21" startTime="167850" endTime="175400" palette="8"/>
        <Effect ref="38" name="Spirals" id="22" startTime="175400" endTime="182950" palette="9"/>
        <Effect ref="12" name="Garlands" id="23" startTime="182950" endTime="190550" palette="2"/>
        <Effect ref="13" name="Garlands" id="24" startTime="190550" endTime="200900" palette="2"/>
      </EffectLayer>
    </Element>
    <Element type="model" name="Left Window">
      <EffectLayer>
        <Effect ref="39" name="Marquee" startTime="11200" endTime="12400" palette="7"/>
        <Effect ref="39" name="Marquee" id="1" startTime="13900" endTime="16900" palette="3"/>
      </EffectLayer>
    </Element>
    <Element type="model" name="Right Window">
      <EffectLayer>
        <Effect ref="39" name="Marquee" startTime="12400" endTime="13900" palette="13"/>
        <Effect ref="39" name="Marquee" id="1" startTime="13900" endTime="16900" palette="3"/>
      </EffectLayer>
    </Element>
    <Element type="model" name="Roofline">
      <EffectLayer/>
    </Element>
    <Element type="model" name="Tree Left">
      <EffectLayer/>
    </Element>
    <Element type="model" name="Tree Right">
      <EffectLayer/>
    </Element>
  </ElementEffects>
  <lastView>0</lastView>
</xsequence>
