<?xml version="1.0" encoding="UTF-8"?>
<xsequence BaseChannel="0" ChanCtrlBasic="0" ChanCtrlColor="0" FixedPointTiming="1">
  <head>
    <version>4.2.24</version>
    <author/>
    <author-email/>
    <author-website/>
    <song/>
    <artist/>
    <album/>
    <MusicURL/>
    <comment/>
    <sequenceTiming>50 ms</sequenceTiming>
    <sequenceType>Media</sequenceType>
    <mediaFile>/home/cjd/Owncloud/Lights/Media/Light of Christmas.mp3</mediaFile>
    <sequenceDuration>252.633</sequenceDuration>
    <imageDir/>
  </head>
  <nextid>1</nextid>
  <ColorPalettes>
    <ColorPalette>C_BUTTON_Palette1=#FF0000,C_BUTTON_Palette2=#00FF00,C_BUTTON_Palette3=#0000FF,C_BUTTON_Palette4=#FFFF00,C_BUTTON_Palette5=#FFFFFF,C_BUTTON_Palette6=#000000,C_CHECKBOX_Palette1=0,C_CHECKBOX_Palette2=0,C_CHECKBOX_Palette3=0,C_CHECKBOX_Palette4=0,C_CHECKBOX_Palette5=1,C_CHECKBOX_Palette6=0,C_SLIDER_Brightness=100,C_SLIDER_Contrast=0,C_SLIDER_SparkleFrequency=0</ColorPalette>
    <ColorPalette>C_BUTTON_Palette1=#FF0000,C_BUTTON_Palette2=#00FF00,C_BUTTON_Palette3=#0000FF,C_BUTTON_Palette4=#FFFF00,C_BUTTON_Palette5=#FFFFFF,C_BUTTON_Palette6=#000000,C_CHECKBOX_Palette1=1,C_CHECKBOX_Palette2=1,C_CHECKBOX_Palette3=1,C_CHECKBOX_Palette4=0,C_CHECKBOX_Palette5=0,C_CHECKBOX_Palette6=0,C_SLIDER_Brightness=100,C_SLIDER_Contrast=0,C_SLIDER_SparkleFrequency=0</ColorPalette>
    <ColorPalette>C_BUTTON_Palette1=#FF0000,C_BUTTON_Palette2=#00FF00,C_BUTTON_Palette3=#0000FF,C_BUTTON_Palette4=#FFFF00,C_BUTTON_Palette5=#FFFFFF,C_BUTTON_Palette6=#000000,C_CHECKBOX_Palette1=1,C_CHECKBOX_Palette2=0,C_CHECKBOX_Palette3=0,C_CHECKBOX_Palette4=0,C_CHECKBOX_Palette5=1,C_CHECKBOX_Palette6=0,C_SLIDER_Brightness=100,C_SLIDER_Contrast=0,C_SLIDER_SparkleFrequency=0</ColorPalette>
    <ColorPalette>C_BUTTON_Palette1=#FF0000,C_BUTTON_Palette2=#00FF00,C_BUTTON_Palette3=#0000FF,C_BUTTON_Palette4=#FFFF00,C_BUTTON_Palette5=#FFFFFF,C_BUTTON_Palette6=#000000,C_CHECKBOX_Palette1=0,C_CHECKBOX_Palette2=1,C_CHECKBOX_Palette3=0,C_CHECKBOX_Palette4=0,C_CHECKBOX_Palette5=1,C_CHECKBOX_Palette6=0,C_SLIDER_Brightness=100,C_SLIDER_Contrast=0,C_SLIDER_SparkleFrequency=0</ColorPalette>
    <ColorPalette>C_BUTTON_Palette1=#FF0000,C_BUTTON_Palette2=#00FF00,C_BUTTON_Palette3=#0000FF,C_BUTTON_Palette4=#FFFF00,C_BUTTON_Palette5=#FFFFFF,C_BUTTON_Palette6=#000000,C_CHECKBOX_Palette1=0,C_CHECKBOX_Palette2=0,C_CHECKBOX_Palette3=1,C_CHECKBOX_Palette4=0,C_CHECKBOX_Palette5=1,C_CHECKBOX_Palette6=0,C_SLIDER_Brightness=100,C_SLIDER_Contrast=0,C_SLIDER_SparkleFrequency=0</ColorPalette>
    <ColorPalette>C_BUTTON_Palette1=#FF0000,C_BUTTON_Palette2=#00FF00,C_BUTTON_Palette3=#0000FF,C_BUTTON_Palette4=#FFFF00,C_BUTTON_Palette5=#FFFFFF,C_BUTTON_Palette6=#000000,C_CHECKBOX_Palette1=1,C_CHECKBOX_Palette2=0,C_CHECKBOX_Palette3=1,C_CHECKBOX_Palette4=0,C_CHECKBOX_Palette5=0,C_CHECKBOX_Palette6=0,C_SLIDER_Brightness=100,C_SLIDER_Contrast=0,C_SLIDER_SparkleFrequency=0</ColorPalette>
    <ColorPalette>C_BUTTON_Palette1=#FF0000,C_BUTTON_Palette2=#00FF00,C_BUTTON_Palette3=#0000FF,C_BUTTON_Palette4=#FFFF00,C_BUTTON_Palette5=#FFFFFF,C_BUTTON_Palette6=#000000,C_CHECKBOX_Palette1=1,C_CHECKBOX_Palette2=0,C_CHECKBOX_Palette3=0,C_CHECKBOX_Palette4=1,C_CHECKBOX_Palette5=0,C_CHECKBOX_Palette6=0,C_SLIDER_Brightness=100,C_SLIDER_Contrast=0,C_SLIDER_SparkleFrequency=0</ColorPalette>
    <ColorPalette>C_BUTTON_Palette1=#FF0000,C_BUTTON_Palette2=#00FF00,C_BUTTON_Palette3=#0000FF,C_BUTTON_Palette4=#FFFF00,C_BUTTON_Palette5=#FFFFFF,C_BUTTON_Palette6=#000000,C_CHECKBOX_Palette1=1,C_CHECKBOX_Palette2=1,C_CHECKBOX_Palette3=1,C_CHECKBOX_Palette4=1,C_CHECKBOX_Palette5=0,C_CHECKBOX_Palette6=0,C_SLIDER_Brightness=100,C_SLIDER_Contrast=0,C_SLIDER_SparkleFrequency=0</ColorPalette>
    <ColorPalette>C_BUTTON_Palette1=#FF0000,C_BUTTON_Palette2=#00FF00,C_BUTTON_Palette3=#0000FF,C_BUTTON_Palette4=#FFFF00,C_BUTTON_Palette5=#FFFFFF,C_BUTTON_Palette6=#000000,C_CHECKBOX_Palette1=1,C_CHECKBOX_Palette2=1,C_CHECKBOX_Palette3=0,C_CHECKBOX_Palette4=0,C_CHECKBOX_Palette5=0,C_CHECKBOX_Palette6=0,C_SLIDER_Brightness=100,C_SLIDER_Contrast=0,C_SLIDER_SparkleFrequency=0</ColorPalette>
    <ColorPalette>C_BUTTON_Palette1=#FF0000,C_BUTTON_Palette2=#00FF00,C_BUTTON_Palette3=#0000FF,C_BUTTON_Palette4=#FFFF00,C_BUTTON_Palette5=#FFFFFF,C_BUTTON_Palette6=#000000,C_CHECKBOX_Palette1=0,C_CHECKBOX_Palette2=0,C_CHECKBOX_Palette3=1,C_CHECKBOX_Palette4=1,C_CHECKBOX_Palette5=0,C_CHECKBOX_Palette6=0,C_SLIDER_Brightness=100,C_SLIDER_Contrast=0,C_SLIDER_SparkleFrequency=0</ColorPalette>
    <ColorPalette>C_BUTTON_Palette1=#FF0000,C_BUTTON_Palette2=#00FF00,C_BUTTON_Palette3=#0000FF,C_BUTTON_Palette4=#FFFF00,C_BUTTON_Palette5=#FFFFFF,C_BUTTON_Palette6=#000000,C_CHECKBOX_Palette1=0,C_CHECKBOX_Palette2=1,C_CHECKBOX_Palette3=1,C_CHECKBOX_Palette4=0,C_CHECKBOX_Palette5=0,C_CHECKBOX_Palette6=0,C_SLIDER_Brightness=100,C_SLIDER_Contrast=0,C_SLIDER_SparkleFrequency=0</ColorPalette>
    <ColorPalette>C_BUTTON_Palette1=#FF0000,C_BUTTON_Palette2=#00FF00,C_BUTTON_Palette3=#0000FF,C_BUTTON_Palette4=#FFFF00,C_BUTTON_Palette5=#FFFFFF,C_BUTTON_Palette6=#000000,C_CHECKBOX_Palette1=0,C_CHECKBOX_Palette2=0,C_CHECKBOX_Palette3=1,C_CHECKBOX_Palette4=0,C_CHECKBOX_Palette5=0,C_CHECKBOX_Palette6=0,C_SLIDER_Brightness=100,C_SLIDER_Contrast=0,C_SLIDER_SparkleFrequency=0</ColorPalette>
    <ColorPalette>C_BUTTON_Palette1=#FF0000,C_BUTTON_Palette2=#00FF00,C_BUTTON_Palette3=#0000FF,C_BUTTON_Palette4=#FFFF00,C_BUTTON_Palette5=#FFFFFF,C_BUTTON_Palette6=#000000,C_CHECKBOX_Palette1=1,C_CHECKBOX_Palette2=0,C_CHECKBOX_Palette3=1,C_CHECKBOX_Palette4=1,C_CHECKBOX_Palette5=0,C_CHECKBOX_Palette6=0,C_SLIDER_Brightness=100,C_SLIDER_Contrast=0,C_SLIDER_SparkleFrequency=0</ColorPalette>
    <ColorPalette>C_BUTTON_Palette1=#FF0000,C_BUTTON_Palette2=#00FF00,C_BUTTON_Palette3=#0000FF,C_BUTTON_Palette4=#FFFF00,C_BUTTON_Palette5=#FFFFFF,C_BUTTON_Palette6=#000000,C_CHECKBOX_Palette1=1,C_CHECKBOX_Palette2=1,C_CHECKBOX_Palette3=0,C_CHECKBOX_Palette4=0,C_CHECKBOX_Palette5=1,C_CHECKBOX_Palette6=0,C_SLIDER_Brightness=100,C_SLIDER_Contrast=0,C_SLIDER_SparkleFrequency=0</ColorPalette>
    <ColorPalette>C_BUTTON_Palette1=#FF0000,C_BUTTON_Palette2=#00FF00,C_BUTTON_Palette3=#0000FF,C_BUTTON_Palette4=#FFFF00,C_BUTTON_Palette5=#FFFFFF,C_BUTTON_Palette6=#000000,C_CHECKBOX_Palette1=1,C_CHECKBOX_Palette2=1,C_CHECKBOX_Palette3=1,C_CHECKBOX_Palette4=1,C_CHECKBOX_Palette5=1,C_CHECKBOX_Palette6=0,C_SLIDER_Brightness=100,C_SLIDER_Contrast=0,C_SLIDER_SparkleFrequency=0</ColorPalette>
  </ColorPalettes>
  <EffectDB>
    <Effect>E_CHOICE_Butterfly_Colors=Rainbow,E_CHOICE_Butterfly_Direction=Normal,E_SLIDER_Butterfly_Chunks=1,E_SLIDER_Butterfly_Skip=2,E_SLIDER_Butterfly_Speed=10,E_SLIDER_Butterfly_Style=1,T_CHECKBOX_LayerMorph=0,T_CHECKBOX_OverlayBkg=0,T_CHOICE_LayerMethod=Normal,T_SLIDER_EffectLayerMix=0,T_TEXTCTRL_Fadein=0.00,T_TEXTCTRL_Fadeout=0.00</Effect>
    <Effect>E_CHECKBOX_Spirals_3D=0,E_CHECKBOX_Spirals_Blend=0,E_CHECKBOX_Spirals_Grow=0,E_CHECKBOX_Spirals_Shrink=0,E_SLIDER_Spirals_Count=10,E_SLIDER_Spirals_Rotation=200,E_SLIDER_Spirals_Thickness=100,E_TEXTCTRL_Spirals_Movement=0.2,T_CHECKBOX_LayerMorph=0,T_CHECKBOX_OverlayBkg=0,T_CHOICE_LayerMethod=Normal,T_SLIDER_EffectLayerMix=0,T_TEXTCTRL_Fadein=0.00,T_TEXTCTRL_Fadeout=0.00</Effect>
    <Effect>E_CHECKBOX_Spirals_3D=0,E_CHECKBOX_Spirals_Blend=0,E_CHECKBOX_Spirals_Grow=0,E_CHECKBOX_Spirals_Shrink=0,E_SLIDER_Spirals_Count=10,E_SLIDER_Spirals_Rotation=200,E_SLIDER_Spirals_Thickness=74,E_TEXTCTRL_Spirals_Movement=1.0,T_CHECKBOX_LayerMorph=0,T_CHECKBOX_OverlayBkg=0,T_CHOICE_LayerMethod=Normal,T_SLIDER_EffectLayerMix=0,T_TEXTCTRL_Fadein=0.00,T_TEXTCTRL_Fadeout=0.00</Effect>
    <Effect>E_CHECKBOX_ColorWash_CircularPalette=1,E_CHECKBOX_ColorWash_EntireModel=1,E_CHECKBOX_ColorWash_HFade=1,E_CHECKBOX_ColorWash_Shimmer=0,E_CHECKBOX_ColorWash_VFade=1,E_TEXTCTRL_ColorWash_Cycles=1.0,T_CHECKBOX_LayerMorph=0,T_CHECKBOX_OverlayBkg=0,T_CHOICE_LayerMethod=Normal,T_SLIDER_EffectLayerMix=0,T_TEXTCTRL_Fadein=0.00,T_TEXTCTRL_Fadeout=0.00</Effect>
    <Effect>E_CHECKBOX_ColorWash_CircularPalette=0,E_CHECKBOX_ColorWash_EntireModel=1,E_CHECKBOX_ColorWash_HFade=1,E_CHECKBOX_ColorWash_Shimmer=1,E_CHECKBOX_ColorWash_VFade=1,E_TEXTCTRL_ColorWash_Cycles=1.0,T_CHECKBOX_LayerMorph=0,T_CHECKBOX_OverlayBkg=0,T_CHOICE_LayerMethod=Normal,T_SLIDER_EffectLayerMix=0,T_TEXTCTRL_Fadein=0.00,T_TEXTCTRL_Fadeout=0.00</Effect>
    <Effect>E_CHECKBOX_Spirals_3D=0,E_CHECKBOX_Spirals_Blend=0,E_CHECKBOX_Spirals_Grow=0,E_CHECKBOX_Spirals_Shrink=0,E_SLIDER_Spirals_Count=10,E_SLIDER_Spirals_Rotation=192,E_SLIDER_Spirals_Thickness=100,E_TEXTCTRL_Spirals_Movement=-0.6,T_CHECKBOX_LayerMorph=0,T_CHECKBOX_OverlayBkg=0,T_CHOICE_LayerMethod=Normal,T_SLIDER_EffectLayerMix=0,T_TEXTCTRL_Fadein=0.00,T_TEXTCTRL_Fadeout=0.00</Effect>
    <Effect>E_CHECKBOX_Spirals_3D=0,E_CHECKBOX_Spirals_Blend=0,E_CHECKBOX_Spirals_Grow=0,E_CHECKBOX_Spirals_Shrink=0,E_SLIDER_Spirals_Count=10,E_SLIDER_Spirals_Rotation=200,E_SLIDER_Spirals_Thickness=100,E_TEXTCTRL_Spirals_Movement=-0.4,T_CHECKBOX_LayerMorph=0,T_CHECKBOX_OverlayBkg=0,T_CHOICE_LayerMethod=Normal,T_SLIDER_EffectLayerMix=0,T_TEXTCTRL_Fadein=0.00,T_TEXTCTRL_Fadeout=0.00</Effect>
    <Effect>E_CHECKBOX_ColorWash_CircularPalette=1,E_CHECKBOX_ColorWash_EntireModel=1,E_CHECKBOX_ColorWash_HFade=0,E_CHECKBOX_ColorWash_Shimmer=0,E_CHECKBOX_ColorWash_VFade=0,E_TEXTCTRL_ColorWash_Cycles=1.0,T_CHECKBOX_LayerMorph=0,T_CHECKBOX_OverlayBkg=0,T_CHOICE_LayerMethod=Normal,T_SLIDER_EffectLayerMix=0,T_TEXTCTRL_Fadein=0.00,T_TEXTCTRL_Fadeout=0.00</Effect>
    <Effect>E_CHECKBOX_Shimmer_Use_All_Colors=1,E_SLIDER_Shimmer_Duty_Factor=100,E_TEXTCTRL_Shimmer_Cycles=1.0,T_CHECKBOX_LayerMorph=0,T_CHECKBOX_OverlayBkg=0,T_CHOICE_LayerMethod=Normal,T_SLIDER_EffectLayerMix=0,T_TEXTCTRL_Fadein=0.00,T_TEXTCTRL_Fadeout=0.00</Effect>
    <Effect>E_CHOICE_Butterfly_Colors=Rainbow,E_CHOICE_Butterfly_Direction=Normal,E_SLIDER_Butterfly_Chunks=1,E_SLIDER_Butterfly_Skip=2,E_SLIDER_Butterfly_Speed=33,E_SLIDER_Butterfly_Style=2,T_CHECKBOX_LayerMorph=0,T_CHECKBOX_OverlayBkg=0,T_CHOICE_LayerMethod=Normal,T_SLIDER_EffectLayerMix=0,T_TEXTCTRL_Fadein=0.00,T_TEXTCTRL_Fadeout=0.00</Effect>
    <Effect>E_CHOICE_Butterfly_Colors=Rainbow,E_CHOICE_Butterfly_Direction=Normal,E_SLIDER_Butterfly_Chunks=1,E_SLIDER_Butterfly_Skip=2,E_SLIDER_Butterfly_Speed=33,E_SLIDER_Butterfly_Style=1,T_CHECKBOX_LayerMorph=0,T_CHECKBOX_OverlayBkg=0,T_CHOICE_LayerMethod=Normal,T_SLIDER_EffectLayerMix=0,T_TEXTCTRL_Fadein=0.00,T_TEXTCTRL_Fadeout=0.00</Effect>
    <Effect>E_CHECKBOX_Spirals_3D=0,E_CHECKBOX_Spirals_Blend=0,E_CHECKBOX_Spirals_Grow=0,E_CHECKBOX_Spirals_Shrink=0,E_SLIDER_Spirals_Count=5,E_SLIDER_Spirals_Rotation=200,E_SLIDER_Spirals_Thickness=74,E_TEXTCTRL_Spirals_Movement=0.2,T_CHECKBOX_LayerMorph=0,T_CHECKBOX_OverlayBkg=0,T_CHOICE_LayerMethod=Normal,T_SLIDER_EffectLayerMix=0,T_TEXTCTRL_Fadein=0.00,T_TEXTCTRL_Fadeout=0.00</Effect>
    <Effect>E_CHECKBOX_Spirals_3D=0,E_CHECKBOX_Spirals_Blend=0,E_CHECKBOX_Spirals_Grow=0,E_CHECKBOX_Spirals_Shrink=0,E_SLIDER_Spirals_Count=5,E_SLIDER_Spirals_Rotation=200,E_SLIDER_Spirals_Thickness=74,E_TEXTCTRL_Spirals_Movement=-0.2,T_CHECKBOX_LayerMorph=0,T_CHECKBOX_OverlayBkg=0,T_CHOICE_LayerMethod=Normal,T_SLIDER_EffectLayerMix=0,T_TEXTCTRL_Fadein=0.00,T_TEXTCTRL_Fadeout=0.00</Effect>
    <Effect>E_CHECKBOX_Mirror_Wave=0,E_CHOICE_Fill_Colors=Rainbow,E_CHOICE_Wave_Direction=Right to Left,E_CHOICE_Wave_Type=Sine,E_SLIDER_Number_Waves=900,E_SLIDER_Thickness_Percentage=18,E_SLIDER_Wave_Height=50,E_TEXTCTRL_Wave_Speed=10,T_CHECKBOX_LayerMorph=0,T_CHECKBOX_OverlayBkg=0,T_CHOICE_LayerMethod=Normal,T_SLIDER_EffectLayerMix=0,T_TEXTCTRL_Fadein=0.00,T_TEXTCTRL_Fadeout=0.00</Effect>
    <Effect>E_CHECKBOX_Shimmer_Use_All_Colors=1,E_SLIDER_Shimmer_Duty_Factor=50,E_TEXTCTRL_Shimmer_Cycles=0.0,T_CHECKBOX_LayerMorph=0,T_CHECKBOX_OverlayBkg=0,T_CHOICE_LayerMethod=Normal,T_SLIDER_EffectLayerMix=0,T_TEXTCTRL_Fadein=0.00,T_TEXTCTRL_Fadeout=0.00</Effect>
    <Effect>E_CHECKBOX_Bars_3D=0,E_CHECKBOX_Bars_Highlight=1,E_CHOICE_Bars_Direction=H-expand,E_SLIDER_Bars_BarCount=5,E_TEXTCTRL_Bars_Cycles=8.3,T_CHECKBOX_LayerMorph=0,T_CHECKBOX_OverlayBkg=0,T_CHOICE_LayerMethod=Normal,T_SLIDER_EffectLayerMix=0,T_TEXTCTRL_Fadein=0.00,T_TEXTCTRL_Fadeout=0.00</Effect>
    <Effect>E_CHOICE_Butterfly_Colors=Rainbow,E_CHOICE_Butterfly_Direction=Normal,E_SLIDER_Butterfly_Chunks=1,E_SLIDER_Butterfly_Skip=2,E_SLIDER_Butterfly_Speed=33,E_SLIDER_Butterfly_Style=4,T_CHECKBOX_LayerMorph=0,T_CHECKBOX_OverlayBkg=0,T_CHOICE_LayerMethod=Normal,T_SLIDER_EffectLayerMix=0,T_TEXTCTRL_Fadein=0.00,T_TEXTCTRL_Fadeout=0.00</Effect>
    <Effect>E_CHECKBOX_On_Shimmer=0,E_TEXTCTRL_Eff_On_End=100,E_TEXTCTRL_Eff_On_Start=0,E_TEXTCTRL_On_Cycles=1.00,T_CHECKBOX_LayerMorph=0,T_CHECKBOX_OverlayBkg=0,T_CHOICE_LayerMethod=Normal,T_SLIDER_EffectLayerMix=0,T_TEXTCTRL_Fadein=0.00,T_TEXTCTRL_Fadeout=0.00</Effect>
    <Effect>E_CHECKBOX_On_Shimmer=0,E_TEXTCTRL_Eff_On_End=0,E_TEXTCTRL_Eff_On_Start=100,E_TEXTCTRL_On_Cycles=1.00,T_CHECKBOX_LayerMorph=0,T_CHECKBOX_OverlayBkg=0,T_CHOICE_LayerMethod=Normal,T_SLIDER_EffectLayerMix=0,T_TEXTCTRL_Fadein=0.00,T_TEXTCTRL_Fadeout=0.00</Effect>
    <Effect>E_CHOICE_Butterfly_Colors=Rainbow,E_CHOICE_Butterfly_Direction=Normal,E_SLIDER_Butterfly_Chunks=1,E_SLIDER_Butterfly_Skip=2,E_SLIDER_Butterfly_Speed=24,E_SLIDER_Butterfly_Style=4,T_CHECKBOX_LayerMorph=0,T_CHECKBOX_OverlayBkg=0,T_CHOICE_LayerMethod=Normal,T_SLIDER_EffectLayerMix=0,T_TEXTCTRL_Fadein=0.00,T_TEXTCTRL_Fadeout=0.00</Effect>
    <Effect>E_CHECKBOX_Pinwheel_Rotation=1,E_CHOICE_Pinwheel_3D=None,E_SLIDER_PinwheelXC=0,E_SLIDER_PinwheelYC=0,E_SLIDER_Pinwheel_ArmSize=100,E_SLIDER_Pinwheel_Arms=3,E_SLIDER_Pinwheel_Thickness=100,E_SLIDER_Pinwheel_Twist=0,E_TEXTCTRL_Pinwheel_Speed=10,T_CHECKBOX_LayerMorph=0,T_CHECKBOX_OverlayBkg=0,T_CHOICE_LayerMethod=Normal,T_SLIDER_EffectLayerMix=0,T_TEXTCTRL_Fadein=0.00,T_TEXTCTRL_Fadeout=0.00</Effect>
    <Effect>E_CHECKBOX_Pinwheel_Rotation=1,E_CHOICE_Pinwheel_3D=None,E_SLIDER_PinwheelXC=0,E_SLIDER_PinwheelYC=0,E_SLIDER_Pinwheel_ArmSize=270,E_SLIDER_Pinwheel_Arms=2,E_SLIDER_Pinwheel_Thickness=100,E_SLIDER_Pinwheel_Twist=-166,E_TEXTCTRL_Pinwheel_Speed=15,T_CHECKBOX_LayerMorph=0,T_CHECKBOX_OverlayBkg=0,T_CHOICE_LayerMethod=Normal,T_SLIDER_EffectLayerMix=0,T_TEXTCTRL_Fadein=0.00,T_TEXTCTRL_Fadeout=0.00</Effect>
    <Effect>E_CHECKBOX_Fan_Blend_Edges=0,E_CHECKBOX_Fan_Reverse=0,E_NOTEBOOK_Fan=Blades,E_SLIDER_Fan_Accel=0,E_SLIDER_Fan_Blade_Angle=-59,E_SLIDER_Fan_Blade_Width=100,E_SLIDER_Fan_CenterX=50,E_SLIDER_Fan_CenterY=50,E_SLIDER_Fan_Duration=100,E_SLIDER_Fan_Element_Width=100,E_SLIDER_Fan_End_Radius=67,E_SLIDER_Fan_Num_Blades=1,E_SLIDER_Fan_Num_Elements=1,E_SLIDER_Fan_Revolutions=720,E_SLIDER_Fan_Start_Angle=0,E_SLIDER_Fan_Start_Radius=0,T_CHECKBOX_LayerMorph=0,T_CHECKBOX_OverlayBkg=0,T_CHOICE_LayerMethod=Normal,T_SLIDER_EffectLayerMix=0,T_TEXTCTRL_Fadein=0.00,T_TEXTCTRL_Fadeout=0.00</Effect>
    <Effect>E_CHECKBOX_Pinwheel_Rotation=0,E_CHOICE_Pinwheel_3D=None,E_SLIDER_PinwheelXC=28,E_SLIDER_PinwheelYC=0,E_SLIDER_Pinwheel_ArmSize=270,E_SLIDER_Pinwheel_Arms=2,E_SLIDER_Pinwheel_Thickness=100,E_SLIDER_Pinwheel_Twist=-166,E_TEXTCTRL_Pinwheel_Speed=26,T_CHECKBOX_LayerMorph=0,T_CHECKBOX_OverlayBkg=0,T_CHOICE_LayerMethod=Normal,T_SLIDER_EffectLayerMix=0,T_TEXTCTRL_Fadein=0.00,T_TEXTCTRL_Fadeout=0.00</Effect>
    <Effect>E_CHECKBOX_Pinwheel_Rotation=0,E_CHOICE_Pinwheel_3D=None,E_SLIDER_PinwheelXC=0,E_SLIDER_PinwheelYC=0,E_SLIDER_Pinwheel_ArmSize=100,E_SLIDER_Pinwheel_Arms=3,E_SLIDER_Pinwheel_Thickness=100,E_SLIDER_Pinwheel_Twist=0,E_TEXTCTRL_Pinwheel_Speed=10,T_CHECKBOX_LayerMorph=0,T_CHECKBOX_OverlayBkg=0,T_CHOICE_LayerMethod=Normal,T_SLIDER_EffectLayerMix=0,T_TEXTCTRL_Fadein=0.00,T_TEXTCTRL_Fadeout=0.00</Effect>
    <Effect>E_CHECKBOX_Pinwheel_Rotation=0,E_CHOICE_Pinwheel_3D=None,E_SLIDER_PinwheelXC=0,E_SLIDER_PinwheelYC=0,E_SLIDER_Pinwheel_ArmSize=100,E_SLIDER_Pinwheel_Arms=4,E_SLIDER_Pinwheel_Thickness=100,E_SLIDER_Pinwheel_Twist=0,E_TEXTCTRL_Pinwheel_Speed=10,T_CHECKBOX_LayerMorph=0,T_CHECKBOX_OverlayBkg=0,T_CHOICE_LayerMethod=Normal,T_SLIDER_EffectLayerMix=0,T_TEXTCTRL_Fadein=0.00,T_TEXTCTRL_Fadeout=0.00</Effect>
    <Effect>E_CHECKBOX_Marquee_PixelOffsets=0,E_CHECKBOX_Marquee_Reverse=1,E_CHECKBOX_Marquee_WrapX=0,E_NOTEBOOK_Marquee=Settings,E_SLIDER_MarqueeXC=0,E_SLIDER_MarqueeYC=0,E_SLIDER_Marquee_Band_Size=3,E_SLIDER_Marquee_ScaleX=100,E_SLIDER_Marquee_ScaleY=100,E_SLIDER_Marquee_Skip_Size=0,E_SLIDER_Marquee_Speed=3,E_SLIDER_Marquee_Stagger=0,E_SLIDER_Marquee_Thickness=1,T_CHECKBOX_LayerMorph=0,T_CHECKBOX_OverlayBkg=0,T_CHOICE_LayerMethod=Normal,T_SLIDER_EffectLayerMix=0,T_TEXTCTRL_Fadein=0.00,T_TEXTCTRL_Fadeout=0.00</Effect>
    <Effect>E_CHECKBOX_Marquee_PixelOffsets=0,E_CHECKBOX_Marquee_Reverse=0,E_CHECKBOX_Marquee_WrapX=0,E_NOTEBOOK_Marquee=Settings,E_SLIDER_MarqueeXC=0,E_SLIDER_MarqueeYC=0,E_SLIDER_Marquee_Band_Size=3,E_SLIDER_Marquee_ScaleX=100,E_SLIDER_Marquee_ScaleY=100,E_SLIDER_Marquee_Skip_Size=0,E_SLIDER_Marquee_Speed=3,E_SLIDER_Marquee_Stagger=0,E_SLIDER_Marquee_Thickness=1,T_CHECKBOX_LayerMorph=0,T_CHECKBOX_OverlayBkg=0,T_CHOICE_LayerMethod=Normal,T_SLIDER_EffectLayerMix=0,T_TEXTCTRL_Fadein=0.00,T_TEXTCTRL_Fadeout=0.00</Effect>
    <Effect>E_CHECKBOX_Bars_3D=0,E_CHECKBOX_Bars_Highlight=0,E_CHOICE_Bars_Direction=up,E_SLIDER_Bars_BarCount=1,E_TEXTCTRL_Bars_Cycles=1.0,T_CHECKBOX_LayerMorph=0,T_CHECKBOX_OverlayBkg=0,T_CHOICE_LayerMethod=Normal,T_SLIDER_EffectLayerMix=0,T_TEXTCTRL_Fadein=0.00,T_TEXTCTRL_Fadeout=0.00</Effect>
    <Effect>E_CHOICE_Fire_Location=Bottom,E_SLIDER_Fire_Height=50,E_SLIDER_Fire_HueShift=0,E_TEXTCTRL_Fire_GrowthCycles=3.4,T_CHECKBOX_LayerMorph=0,T_CHECKBOX_OverlayBkg=0,T_CHOICE_LayerMethod=Normal,T_SLIDER_EffectLayerMix=0,T_TEXTCTRL_Fadein=0.00,T_TEXTCTRL_Fadeout=0.00</Effect>
    <Effect>E_CHECKBOX_Spirals_3D=0,E_CHECKBOX_Spirals_Blend=0,E_CHECKBOX_Spirals_Grow=0,E_CHECKBOX_Spirals_Shrink=0,E_SLIDER_Spirals_Count=1,E_SLIDER_Spirals_Rotation=20,E_SLIDER_Spirals_Thickness=50,E_TEXTCTRL_Spirals_Movement=12.6,T_CHECKBOX_LayerMorph=0,T_CHECKBOX_OverlayBkg=0,T_CHOICE_LayerMethod=Normal,T_SLIDER_EffectLayerMix=0,T_TEXTCTRL_Fadein=0.00,T_TEXTCTRL_Fadeout=0.00</Effect>
    <Effect>E_CHECKBOX_Spirals_3D=0,E_CHECKBOX_Spirals_Blend=0,E_CHECKBOX_Spirals_Grow=0,E_CHECKBOX_Spirals_Shrink=0,E_SLIDER_Spirals_Count=1,E_SLIDER_Spirals_Rotation=28,E_SLIDER_Spirals_Thickness=81,E_TEXTCTRL_Spirals_Movement=-9.0,T_CHECKBOX_LayerMorph=0,T_CHECKBOX_OverlayBkg=0,T_CHOICE_LayerMethod=Normal,T_SLIDER_EffectLayerMix=0,T_TEXTCTRL_Fadein=0.00,T_TEXTCTRL_Fadeout=0.00</Effect>
    <Effect>E_SLIDER_Snowstorm_Count=50,E_SLIDER_Snowstorm_Length=50,E_SLIDER_Snowstorm_Speed=10,T_CHECKBOX_LayerMorph=0,T_CHECKBOX_OverlayBkg=0,T_CHOICE_LayerMethod=Normal,T_SLIDER_EffectLayerMix=0,T_TEXTCTRL_Fadein=0.00,T_TEXTCTRL_Fadeout=0.00</Effect>
    <Effect>E_CHECKBOX_Mirror_Wave=0,E_CHOICE_Fill_Colors=Rainbow,E_CHOICE_Wave_Direction=Right to Left,E_CHOICE_Wave_Type=Sine,E_SLIDER_Number_Waves=245,E_SLIDER_Thickness_Percentage=21,E_SLIDER_Wave_Height=70,E_TEXTCTRL_Wave_Speed=10,T_CHECKBOX_LayerMorph=0,T_CHECKBOX_OverlayBkg=0,T_CHOICE_LayerMethod=Normal,T_SLIDER_EffectLayerMix=0,T_TEXTCTRL_Fadein=0.00,T_TEXTCTRL_Fadeout=0.00</Effect>
    <Effect>E_CHOICE_Fire_Location=Bottom,E_SLIDER_Fire_Height=76,E_SLIDER_Fire_HueShift=52,E_TEXTCTRL_Fire_GrowthCycles=2.4,T_CHECKBOX_LayerMorph=0,T_CHECKBOX_OverlayBkg=0,T_CHOICE_LayerMethod=Normal,T_SLIDER_EffectLayerMix=0,T_TEXTCTRL_Fadein=0.00,T_TEXTCTRL_Fadeout=0.00</Effect>
    <Effect>E_CHOICE_Meteors_Effect=Down,E_CHOICE_Meteors_Type=Rainbow,E_SLIDER_Meteors_Count=19,E_SLIDER_Meteors_Length=25,E_SLIDER_Meteors_Speed=10,E_SLIDER_Meteors_Swirl_Intensity=0,T_CHECKBOX_LayerMorph=0,T_CHECKBOX_OverlayBkg=0,T_CHOICE_LayerMethod=Normal,T_SLIDER_EffectLayerMix=0,T_TEXTCTRL_Fadein=0.00,T_TEXTCTRL_Fadeout=0.00</Effect>
    <Effect>E_CHECKBOX_Pinwheel_Rotation=0,E_CHOICE_Pinwheel_3D=None,E_SLIDER_PinwheelXC=0,E_SLIDER_PinwheelYC=0,E_SLIDER_Pinwheel_ArmSize=100,E_SLIDER_Pinwheel_Arms=5,E_SLIDER_Pinwheel_Thickness=30,E_SLIDER_Pinwheel_Twist=0,E_TEXTCTRL_Pinwheel_Speed=10,T_CHECKBOX_LayerMorph=0,T_CHECKBOX_OverlayBkg=0,T_CHOICE_LayerMethod=Normal,T_SLIDER_EffectLayerMix=0,T_TEXTCTRL_Fadein=0.00,T_TEXTCTRL_Fadeout=0.00</Effect>
    <Effect>E_CHECKBOX_Spirals_3D=0,E_CHECKBOX_Spirals_Blend=0,E_CHECKBOX_Spirals_Grow=0,E_CHECKBOX_Spirals_Shrink=0,E_SLIDER_Spirals_Count=1,E_SLIDER_Spirals_Rotation=20,E_SLIDER_Spirals_Thickness=50,E_TEXTCTRL_Spirals_Movement=12.9,T_CHECKBOX_LayerMorph=0,T_CHECKBOX_OverlayBkg=0,T_CHOICE_LayerMethod=Normal,T_SLIDER_EffectLayerMix=0,T_TEXTCTRL_Fadein=0.00,T_TEXTCTRL_Fadeout=0.00</Effect>
    <Effect>E_CHOICE_Garlands_Direction=Up,E_SLIDER_Garlands_Spacing=35,E_SLIDER_Garlands_Type=0,E_TEXTCTRL_Garlands_Cycles=4,T_CHECKBOX_LayerMorph=0,T_CHECKBOX_OverlayBkg=0,T_CHOICE_LayerMethod=Normal,T_SLIDER_EffectLayerMix=0,T_TEXTCTRL_Fadein=0.00,T_TEXTCTRL_Fadeout=0.00</Effect>
    <Effect>E_CHECKBOX_Bars_3D=0,E_CHECKBOX_Bars_Highlight=1,E_CHOICE_Bars_Direction=H-expand,E_SLIDER_Bars_BarCount=3,E_TEXTCTRL_Bars_Cycles=8.3,T_CHECKBOX_LayerMorph=0,T_CHECKBOX_OverlayBkg=0,T_CHOICE_LayerMethod=Normal,T_SLIDER_EffectLayerMix=0,T_TEXTCTRL_Fadein=0.00,T_TEXTCTRL_Fadeout=0.00</Effect>
    <Effect>E_CHOICE_Butterfly_Colors=Rainbow,E_CHOICE_Butterfly_Direction=Normal,E_SLIDER_Butterfly_Chunks=1,E_SLIDER_Butterfly_Skip=2,E_SLIDER_Butterfly_Speed=33,E_SLIDER_Butterfly_Style=5,T_CHECKBOX_LayerMorph=0,T_CHECKBOX_OverlayBkg=0,T_CHOICE_LayerMethod=Normal,T_SLIDER_EffectLayerMix=0,T_TEXTCTRL_Fadein=0.00,T_TEXTCTRL_Fadeout=0.00</Effect>
    <Effect>E_CHECKBOX_Bars_3D=0,E_CHECKBOX_Bars_Highlight=0,E_CHOICE_Bars_Direction=Left,E_SLIDER_Bars_BarCount=3,E_TEXTCTRL_Bars_Cycles=4.0,T_CHECKBOX_LayerMorph=0,T_CHECKBOX_OverlayBkg=0,T_CHOICE_LayerMethod=Normal,T_SLIDER_EffectLayerMix=0,T_TEXTCTRL_Fadein=0.00,T_TEXTCTRL_Fadeout=0.00</Effect>
    <Effect>E_CHECKBOX_Chase_3dFade1=0,E_CHECKBOX_Chase_Group_All=1,E_CHOICE_Chase_Type1=Left-Right,E_CHOICE_SingleStrand_Colors=Palette,E_CHOICE_Skips_Direction=,E_NOTEBOOK_SSEFFECT_TYPE=Chase,E_SLIDER_Color_Mix1=4,E_SLIDER_Number_Chases=4,E_SLIDER_Skips_Advance=0,E_SLIDER_Skips_BandSize=1,E_SLIDER_Skips_SkipSize=1,E_SLIDER_Skips_StartPos=1,E_TEXTCTRL_Chase_Rotations=3.0,T_CHECKBOX_LayerMorph=0,T_CHECKBOX_OverlayBkg=0,T_CHOICE_LayerMethod=Normal,T_SLIDER_EffectLayerMix=0,T_TEXTCTRL_Fadein=0.00,T_TEXTCTRL_Fadeout=0.00</Effect>
    <Effect>E_CHECKBOX_Chase_3dFade1=0,E_CHECKBOX_Chase_Group_All=1,E_CHOICE_Chase_Type1=Left-Right,E_CHOICE_SingleStrand_Colors=Rainbow,E_CHOICE_Skips_Direction=,E_NOTEBOOK_SSEFFECT_TYPE=Chase,E_SLIDER_Color_Mix1=11,E_SLIDER_Number_Chases=7,E_SLIDER_Skips_Advance=0,E_SLIDER_Skips_BandSize=1,E_SLIDER_Skips_SkipSize=1,E_SLIDER_Skips_StartPos=1,E_TEXTCTRL_Chase_Rotations=3.9,T_CHECKBOX_LayerMorph=0,T_CHECKBOX_OverlayBkg=0,T_CHOICE_LayerMethod=Normal,T_SLIDER_EffectLayerMix=0,T_TEXTCTRL_Fadein=0.00,T_TEXTCTRL_Fadeout=0.00</Effect>
    <Effect>E_CHECKBOX_ColorWash_CircularPalette=0,E_CHECKBOX_ColorWash_EntireModel=1,E_CHECKBOX_ColorWash_HFade=0,E_CHECKBOX_ColorWash_Shimmer=0,E_CHECKBOX_ColorWash_VFade=0,E_TEXTCTRL_ColorWash_Cycles=8,T_CHECKBOX_LayerMorph=0,T_CHECKBOX_OverlayBkg=0,T_CHOICE_LayerMethod=Normal,T_SLIDER_EffectLayerMix=0,T_TEXTCTRL_Fadein=0.00,T_TEXTCTRL_Fadeout=0.00</Effect>
    <Effect>E_CHECKBOX_ColorWash_CircularPalette=1,E_CHECKBOX_ColorWash_EntireModel=1,E_CHECKBOX_ColorWash_HFade=0,E_CHECKBOX_ColorWash_Shimmer=0,E_CHECKBOX_ColorWash_VFade=0,E_TEXTCTRL_ColorWash_Cycles=4.0,T_CHECKBOX_LayerMorph=0,T_CHECKBOX_OverlayBkg=0,T_CHOICE_LayerMethod=Normal,T_SLIDER_EffectLayerMix=0,T_TEXTCTRL_Fadein=0.00,T_TEXTCTRL_Fadeout=0.00</Effect>
    <Effect>E_CHECKBOX_Bars_3D=0,E_CHECKBOX_Bars_Highlight=0,E_CHOICE_Bars_Direction=Left,E_SLIDER_Bars_BarCount=1,E_TEXTCTRL_Bars_Cycles=13.0,T_CHECKBOX_LayerMorph=0,T_CHECKBOX_OverlayBkg=0,T_CHOICE_LayerMethod=Normal,T_SLIDER_EffectLayerMix=0,T_TEXTCTRL_Fadein=0.00,T_TEXTCTRL_Fadeout=0.00</Effect>
    <Effect>E_CHECKBOX_Spirals_3D=0,E_CHECKBOX_Spirals_Blend=0,E_CHECKBOX_Spirals_Grow=0,E_CHECKBOX_Spirals_Shrink=0,E_SLIDER_Spirals_Count=1,E_SLIDER_Spirals_Rotation=200,E_SLIDER_Spirals_Thickness=74,E_TEXTCTRL_Spirals_Movement=0.6,T_CHECKBOX_LayerMorph=0,T_CHECKBOX_OverlayBkg=0,T_CHOICE_LayerMethod=Normal,T_SLIDER_EffectLayerMix=0,T_TEXTCTRL_Fadein=0.00,T_TEXTCTRL_Fadeout=0.00</Effect>
    <Effect>E_CHECKBOX_Spirals_3D=0,E_CHECKBOX_Spirals_Blend=0,E_CHECKBOX_Spirals_Grow=0,E_CHECKBOX_Spirals_Shrink=0,E_SLIDER_Spirals_Count=1,E_SLIDER_Spirals_Rotation=200,E_SLIDER_Spirals_Thickness=74,E_TEXTCTRL_Spirals_Movement=-0.6,T_CHECKBOX_LayerMorph=0,T_CHECKBOX_OverlayBkg=0,T_CHOICE_LayerMethod=Normal,T_SLIDER_EffectLayerMix=0,T_TEXTCTRL_Fadein=0.00,T_TEXTCTRL_Fadeout=0.00</Effect>
    <Effect>E_CHECKBOX_Spirals_3D=1,E_CHECKBOX_Spirals_Blend=0,E_CHECKBOX_Spirals_Grow=0,E_CHECKBOX_Spirals_Shrink=0,E_SLIDER_Spirals_Count=1,E_SLIDER_Spirals_Rotation=200,E_SLIDER_Spirals_Thickness=74,E_TEXTCTRL_Spirals_Movement=13.0,T_CHECKBOX_LayerMorph=0,T_CHECKBOX_OverlayBkg=0,T_CHOICE_LayerMethod=Normal,T_SLIDER_EffectLayerMix=0,T_TEXTCTRL_Fadein=0.00,T_TEXTCTRL_Fadeout=0.00</Effect>
    <Effect>E_CHECKBOX_Spirals_3D=0,E_CHECKBOX_Spirals_Blend=0,E_CHECKBOX_Spirals_Grow=0,E_CHECKBOX_Spirals_Shrink=0,E_SLIDER_Spirals_Count=2,E_SLIDER_Spirals_Rotation=20,E_SLIDER_Spirals_Thickness=100,E_TEXTCTRL_Spirals_Movement=17.8,T_CHECKBOX_LayerMorph=0,T_CHECKBOX_OverlayBkg=0,T_CHOICE_LayerMethod=Normal,T_SLIDER_EffectLayerMix=0,T_TEXTCTRL_Fadein=0.00,T_TEXTCTRL_Fadeout=0.00</Effect>
  </EffectDB>
  <DataLayers>
    <DataLayer lor_params="0" channel_offset="0" num_channels="0" num_frames="0" data="&lt;rendered: erase-mode&gt;" source="&lt;auto-generated&gt;" name="Nutcracker"/>
  </DataLayers>
  <DisplayElements>
    <Element collapsed="0" type="timing" name="Light of Christmas" visible="1" active="0" views=""/>
    <Element collapsed="0" type="model" name="RGB Group" visible="1" active="0"/>
    <Element collapsed="0" type="model" name="Big Star" visible="1" active="0"/>
    <Element collapsed="0" type="model" name="Left Window" visible="0" active="0"/>
    <Element collapsed="0" type="model" name="Right Window" visible="0" active="0"/>
    <Element collapsed="0" type="model" name="Roofline" visible="0" active="0"/>
    <Element collapsed="0" type="model" name="Tree Left" visible="0" active="0"/>
    <Element collapsed="0" type="model" name="Megatree" visible="1" active="0"/>
    <Element collapsed="0" type="model" name="Arches" visible="1" active="0"/>
    <Element collapsed="0" type="model" name="Tree Right" visible="0" active="0"/>
  </DisplayElements>
  <ElementEffects>
    <Element type="timing" name="Light of Christmas">
      <EffectLayer>
        <Effect label="1" startTime="0" endTime="2750"></Effect>
        <Effect label="1" startTime="2750" endTime="3300"></Effect>
        <Effect label="2" startTime="3300" endTime="3750"></Effect>
        <Effect label="3" startTime="3750" endTime="4250"></Effect>
        <Effect label="4" startTime="4250" endTime="4750"></Effect>
        <Effect label="1" startTime="4750" endTime="5200"></Effect>
        <Effect label="2" startTime="5200" endTime="5700"></Effect>
        <Effect label="3" startTime="5700" endTime="6200"></Effect>
        <Effect label="4" startTime="6200" endTime="6650"></Effect>
        <Effect label="1" startTime="6650" endTime="7150"></Effect>
        <Effect label="2" startTime="7150" endTime="7650"></Effect>
        <Effect label="3" startTime="7650" endTime="8150"></Effect>
        <Effect label="4" startTime="8150" endTime="8600"></Effect>
        <Effect label="1" startTime="8600" endTime="9100"></Effect>
        <Effect label="2" startTime="9100" endTime="9600"></Effect>
        <Effect label="3" startTime="9600" endTime="10100"></Effect>
        <Effect label="4" startTime="10100" endTime="10550"></Effect>
        <Effect label="1" startTime="10550" endTime="11050"></Effect>
        <Effect label="2" startTime="11050" endTime="11500"></Effect>
        <Effect label="3" startTime="11500" endTime="12000"></Effect>
        <Effect label="4" startTime="12000" endTime="12450"></Effect>
        <Effect label="1" startTime="12450" endTime="12950"></Effect>
        <Effect label="2" startTime="12950" endTime="13450"></Effect>
        <Effect label="3" startTime="13450" endTime="13950"></Effect>
        <Effect label="4" startTime="13950" endTime="14400"></Effect>
        <Effect label="1" startTime="14400" endTime="14900"></Effect>
        <Effect label="2" startTime="14900" endTime="15400"></Effect>
        <Effect label="3" startTime="15400" endTime="15850"></Effect>
        <Effect label="4" startTime="15850" endTime="16350"></Effect>
        <Effect label="1" startTime="16350" endTime="16800"></Effect>
        <Effect label="2" startTime="16800" endTime="17300"></Effect>
        <Effect label="3" startTime="17300" endTime="17800"></Effect>
        <Effect label="4" startTime="17800" endTime="18300"></Effect>
        <Effect label="1" startTime="18300" endTime="18750"></Effect>
        <Effect label="2" startTime="18750" endTime="19250"></Effect>
        <Effect label="3" startTime="19250" endTime="19750"></Effect>
        <Effect label="4" startTime="19750" endTime="20200"></Effect>
        <Effect label="1" startTime="20200" endTime="20700"></Effect>
        <Effect label="2" startTime="20700" endTime="21200"></Effect>
        <Effect label="3" startTime="21200" endTime="21650"></Effect>
        <Effect label="4" startTime="21650" endTime="22150"></Effect>
        <Effect label="1" startTime="22150" endTime="22650"></Effect>
        <Effect label="2" startTime="22650" endTime="23100"></Effect>
        <Effect label="3" startTime="23100" endTime="23600"></Effect>
        <Effect label="4" startTime="23600" endTime="24100"></Effect>
        <Effect label="1" startTime="24100" endTime="24550"></Effect>
        <Effect label="2" startTime="24550" endTime="25050"></Effect>
        <Effect label="3" startTime="25050" endTime="25550"></Effect>
        <Effect label="4" startTime="25550" endTime="26000"></Effect>
        <Effect label="1" startTime="26000" endTime="26500"></Effect>
        <Effect label="2" startTime="26500" endTime="26950"></Effect>
        <Effect label="3" startTime="26950" endTime="27450"></Effect>
        <Effect label="4" startTime="27450" endTime="27950"></Effect>
        <Effect label="1" startTime="27950" endTime="28450"></Effect>
        <Effect label="2" startTime="28450" endTime="28900"></Effect>
        <Effect label="3" startTime="28900" endTime="29400"></Effect>
        <Effect label="4" startTime="29400" endTime="29850"></Effect>
        <Effect label="1" startTime="29850" endTime="30350"></Effect>
        <Effect label="2" startTime="30350" endTime="30850"></Effect>
        <Effect label="3" startTime="30850" endTime="31300"></Effect>
        <Effect label="4" startTime="31300" endTime="31800"></Effect>
        <Effect label="1" startTime="31800" endTime="32300"></Effect>
        <Effect label="2" startTime="32300" endTime="32800"></Effect>
        <Effect label="3" startTime="32800" endTime="33250"></Effect>
        <Effect label="4" startTime="33250" endTime="33750"></Effect>
        <Effect label="1" startTime="33750" endTime="34250"></Effect>
        <Effect label="2" startTime="34250" endTime="34700"></Effect>
        <Effect label="3" startTime="34700" endTime="35200"></Effect>
        <Effect label="4" startTime="35200" endTime="35700"></Effect>
        <Effect label="1" startTime="35700" endTime="36150"></Effect>
        <Effect label="2" startTime="36150" endTime="36650"></Effect>
        <Effect label="3" startTime="36650" endTime="37150"></Effect>
        <Effect label="4" startTime="37150" endTime="37600"></Effect>
        <Effect label="1" startTime="37600" endTime="38100"></Effect>
        <Effect label="2" startTime="38100" endTime="38600"></Effect>
        <Effect label="3" startTime="38600" endTime="39050"></Effect>
        <Effect label="4" startTime="39050" endTime="39550"></Effect>
        <Effect label="1" startTime="39550" endTime="40050"></Effect>
        <Effect label="2" startTime="40050" endTime="40500"></Effect>
        <Effect label="3" startTime="40500" endTime="41000"></Effect>
        <Effect label="4" startTime="41000" endTime="41250"></Effect>
        <Effect label="" startTime="41250" endTime="41500"></Effect>
        <Effect label="1" startTime="41500" endTime="41750"></Effect>
        <Effect label="" startTime="41750" endTime="42000"></Effect>
        <Effect label="2" startTime="42000" endTime="42200"></Effect>
        <Effect label="" startTime="42200" endTime="42450"></Effect>
        <Effect label="3" startTime="42450" endTime="42950"></Effect>
        <Effect label="4" startTime="42950" endTime="43450"></Effect>
        <Effect label="1" startTime="43450" endTime="43900"></Effect>
        <Effect label="2" startTime="43900" endTime="44400"></Effect>
        <Effect label="3" startTime="44400" endTime="44850"></Effect>
        <Effect label="4" startTime="44850" endTime="45350"></Effect>
        <Effect label="1" startTime="45350" endTime="45850"></Effect>
        <Effect label="2" startTime="45850" endTime="46300"></Effect>
        <Effect label="3" startTime="46300" endTime="46800"></Effect>
        <Effect label="4" startTime="46800" endTime="47300"></Effect>
        <Effect label="1" startTime="47300" endTime="47800"></Effect>
        <Effect label="2" startTime="47800" endTime="48250"></Effect>
        <Effect label="3" startTime="48250" endTime="48750"></Effect>
        <Effect label="4" startTime="48750" endTime="49250"></Effect>
        <Effect label="1" startTime="49250" endTime="49750"></Effect>
        <Effect label="2" startTime="49750" endTime="50200"></Effect>
        <Effect label="3" startTime="50200" endTime="50700"></Effect>
        <Effect label="4" startTime="50700" endTime="51200"></Effect>
        <Effect label="1" startTime="51200" endTime="51650"></Effect>
        <Effect label="2" startTime="51650" endTime="52150"></Effect>
        <Effect label="3" startTime="52150" endTime="52650"></Effect>
        <Effect label="4" startTime="52650" endTime="53100"></Effect>
        <Effect label="1" startTime="53100" endTime="53600"></Effect>
        <Effect label="2" startTime="53600" endTime="54100"></Effect>
        <Effect label="3" startTime="54100" endTime="54550"></Effect>
        <Effect label="4" startTime="54550" endTime="55050"></Effect>
        <Effect label="1" startTime="55050" endTime="55550"></Effect>
        <Effect label="2" startTime="55550" endTime="56000"></Effect>
        <Effect label="3" startTime="56000" endTime="56500"></Effect>
        <Effect label="4" startTime="56500" endTime="56950"></Effect>
        <Effect label="1" startTime="56950" endTime="57450"></Effect>
        <Effect label="2" startTime="57450" endTime="57950"></Effect>
        <Effect label="3" startTime="57950" endTime="58400"></Effect>
        <Effect label="4" startTime="58400" endTime="58900"></Effect>
        <Effect label="1" startTime="58900" endTime="59400"></Effect>
        <Effect label="2" startTime="59400" endTime="59900"></Effect>
        <Effect label="3" startTime="59900" endTime="60350"></Effect>
        <Effect label="4" startTime="60350" endTime="60850"></Effect>
        <Effect label="1" startTime="60850" endTime="61300"></Effect>
        <Effect label="2" startTime="61300" endTime="61800"></Effect>
        <Effect label="3" startTime="61800" endTime="62300"></Effect>
        <Effect label="4" startTime="62300" endTime="62800"></Effect>
        <Effect label="1" startTime="62800" endTime="63250"></Effect>
        <Effect label="2" startTime="63250" endTime="63750"></Effect>
        <Effect label="3" startTime="63750" endTime="64250"></Effect>
        <Effect label="4" startTime="64250" endTime="64700"></Effect>
        <Effect label="1" startTime="64700" endTime="65200"></Effect>
        <Effect label="2" startTime="65200" endTime="65700"></Effect>
        <Effect label="3" startTime="65700" endTime="66150"></Effect>
        <Effect label="4" startTime="66150" endTime="66650"></Effect>
        <Effect label="1" startTime="66650" endTime="67150"></Effect>
        <Effect label="2" startTime="67150" endTime="67600"></Effect>
        <Effect label="3" startTime="67600" endTime="68100"></Effect>
        <Effect label="4" startTime="68100" endTime="68600"></Effect>
        <Effect label="1" startTime="68600" endTime="69050"></Effect>
        <Effect label="2" startTime="69050" endTime="69550"></Effect>
        <Effect label="3" startTime="69550" endTime="70050"></Effect>
        <Effect label="4" startTime="70050" endTime="70500"></Effect>
        <Effect label="1" startTime="70500" endTime="71000"></Effect>
        <Effect label="2" startTime="71000" endTime="71500"></Effect>
        <Effect label="3" startTime="71500" endTime="71950"></Effect>
        <Effect label="4" startTime="71950" endTime="72450"></Effect>
        <Effect label="1" startTime="72450" endTime="72950"></Effect>
        <Effect label="2" startTime="72950" endTime="73400"></Effect>
        <Effect label="3" startTime="73400" endTime="73900"></Effect>
        <Effect label="4" startTime="73900" endTime="74400"></Effect>
        <Effect label="1" startTime="74400" endTime="74850"></Effect>
        <Effect label="2" startTime="74850" endTime="75350"></Effect>
        <Effect label="3" startTime="75350" endTime="75850"></Effect>
        <Effect label="4" startTime="75850" endTime="76300"></Effect>
        <Effect label="1" startTime="76300" endTime="76800"></Effect>
        <Effect label="2" startTime="76800" endTime="77300"></Effect>
        <Effect label="3" startTime="77300" endTime="77800"></Effect>
        <Effect label="4" startTime="77800" endTime="78250"></Effect>
        <Effect label="1" startTime="78250" endTime="78750"></Effect>
        <Effect label="2" startTime="78750" endTime="79250"></Effect>
        <Effect label="3" startTime="79250" endTime="79700"></Effect>
        <Effect label="4" startTime="79700" endTime="80200"></Effect>
        <Effect label="1" startTime="80200" endTime="80700"></Effect>
        <Effect label="2" startTime="80700" endTime="81150"></Effect>
        <Effect label="3" startTime="81150" endTime="81650"></Effect>
        <Effect label="4" startTime="81650" endTime="82150"></Effect>
        <Effect label="1" startTime="82150" endTime="82600"></Effect>
        <Effect label="2" startTime="82600" endTime="83100"></Effect>
        <Effect label="3" startTime="83100" endTime="83600"></Effect>
        <Effect label="4" startTime="83600" endTime="84050"></Effect>
        <Effect label="1" startTime="84050" endTime="84550"></Effect>
        <Effect label="2" startTime="84550" endTime="85050"></Effect>
        <Effect label="3" startTime="85050" endTime="85500"></Effect>
        <Effect label="4" startTime="85500" endTime="86000"></Effect>
        <Effect label="1" startTime="86000" endTime="86500"></Effect>
        <Effect label="2" startTime="86500" endTime="87000"></Effect>
        <Effect label="3" startTime="87000" endTime="87450"></Effect>
        <Effect label="4" startTime="87450" endTime="87950"></Effect>
        <Effect label="1" startTime="87950" endTime="88400"></Effect>
        <Effect label="2" startTime="88400" endTime="88900"></Effect>
        <Effect label="3" startTime="88900" endTime="89400"></Effect>
        <Effect label="4" startTime="89400" endTime="89850"></Effect>
        <Effect label="1" startTime="89850" endTime="90350"></Effect>
        <Effect label="2" startTime="90350" endTime="90850"></Effect>
        <Effect label="3" startTime="90850" endTime="91300"></Effect>
        <Effect label="4" startTime="91300" endTime="91800"></Effect>
        <Effect label="1" startTime="91800" endTime="92300"></Effect>
        <Effect label="2" startTime="92300" endTime="92800"></Effect>
        <Effect label="3" startTime="92800" endTime="93250"></Effect>
        <Effect label="4" startTime="93250" endTime="93750"></Effect>
        <Effect label="1" startTime="93750" endTime="94250"></Effect>
        <Effect label="2" startTime="94250" endTime="94700"></Effect>
        <Effect label="3" startTime="94700" endTime="95200"></Effect>
        <Effect label="4" startTime="95200" endTime="95700"></Effect>
        <Effect label="1" startTime="95700" endTime="96150"></Effect>
        <Effect label="2" startTime="96150" endTime="96650"></Effect>
        <Effect label="3" startTime="96650" endTime="97150"></Effect>
        <Effect label="4" startTime="97150" endTime="97600"></Effect>
        <Effect label="1" startTime="97600" endTime="98100"></Effect>
        <Effect label="2" startTime="98100" endTime="98600"></Effect>
        <Effect label="3" startTime="98600" endTime="99050"></Effect>
        <Effect label="4" startTime="99050" endTime="99550"></Effect>
        <Effect label="1" startTime="99550" endTime="100050"></Effect>
        <Effect label="2" startTime="100050" endTime="100500"></Effect>
        <Effect label="3" startTime="100500" endTime="101000"></Effect>
        <Effect label="4" startTime="101000" endTime="101500"></Effect>
        <Effect label="1" startTime="101500" endTime="101950"></Effect>
        <Effect label="2" startTime="101950" endTime="102450"></Effect>
        <Effect label="3" startTime="102450" endTime="102950"></Effect>
        <Effect label="4" startTime="102950" endTime="103400"></Effect>
        <Effect label="1" startTime="103400" endTime="103900"></Effect>
        <Effect label="2" startTime="103900" endTime="104400"></Effect>
        <Effect label="3" startTime="104400" endTime="104850"></Effect>
        <Effect label="4" startTime="104850" endTime="105350"></Effect>
        <Effect label="1" startTime="105350" endTime="105850"></Effect>
        <Effect label="2" startTime="105850" endTime="106300"></Effect>
        <Effect label="3" startTime="106300" endTime="106800"></Effect>
        <Effect label="4" startTime="106800" endTime="107300"></Effect>
        <Effect label="1" startTime="107300" endTime="107800"></Effect>
        <Effect label="2" startTime="107800" endTime="108250"></Effect>
        <Effect label="3" startTime="108250" endTime="108750"></Effect>
        <Effect label="4" startTime="108750" endTime="109250"></Effect>
        <Effect label="1" startTime="109250" endTime="109700"></Effect>
        <Effect label="2" startTime="109700" endTime="110200"></Effect>
        <Effect label="3" startTime="110200" endTime="110700"></Effect>
        <Effect label="4" startTime="110700" endTime="111150"></Effect>
        <Effect label="1" startTime="111150" endTime="111650"></Effect>
        <Effect label="2" startTime="111650" endTime="112150"></Effect>
        <Effect label="3" startTime="112150" endTime="112600"></Effect>
        <Effect label="4" startTime="112600" endTime="113100"></Effect>
        <Effect label="1" startTime="113100" endTime="113600"></Effect>
        <Effect label="2" startTime="113600" endTime="114050"></Effect>
        <Effect label="3" startTime="114050" endTime="114550"></Effect>
        <Effect label="4" startTime="114550" endTime="115050"></Effect>
        <Effect label="1" startTime="115050" endTime="115500"></Effect>
        <Effect label="2" startTime="115500" endTime="116000"></Effect>
        <Effect label="3" startTime="116000" endTime="116500"></Effect>
        <Effect label="4" startTime="116500" endTime="116950"></Effect>
        <Effect label="1" startTime="116950" endTime="117450"></Effect>
        <Effect label="2" startTime="117450" endTime="117950"></Effect>
        <Effect label="3" startTime="117950" endTime="118400"></Effect>
        <Effect label="4" startTime="118400" endTime="118900"></Effect>
        <Effect label="1" startTime="118900" endTime="119400"></Effect>
        <Effect label="2" startTime="119400" endTime="119850"></Effect>
        <Effect label="3" startTime="119850" endTime="120350"></Effect>
        <Effect label="4" startTime="120350" endTime="120850"></Effect>
        <Effect label="1" startTime="120850" endTime="121300"></Effect>
        <Effect label="2" startTime="121300" endTime="121800"></Effect>
        <Effect label="3" startTime="121800" endTime="122300"></Effect>
        <Effect label="4" startTime="122300" endTime="122800"></Effect>
        <Effect label="1" startTime="122800" endTime="123250"></Effect>
        <Effect label="2" startTime="123250" endTime="123750"></Effect>
        <Effect label="3" startTime="123750" endTime="124250"></Effect>
        <Effect label="4" startTime="124250" endTime="124700"></Effect>
        <Effect label="1" startTime="124700" endTime="125200"></Effect>
        <Effect label="2" startTime="125200" endTime="125700"></Effect>
        <Effect label="3" startTime="125700" endTime="126200"></Effect>
        <Effect label="4" startTime="126200" endTime="126650"></Effect>
        <Effect label="1" startTime="126650" endTime="127150"></Effect>
        <Effect label="2" startTime="127150" endTime="127600"></Effect>
        <Effect label="3" startTime="127600" endTime="128100"></Effect>
        <Effect label="4" startTime="128100" endTime="128600"></Effect>
        <Effect label="1" startTime="128600" endTime="129050"></Effect>
        <Effect label="2" startTime="129050" endTime="129550"></Effect>
        <Effect label="3" startTime="129550" endTime="130050"></Effect>
        <Effect label="4" startTime="130050" endTime="130500"></Effect>
        <Effect label="1" startTime="130500" endTime="131000"></Effect>
        <Effect label="2" startTime="131000" endTime="131500"></Effect>
        <Effect label="3" startTime="131500" endTime="131950"></Effect>
        <Effect label="4" startTime="131950" endTime="132450"></Effect>
        <Effect label="1" startTime="132450" endTime="132950"></Effect>
        <Effect label="2" startTime="132950" endTime="133400"></Effect>
        <Effect label="3" startTime="133400" endTime="133900"></Effect>
        <Effect label="4" startTime="133900" endTime="134400"></Effect>
        <Effect label="1" startTime="134400" endTime="134850"></Effect>
        <Effect label="2" startTime="134850" endTime="135350"></Effect>
        <Effect label="3" startTime="135350" endTime="135850"></Effect>
        <Effect label="4" startTime="135850" endTime="136300"></Effect>
        <Effect label="1" startTime="136300" endTime="136800"></Effect>
        <Effect label="2" startTime="136800" endTime="137300"></Effect>
        <Effect label="3" startTime="137300" endTime="137800"></Effect>
        <Effect label="4" startTime="137800" endTime="138250"></Effect>
        <Effect label="1" startTime="138250" endTime="138750"></Effect>
        <Effect label="2" startTime="138750" endTime="139250"></Effect>
        <Effect label="3" startTime="139250" endTime="139700"></Effect>
        <Effect label="4" startTime="139700" endTime="140200"></Effect>
        <Effect label="1" startTime="140200" endTime="140700"></Effect>
        <Effect label="2" startTime="140700" endTime="141150"></Effect>
        <Effect label="3" startTime="141150" endTime="141650"></Effect>
        <Effect label="4" startTime="141650" endTime="142150"></Effect>
        <Effect label="1" startTime="142150" endTime="142600"></Effect>
        <Effect label="2" startTime="142600" endTime="143100"></Effect>
        <Effect label="3" startTime="143100" endTime="143600"></Effect>
        <Effect label="4" startTime="143600" endTime="144100"></Effect>
        <Effect label="1" startTime="144100" endTime="144550"></Effect>
        <Effect label="2" startTime="144550" endTime="145050"></Effect>
        <Effect label="3" startTime="145050" endTime="145550"></Effect>
        <Effect label="4" startTime="145550" endTime="146000"></Effect>
        <Effect label="1" startTime="146000" endTime="146500"></Effect>
        <Effect label="2" startTime="146500" endTime="147000"></Effect>
        <Effect label="3" startTime="147000" endTime="147450"></Effect>
        <Effect label="4" startTime="147450" endTime="147950"></Effect>
        <Effect label="1" startTime="147950" endTime="148450"></Effect>
        <Effect label="2" startTime="148450" endTime="148900"></Effect>
        <Effect label="3" startTime="148900" endTime="149400"></Effect>
        <Effect label="4" startTime="149400" endTime="149900"></Effect>
        <Effect label="1" startTime="149900" endTime="150350"></Effect>
        <Effect label="2" startTime="150350" endTime="150850"></Effect>
        <Effect label="3" startTime="150850" endTime="151350"></Effect>
        <Effect label="4" startTime="151350" endTime="151800"></Effect>
        <Effect label="1" startTime="151800" endTime="152300"></Effect>
        <Effect label="2" startTime="152300" endTime="152800"></Effect>
        <Effect label="3" startTime="152800" endTime="153250"></Effect>
        <Effect label="4" startTime="153250" endTime="153750"></Effect>
        <Effect label="1" startTime="153750" endTime="154250"></Effect>
        <Effect label="2" startTime="154250" endTime="154750"></Effect>
        <Effect label="3" startTime="154750" endTime="155200"></Effect>
        <Effect label="4" startTime="155200" endTime="155700"></Effect>
        <Effect label="1" startTime="155700" endTime="156200"></Effect>
        <Effect label="2" startTime="156200" endTime="156650"></Effect>
        <Effect label="3" startTime="156650" endTime="157150"></Effect>
        <Effect label="4" startTime="157150" endTime="157650"></Effect>
        <Effect label="1" startTime="157650" endTime="158100"></Effect>
        <Effect label="2" startTime="158100" endTime="158600"></Effect>
        <Effect label="3" startTime="158600" endTime="159050"></Effect>
        <Effect label="4" startTime="159050" endTime="159550"></Effect>
        <Effect label="1" startTime="159550" endTime="160050"></Effect>
        <Effect label="2" startTime="160050" endTime="160550"></Effect>
        <Effect label="3" startTime="160550" endTime="161000"></Effect>
        <Effect label="4" startTime="161000" endTime="161500"></Effect>
        <Effect label="1" startTime="161500" endTime="162000"></Effect>
        <Effect label="2" startTime="162000" endTime="162450"></Effect>
        <Effect label="3" startTime="162450" endTime="162950"></Effect>
        <Effect label="4" startTime="162950" endTime="163450"></Effect>
        <Effect label="1" startTime="163450" endTime="163900"></Effect>
        <Effect label="2" startTime="163900" endTime="164400"></Effect>
        <Effect label="3" startTime="164400" endTime="164900"></Effect>
        <Effect label="4" startTime="164900" endTime="165350"></Effect>
        <Effect label="1" startTime="165350" endTime="165850"></Effect>
        <Effect label="2" startTime="165850" endTime="166350"></Effect>
        <Effect label="3" startTime="166350" endTime="166800"></Effect>
        <Effect label="4" startTime="166800" endTime="167300"></Effect>
        <Effect label="1" startTime="167300" endTime="167750"></Effect>
        <Effect label="2" startTime="167750" endTime="168250"></Effect>
        <Effect label="3" startTime="168250" endTime="168750"></Effect>
        <Effect label="4" startTime="168750" endTime="169250"></Effect>
        <Effect label="1" startTime="169250" endTime="169750"></Effect>
        <Effect label="2" startTime="169750" endTime="170200"></Effect>
        <Effect label="3" startTime="170200" endTime="170700"></Effect>
        <Effect label="4" startTime="170700" endTime="171200"></Effect>
        <Effect label="1" startTime="171200" endTime="171650"></Effect>
        <Effect label="2" startTime="171650" endTime="172150"></Effect>
        <Effect label="3" startTime="172150" endTime="172650"></Effect>
        <Effect label="4" startTime="172650" endTime="173100"></Effect>
        <Effect label="1" startTime="173100" endTime="173600"></Effect>
        <Effect label="2" startTime="173600" endTime="174050"></Effect>
        <Effect label="3" startTime="174050" endTime="174550"></Effect>
        <Effect label="4" startTime="174550" endTime="175050"></Effect>
        <Effect label="1" startTime="175050" endTime="175500"></Effect>
        <Effect label="2" startTime="175500" endTime="176000"></Effect>
        <Effect label="3" startTime="176000" endTime="176500"></Effect>
        <Effect label="4" startTime="176500" endTime="176950"></Effect>
        <Effect label="1" startTime="176950" endTime="177450"></Effect>
        <Effect label="2" startTime="177450" endTime="177950"></Effect>
        <Effect label="3" startTime="177950" endTime="178400"></Effect>
        <Effect label="4" startTime="178400" endTime="178900"></Effect>
        <Effect label="1" startTime="178900" endTime="179400"></Effect>
        <Effect label="2" startTime="179400" endTime="179850"></Effect>
        <Effect label="3" startTime="179850" endTime="180350"></Effect>
        <Effect label="4" startTime="180350" endTime="180850"></Effect>
        <Effect label="1" startTime="180850" endTime="181300"></Effect>
        <Effect label="2" startTime="181300" endTime="181800"></Effect>
        <Effect label="3" startTime="181800" endTime="182300"></Effect>
        <Effect label="4" startTime="182300" endTime="182800"></Effect>
        <Effect label="1" startTime="182800" endTime="183250"></Effect>
        <Effect label="2" startTime="183250" endTime="183750"></Effect>
        <Effect label="3" startTime="183750" endTime="184250"></Effect>
        <Effect label="4" startTime="184250" endTime="184700"></Effect>
        <Effect label="1" startTime="184700" endTime="185200"></Effect>
        <Effect label="2" startTime="185200" endTime="185700"></Effect>
        <Effect label="3" startTime="185700" endTime="186150"></Effect>
        <Effect label="4" startTime="186150" endTime="186650"></Effect>
        <Effect label="1" startTime="186650" endTime="187100"></Effect>
        <Effect label="2" startTime="187100" endTime="187550"></Effect>
        <Effect label="3" startTime="187550" endTime="188000"></Effect>
        <Effect label="4" startTime="188000" endTime="188500"></Effect>
        <Effect label="1" startTime="188500" endTime="188950"></Effect>
        <Effect label="2" startTime="188950" endTime="189400"></Effect>
        <Effect label="3" startTime="189400" endTime="189850"></Effect>
        <Effect label="4" startTime="189850" endTime="190300"></Effect>
        <Effect label="1" startTime="190300" endTime="190800"></Effect>
        <Effect label="2" startTime="190800" endTime="191250"></Effect>
        <Effect label="3" startTime="191250" endTime="191750"></Effect>
        <Effect label="4" startTime="191750" endTime="192250"></Effect>
        <Effect label="1" startTime="192250" endTime="192700"></Effect>
        <Effect label="2" startTime="192700" endTime="193200"></Effect>
        <Effect label="3" startTime="193200" endTime="193650"></Effect>
        <Effect label="4" startTime="193650" endTime="194150"></Effect>
        <Effect label="1" startTime="194150" endTime="194650"></Effect>
        <Effect label="2" startTime="194650" endTime="195150"></Effect>
        <Effect label="3" startTime="195150" endTime="195600"></Effect>
        <Effect label="4" startTime="195600" endTime="196100"></Effect>
        <Effect label="1" startTime="196100" endTime="196600"></Effect>
        <Effect label="2" startTime="196600" endTime="197050"></Effect>
        <Effect label="3" startTime="197050" endTime="197550"></Effect>
        <Effect label="4" startTime="197550" endTime="198050"></Effect>
        <Effect label="1" startTime="198050" endTime="198500"></Effect>
        <Effect label="2" startTime="198500" endTime="199000"></Effect>
        <Effect label="3" startTime="199000" endTime="199500"></Effect>
        <Effect label="4" startTime="199500" endTime="199950"></Effect>
        <Effect label="1" startTime="199950" endTime="200450"></Effect>
        <Effect label="2" startTime="200450" endTime="200950"></Effect>
        <Effect label="3" startTime="200950" endTime="201400"></Effect>
        <Effect label="4" startTime="201400" endTime="201900"></Effect>
        <Effect label="1" startTime="201900" endTime="202400"></Effect>
        <Effect label="2" startTime="202400" endTime="202850"></Effect>
        <Effect label="3" startTime="202850" endTime="203350"></Effect>
        <Effect label="4" startTime="203350" endTime="203850"></Effect>
        <Effect label="1" startTime="203850" endTime="204300"></Effect>
        <Effect label="2" startTime="204300" endTime="204800"></Effect>
        <Effect label="3" startTime="204800" endTime="205300"></Effect>
        <Effect label="4" startTime="205300" endTime="205800"></Effect>
        <Effect label="1" startTime="205800" endTime="206250"></Effect>
        <Effect label="2" startTime="206250" endTime="206750"></Effect>
        <Effect label="3" startTime="206750" endTime="207250"></Effect>
        <Effect label="4" startTime="207250" endTime="207700"></Effect>
        <Effect label="1" startTime="207700" endTime="208200"></Effect>
        <Effect label="2" startTime="208200" endTime="208650"></Effect>
        <Effect label="3" startTime="208650" endTime="209150"></Effect>
        <Effect label="4" startTime="209150" endTime="209650"></Effect>
        <Effect label="1" startTime="209650" endTime="210150"></Effect>
        <Effect label="2" startTime="210150" endTime="210600"></Effect>
        <Effect label="3" startTime="210600" endTime="211100"></Effect>
        <Effect label="4" startTime="211100" endTime="211600"></Effect>
        <Effect label="1" startTime="211600" endTime="212050"></Effect>
        <Effect label="2" startTime="212050" endTime="212550"></Effect>
        <Effect label="3" startTime="212550" endTime="213000"></Effect>
        <Effect label="4" startTime="213000" endTime="213500"></Effect>
        <Effect label="1" startTime="213500" endTime="214000"></Effect>
        <Effect label="2" startTime="214000" endTime="214500"></Effect>
        <Effect label="3" startTime="214500" endTime="214950"></Effect>
        <Effect label="4" startTime="214950" endTime="215450"></Effect>
        <Effect label="1" startTime="215450" endTime="215950"></Effect>
        <Effect label="2" startTime="215950" endTime="216400"></Effect>
        <Effect label="3" startTime="216400" endTime="216900"></Effect>
        <Effect label="4" startTime="216900" endTime="217400"></Effect>
        <Effect label="1" startTime="217400" endTime="217850"></Effect>
        <Effect label="2" startTime="217850" endTime="218350"></Effect>
        <Effect label="3" startTime="218350" endTime="218850"></Effect>
        <Effect label="4" startTime="218850" endTime="219300"></Effect>
        <Effect label="1" startTime="219300" endTime="219800"></Effect>
        <Effect label="2" startTime="219800" endTime="220250"></Effect>
        <Effect label="3" startTime="220250" endTime="220750"></Effect>
        <Effect label="4" startTime="220750" endTime="221200"></Effect>
        <Effect label="1" startTime="221200" endTime="221700"></Effect>
        <Effect label="2" startTime="221700" endTime="222200"></Effect>
        <Effect label="3" startTime="222200" endTime="222650"></Effect>
        <Effect label="4" startTime="222650" endTime="223150"></Effect>
        <Effect label="1" startTime="223150" endTime="223600"></Effect>
        <Effect label="2" startTime="223600" endTime="224100"></Effect>
        <Effect label="3" startTime="224100" endTime="224600"></Effect>
        <Effect label="4" startTime="224600" endTime="225050"></Effect>
        <Effect label="1" startTime="225050" endTime="225550"></Effect>
        <Effect label="2" startTime="225550" endTime="226000"></Effect>
        <Effect label="3" startTime="226000" endTime="226500"></Effect>
        <Effect label="4" startTime="226500" endTime="227000"></Effect>
        <Effect label="1" startTime="227000" endTime="227450"></Effect>
        <Effect label="2" startTime="227450" endTime="227950"></Effect>
        <Effect label="3" startTime="227950" endTime="228450"></Effect>
        <Effect label="4" startTime="228450" endTime="228950"></Effect>
        <Effect label="1" startTime="228950" endTime="229400"></Effect>
        <Effect label="2" startTime="229400" endTime="229900"></Effect>
        <Effect label="3" startTime="229900" endTime="230400"></Effect>
        <Effect label="4" startTime="230400" endTime="230850"></Effect>
        <Effect label="1" startTime="230850" endTime="231350"></Effect>
        <Effect label="2" startTime="231350" endTime="231850"></Effect>
        <Effect label="3" startTime="231850" endTime="232300"></Effect>
        <Effect label="4" startTime="232300" endTime="232800"></Effect>
        <Effect label="1" startTime="232800" endTime="233300"></Effect>
        <Effect label="2" startTime="233300" endTime="233750"></Effect>
        <Effect label="3" startTime="233750" endTime="234250"></Effect>
        <Effect label="4" startTime="234250" endTime="234750"></Effect>
        <Effect label="1" startTime="234750" endTime="235200"></Effect>
        <Effect label="2" startTime="235200" endTime="235700"></Effect>
        <Effect label="3" startTime="235700" endTime="236200"></Effect>
        <Effect label="4" startTime="236200" endTime="236650"></Effect>
        <Effect label="1" startTime="236650" endTime="237150"></Effect>
        <Effect label="2" startTime="237150" endTime="237650"></Effect>
        <Effect label="3" startTime="237650" endTime="238100"></Effect>
        <Effect label="4" startTime="238100" endTime="238600"></Effect>
        <Effect label="1" startTime="238600" endTime="239100"></Effect>
        <Effect label="2" startTime="239100" endTime="239550"></Effect>
        <Effect label="3" startTime="239550" endTime="240050"></Effect>
        <Effect label="4" startTime="240050" endTime="240550"></Effect>
        <Effect label="1" startTime="240550" endTime="241000"></Effect>
        <Effect label="2" startTime="241000" endTime="241500"></Effect>
        <Effect label="3" startTime="241500" endTime="242000"></Effect>
        <Effect label="4" startTime="242000" endTime="242450"></Effect>
        <Effect label="1" startTime="242450" endTime="242950"></Effect>
        <Effect label="2" startTime="242950" endTime="243450"></Effect>
        <Effect label="3" startTime="243450" endTime="243900"></Effect>
        <Effect label="4" startTime="243900" endTime="244400"></Effect>
        <Effect label="1" startTime="244400" endTime="244900"></Effect>
        <Effect label="2" startTime="244900" endTime="245350"></Effect>
        <Effect label="3" startTime="245350" endTime="245850"></Effect>
        <Effect label="4" startTime="245850" endTime="246350"></Effect>
        <Effect label="1" startTime="246350" endTime="246800"></Effect>
        <Effect label="2" startTime="246800" endTime="247300"></Effect>
        <Effect label="3" startTime="247300" endTime="247800"></Effect>
        <Effect label="4" startTime="247800" endTime="248250"></Effect>
        <Effect label="1" startTime="248250" endTime="248750"></Effect>
        <Effect label="2" startTime="248750" endTime="249250"></Effect>
        <Effect label="3" startTime="249250" endTime="249750"></Effect>
        <Effect label="4" startTime="249750" endTime="250200"></Effect>
        <Effect label="1" startTime="250200" endTime="250700"></Effect>
        <Effect label="2" startTime="250700" endTime="251200"></Effect>
        <Effect label="3" startTime="251200" endTime="251700"></Effect>
        <Effect label="4" startTime="251700" endTime="252200"></Effect>
        <Effect label="1" startTime="252200" endTime="252200"></Effect>
      </EffectLayer>
    </Element>
    <Element type="model" name="RGB Group">
      <EffectLayer>
        <Effect ref="0" name="Butterfly" startTime="0" endTime="2750" palette="0"/>
        <Effect ref="1" name="Spirals" id="1" startTime="2750" endTime="10500" palette="1"/>
        <Effect ref="2" name="Spirals" id="2" startTime="10550" endTime="26000" palette="2"/>
        <Effect ref="0" name="Butterfly" id="3" startTime="26000" endTime="41250" palette="0"/>
        <Effect ref="3" name="Color Wash" id="4" startTime="41250" endTime="42250" palette="2"/>
        <Effect ref="3" name="Color Wash" id="5" startTime="42250" endTime="43450" palette="3"/>
        <Effect ref="4" name="Color Wash" id="6" startTime="43450" endTime="44850" palette="4"/>
        <Effect ref="2" name="Spirals" id="7" startTime="44850" endTime="56950" palette="5"/>
        <Effect ref="0" name="Butterfly" id="8" startTime="56950" endTime="72950" palette="5"/>
        <Effect ref="5" name="Spirals" id="9" startTime="72950" endTime="88400" palette="6"/>
        <Effect ref="6" name="Spirals" id="10" startTime="88400" endTime="94700" palette="7"/>
        <Effect ref="7" name="Color Wash" id="11" startTime="94700" endTime="98600" palette="8"/>
        <Effect ref="7" name="Color Wash" id="12" startTime="98600" endTime="102450" palette="9"/>
        <Effect ref="7" name="Color Wash" id="13" startTime="102450" endTime="107300" palette="10"/>
        <Effect ref="8" name="Shimmer" id="14" startTime="107300" endTime="111650" palette="8"/>
        <Effect ref="9" name="Butterfly" id="15" startTime="111650" endTime="119400" palette="8"/>
        <Effect ref="10" name="Butterfly" id="16" startTime="119400" endTime="127150" palette="8"/>
        <Effect ref="11" name="Spirals" id="17" startTime="127150" endTime="131000" palette="1"/>
        <Effect ref="12" name="Spirals" id="18" startTime="131000" endTime="134850" palette="1"/>
        <Effect ref="11" name="Spirals" id="19" startTime="134850" endTime="138250" palette="1"/>
        <Effect ref="12" name="Spirals" id="20" startTime="138250" endTime="141600" palette="1"/>
        <Effect ref="13" name="Wave" id="21" startTime="141600" endTime="158550" palette="1"/>
        <Effect ref="14" name="Shimmer" id="22" startTime="158600" endTime="173100" palette="1"/>
        <Effect ref="15" name="Bars" id="23" startTime="173100" endTime="188950" palette="8"/>
        <Effect ref="16" name="Butterfly" id="24" startTime="188950" endTime="217850" palette="8"/>
        <Effect ref="17" name="On" id="25" startTime="217850" endTime="219300" palette="6"/>
        <Effect ref="18" name="On" id="26" startTime="219300" endTime="219800" palette="6"/>
        <Effect ref="17" name="On" id="27" startTime="219800" endTime="221200" palette="11"/>
        <Effect ref="18" name="On" id="28" startTime="221200" endTime="221700" palette="11"/>
        <Effect ref="19" name="Butterfly" id="29" startTime="221700" endTime="251700" palette="11"/>
      </EffectLayer>
    </Element>
    <Element type="model" name="Big Star">
      <EffectLayer>
        <Effect ref="20" name="Pinwheel" startTime="2800" endTime="41250" palette="12"/>
        <Effect ref="21" name="Pinwheel" id="1" startTime="44850" endTime="56950" palette="10"/>
        <Effect ref="22" name="Fan" id="2" startTime="56950" endTime="72950" palette="13"/>
        <Effect ref="23" name="Pinwheel" id="3" startTime="72950" endTime="88400" palette="6"/>
        <Effect ref="20" name="Pinwheel" id="4" startTime="127150" endTime="131000" palette="1"/>
        <Effect ref="24" name="Pinwheel" id="5" startTime="131000" endTime="134850" palette="1"/>
        <Effect ref="20" name="Pinwheel" id="6" startTime="134850" endTime="138250" palette="1"/>
        <Effect ref="24" name="Pinwheel" id="7" startTime="138250" endTime="141600" palette="1"/>
        <Effect ref="25" name="Pinwheel" id="8" startTime="221750" endTime="251800" palette="7"/>
      </EffectLayer>
    </Element>
    <Element type="model" name="Left Window">
      <EffectLayer>
        <Effect ref="26" name="Marquee" startTime="10550" endTime="26000" palette="2"/>
        <Effect ref="23" name="Pinwheel" id="1" startTime="72950" endTime="88400" palette="6"/>
      </EffectLayer>
    </Element>
    <Element type="model" name="Right Window">
      <EffectLayer>
        <Effect ref="27" name="Marquee" startTime="10550" endTime="26000" palette="2"/>
        <Effect ref="23" name="Pinwheel" id="1" startTime="72950" endTime="88400" palette="6"/>
      </EffectLayer>
    </Element>
    <Element type="model" name="Roofline">
      <EffectLayer>
        <Effect ref="27" name="Marquee" startTime="10550" endTime="26000" palette="2"/>
      </EffectLayer>
    </Element>
    <Element type="model" name="Tree Left">
      <EffectLayer>
        <Effect ref="27" name="Marquee" startTime="10550" endTime="26000" palette="2"/>
      </EffectLayer>
    </Element>
    <Element type="model" name="Megatree">
      <EffectLayer>
        <Effect ref="28" name="Bars" startTime="0" endTime="2750" palette="1"/>
        <Effect ref="29" name="Fire" id="1" startTime="2750" endTime="10550" palette="1"/>
        <Effect ref="30" name="Spirals" id="2" startTime="10550" endTime="26000" palette="2"/>
        <Effect ref="31" name="Spirals" id="3" startTime="26000" endTime="41250" palette="1"/>
        <Effect ref="7" name="Color Wash" id="4" startTime="41250" endTime="42250" palette="2"/>
        <Effect ref="7" name="Color Wash" id="5" startTime="42250" endTime="43450" palette="3"/>
        <Effect ref="32" name="Snowstorm" id="6" startTime="43450" endTime="44850" palette="0"/>
        <Effect ref="33" name="Wave" id="7" startTime="44850" endTime="56950" palette="3"/>
        <Effect ref="34" name="Fire" id="8" startTime="56950" endTime="72950" palette="13"/>
        <Effect ref="35" name="Meteors" id="9" startTime="72950" endTime="88400" palette="3"/>
        <Effect ref="0" name="Butterfly" id="10" startTime="88400" endTime="94700" palette="3"/>
        <Effect ref="36" name="Pinwheel" id="11" startTime="94700" endTime="107300" palette="14"/>
        <Effect ref="8" name="Shimmer" id="12" startTime="107300" endTime="111650" palette="8"/>
        <Effect ref="9" name="Butterfly" id="13" startTime="111650" endTime="119400" palette="8"/>
        <Effect ref="37" name="Spirals" id="14" startTime="119400" endTime="127150" palette="8"/>
        <Effect ref="20" name="Pinwheel" id="15" startTime="127150" endTime="131000" palette="1"/>
        <Effect ref="24" name="Pinwheel" id="16" startTime="131000" endTime="134850" palette="1"/>
        <Effect ref="20" name="Pinwheel" id="17" startTime="134850" endTime="138250" palette="1"/>
        <Effect ref="24" name="Pinwheel" id="18" startTime="138250" endTime="141600" palette="1"/>
        <Effect ref="13" name="Wave" id="19" startTime="141650" endTime="158550" palette="1"/>
        <Effect ref="38" name="Garlands" id="20" startTime="158600" endTime="173100" palette="1"/>
        <Effect ref="39" name="Bars" id="21" startTime="173100" endTime="188950" palette="8"/>
        <Effect ref="16" name="Butterfly" id="22" startTime="188950" endTime="217850" palette="8"/>
        <Effect ref="17" name="On" id="23" startTime="217850" endTime="219300" palette="6"/>
        <Effect ref="18" name="On" id="24" startTime="219300" endTime="219800" palette="6"/>
        <Effect ref="17" name="On" id="25" startTime="219800" endTime="221200" palette="11"/>
        <Effect ref="18" name="On" id="26" startTime="221200" endTime="221700" palette="11"/>
        <Effect ref="40" name="Butterfly" id="27" startTime="221700" endTime="251650" palette="11"/>
      </EffectLayer>
    </Element>
    <Element type="model" name="Arches">
      <EffectLayer>
        <Effect ref="41" name="Bars" startTime="0" endTime="2750" palette="1"/>
        <Effect ref="42" name="SingleStrand" id="1" startTime="2750" endTime="10550" palette="1"/>
        <Effect ref="30" name="Spirals" id="2" startTime="10550" endTime="26000" palette="2"/>
        <Effect ref="31" name="Spirals" id="3" startTime="26000" endTime="41250" palette="1"/>
        <Effect ref="7" name="Color Wash" id="4" startTime="41250" endTime="42250" palette="2"/>
        <Effect ref="7" name="Color Wash" id="5" startTime="42250" endTime="43450" palette="3"/>
        <Effect ref="32" name="Snowstorm" id="6" startTime="43450" endTime="44850" palette="0"/>
        <Effect ref="43" name="SingleStrand" id="7" startTime="44850" endTime="72950" palette="3"/>
        <Effect ref="44" name="Color Wash" id="8" startTime="72950" endTime="88400" palette="1"/>
        <Effect ref="45" name="Color Wash" id="9" startTime="88400" endTime="94700" palette="8"/>
        <Effect ref="46" name="Bars" id="10" startTime="94700" endTime="107300" palette="14"/>
        <Effect ref="8" name="Shimmer" id="11" startTime="107300" endTime="111650" palette="8"/>
        <Effect ref="9" name="Butterfly" id="12" startTime="111650" endTime="119400" palette="8"/>
        <Effect ref="37" name="Spirals" id="13" startTime="119400" endTime="127150" palette="8"/>
        <Effect ref="47" name="Spirals" id="14" startTime="127150" endTime="131000" palette="1"/>
        <Effect ref="48" name="Spirals" id="15" startTime="131000" endTime="134850" palette="1"/>
        <Effect ref="47" name="Spirals" id="16" startTime="134850" endTime="138250" palette="1"/>
        <Effect ref="48" name="Spirals" id="17" startTime="138250" endTime="141600" palette="1"/>
        <Effect ref="49" name="Spirals" id="18" startTime="141650" endTime="158600" palette="7"/>
        <Effect ref="14" name="Shimmer" id="19" startTime="158600" endTime="173100" palette="1"/>
        <Effect ref="39" name="Bars" id="20" startTime="173100" endTime="188950" palette="8"/>
        <Effect ref="16" name="Butterfly" id="21" startTime="188950" endTime="217850" palette="8"/>
        <Effect ref="17" name="On" id="22" startTime="217850" endTime="219300" palette="6"/>
        <Effect ref="18" name="On" id="23" startTime="219300" endTime="219800" palette="6"/>
        <Effect ref="17" name="On" id="24" startTime="219800" endTime="221200" palette="11"/>
        <Effect ref="18" name="On" id="25" startTime="221200" endTime="221700" palette="11"/>
        <Effect ref="50" name="Spirals" id="26" startTime="221700" endTime="251700" palette="2"/>
      </EffectLayer>
    </Element>
    <Element type="model" name="Tree Right">
      <EffectLayer>
        <Effect ref="27" name="Marquee" startTime="10550" endTime="26000" palette="2"/>
      </EffectLayer>
    </Element>
  </ElementEffects>
  <lastView>0</lastView>
</xsequence>
