<?xml version="1.0" encoding="UTF-8"?>
<xsequence BaseChannel="0" ChanCtrlBasic="0" ChanCtrlColor="0" FixedPointTiming="1">
  <head>
    <version>4.2.24</version>
    <author/>
    <author-email/>
    <author-website/>
    <song/>
    <artist/>
    <album/>
    <MusicURL/>
    <comment/>
    <sequenceTiming>50 ms</sequenceTiming>
    <sequenceType>Media</sequenceType>
    <mediaFile>/home/cjd/Owncloud/Lights/Media/Whats_This.mp3</mediaFile>
    <sequenceDuration>183.793</sequenceDuration>
    <imageDir/>
  </head>
  <nextid>4108</nextid>
  <ColorPalettes>
    <ColorPalette>C_BUTTON_Palette1=#FF0000,C_BUTTON_Palette2=#800000,C_BUTTON_Palette3=#0000FF,C_BUTTON_Palette4=#FFFF00,C_BUTTON_Palette5=#FFFFFF,C_BUTTON_Palette6=#000000,C_CHECKBOX_Palette1=0,C_CHECKBOX_Palette2=0,C_CHECKBOX_Palette3=0,C_CHECKBOX_Palette4=0,C_CHECKBOX_Palette5=1,C_CHECKBOX_Palette6=0,C_SLIDER_Brightness=152,C_SLIDER_Contrast=0,C_SLIDER_SparkleFrequency=0</ColorPalette>
    <ColorPalette>C_BUTTON_Palette1=#FF0000,C_BUTTON_Palette2=#800000,C_BUTTON_Palette3=#0000FF,C_BUTTON_Palette4=#FFFF00,C_BUTTON_Palette5=#FFFFFF,C_BUTTON_Palette6=#000000,C_CHECKBOX_Palette1=0,C_CHECKBOX_Palette2=0,C_CHECKBOX_Palette3=0,C_CHECKBOX_Palette4=0,C_CHECKBOX_Palette5=1,C_CHECKBOX_Palette6=0,C_SLIDER_Brightness=74,C_SLIDER_Contrast=0,C_SLIDER_SparkleFrequency=0</ColorPalette>
    <ColorPalette>C_BUTTON_Palette1=#FF0000,C_BUTTON_Palette2=#800000,C_BUTTON_Palette3=#0000FF,C_BUTTON_Palette4=#FFFF00,C_BUTTON_Palette5=#FFFFFF,C_BUTTON_Palette6=#000000,C_CHECKBOX_Palette1=0,C_CHECKBOX_Palette2=0,C_CHECKBOX_Palette3=0,C_CHECKBOX_Palette4=0,C_CHECKBOX_Palette5=1,C_CHECKBOX_Palette6=0,C_SLIDER_Brightness=400,C_SLIDER_Contrast=0,C_SLIDER_SparkleFrequency=0</ColorPalette>
    <ColorPalette>C_BUTTON_Palette1=#FF0000,C_BUTTON_Palette2=#800000,C_BUTTON_Palette3=#0000FF,C_BUTTON_Palette4=#FFFF00,C_BUTTON_Palette5=#FFFFFF,C_BUTTON_Palette6=#000000,C_CHECKBOX_Palette1=0,C_CHECKBOX_Palette2=0,C_CHECKBOX_Palette3=0,C_CHECKBOX_Palette4=0,C_CHECKBOX_Palette5=1,C_CHECKBOX_Palette6=0,C_SLIDER_Brightness=102,C_SLIDER_Contrast=0,C_SLIDER_SparkleFrequency=0</ColorPalette>
    <ColorPalette>C_BUTTON_Palette1=#FF0000,C_BUTTON_Palette2=#800000,C_BUTTON_Palette3=#00FF00,C_BUTTON_Palette4=#008000,C_BUTTON_Palette5=#FFFFFF,C_BUTTON_Palette6=#000000,C_CHECKBOX_Palette1=1,C_CHECKBOX_Palette2=1,C_CHECKBOX_Palette3=1,C_CHECKBOX_Palette4=1,C_CHECKBOX_Palette5=1,C_CHECKBOX_Palette6=0,C_SLIDER_Brightness=102,C_SLIDER_Contrast=0,C_SLIDER_SparkleFrequency=0</ColorPalette>
    <ColorPalette>C_BUTTON_Palette1=#FF0000,C_BUTTON_Palette2=#800000,C_BUTTON_Palette3=#000080,C_BUTTON_Palette4=#FFFFFF,C_BUTTON_Palette5=#FFFFFF,C_BUTTON_Palette6=#000000,C_CHECKBOX_Palette1=0,C_CHECKBOX_Palette2=0,C_CHECKBOX_Palette3=1,C_CHECKBOX_Palette4=0,C_CHECKBOX_Palette5=0,C_CHECKBOX_Palette6=0,C_SLIDER_Brightness=102,C_SLIDER_Contrast=0,C_SLIDER_SparkleFrequency=0</ColorPalette>
    <ColorPalette>C_BUTTON_Palette1=#FF0000,C_BUTTON_Palette2=#800000,C_BUTTON_Palette3=#00FF00,C_BUTTON_Palette4=#008000,C_BUTTON_Palette5=#FFFFFF,C_BUTTON_Palette6=#000000,C_CHECKBOX_Palette1=1,C_CHECKBOX_Palette2=1,C_CHECKBOX_Palette3=0,C_CHECKBOX_Palette4=0,C_CHECKBOX_Palette5=1,C_CHECKBOX_Palette6=0,C_SLIDER_Brightness=97,C_SLIDER_Contrast=0,C_SLIDER_SparkleFrequency=0</ColorPalette>
    <ColorPalette>C_BUTTON_Palette1=#FF0000,C_BUTTON_Palette2=#800000,C_BUTTON_Palette3=#00FF00,C_BUTTON_Palette4=#008000,C_BUTTON_Palette5=#FFFFFF,C_BUTTON_Palette6=#000000,C_CHECKBOX_Palette1=1,C_CHECKBOX_Palette2=1,C_CHECKBOX_Palette3=1,C_CHECKBOX_Palette4=1,C_CHECKBOX_Palette5=0,C_CHECKBOX_Palette6=0,C_SLIDER_Brightness=97,C_SLIDER_Contrast=0,C_SLIDER_SparkleFrequency=0</ColorPalette>
    <ColorPalette>C_BUTTON_Palette1=#FF0000,C_BUTTON_Palette2=#800000,C_BUTTON_Palette3=#00FF00,C_BUTTON_Palette4=#008000,C_BUTTON_Palette5=#FFFFFF,C_BUTTON_Palette6=#000000,C_CHECKBOX_Palette1=1,C_CHECKBOX_Palette2=0,C_CHECKBOX_Palette3=0,C_CHECKBOX_Palette4=0,C_CHECKBOX_Palette5=0,C_CHECKBOX_Palette6=0,C_SLIDER_Brightness=102,C_SLIDER_Contrast=0,C_SLIDER_SparkleFrequency=0</ColorPalette>
    <ColorPalette>C_BUTTON_Palette1=#FF0000,C_BUTTON_Palette2=#800000,C_BUTTON_Palette3=#00FF00,C_BUTTON_Palette4=#008000,C_BUTTON_Palette5=#FFFFFF,C_BUTTON_Palette6=#000000,C_CHECKBOX_Palette1=0,C_CHECKBOX_Palette2=0,C_CHECKBOX_Palette3=1,C_CHECKBOX_Palette4=0,C_CHECKBOX_Palette5=0,C_CHECKBOX_Palette6=0,C_SLIDER_Brightness=102,C_SLIDER_Contrast=0,C_SLIDER_SparkleFrequency=0</ColorPalette>
    <ColorPalette>C_BUTTON_Palette1=#FF0000,C_BUTTON_Palette2=#800000,C_BUTTON_Palette3=#00FF00,C_BUTTON_Palette4=#008000,C_BUTTON_Palette5=#FFFFFF,C_BUTTON_Palette6=#000000,C_CHECKBOX_Palette1=1,C_CHECKBOX_Palette2=1,C_CHECKBOX_Palette3=1,C_CHECKBOX_Palette4=0,C_CHECKBOX_Palette5=0,C_CHECKBOX_Palette6=0,C_SLIDER_Brightness=102,C_SLIDER_Contrast=0,C_SLIDER_SparkleFrequency=0</ColorPalette>
    <ColorPalette>C_BUTTON_Palette1=#FF0000,C_BUTTON_Palette2=#800000,C_BUTTON_Palette3=#00FF00,C_BUTTON_Palette4=#008000,C_BUTTON_Palette5=#FFFFFF,C_BUTTON_Palette6=#000000,C_CHECKBOX_Palette1=1,C_CHECKBOX_Palette2=1,C_CHECKBOX_Palette3=1,C_CHECKBOX_Palette4=0,C_CHECKBOX_Palette5=0,C_CHECKBOX_Palette6=0,C_SLIDER_Brightness=102,C_SLIDER_Contrast=0,C_SLIDER_SparkleFrequency=190</ColorPalette>
    <ColorPalette>C_BUTTON_Palette1=#FF0000,C_BUTTON_Palette2=#800000,C_BUTTON_Palette3=#00FF00,C_BUTTON_Palette4=#008000,C_BUTTON_Palette5=#FFFFFF,C_BUTTON_Palette6=#000000,C_CHECKBOX_Palette1=0,C_CHECKBOX_Palette2=0,C_CHECKBOX_Palette3=0,C_CHECKBOX_Palette4=1,C_CHECKBOX_Palette5=0,C_CHECKBOX_Palette6=0,C_SLIDER_Brightness=102,C_SLIDER_Contrast=0,C_SLIDER_SparkleFrequency=0</ColorPalette>
    <ColorPalette>C_BUTTON_Palette1=#FF0000,C_BUTTON_Palette2=#800000,C_BUTTON_Palette3=#00FF00,C_BUTTON_Palette4=#008000,C_BUTTON_Palette5=#FFFFFF,C_BUTTON_Palette6=#000000,C_CHECKBOX_Palette1=0,C_CHECKBOX_Palette2=1,C_CHECKBOX_Palette3=0,C_CHECKBOX_Palette4=1,C_CHECKBOX_Palette5=0,C_CHECKBOX_Palette6=0,C_SLIDER_Brightness=102,C_SLIDER_Contrast=0,C_SLIDER_SparkleFrequency=38</ColorPalette>
    <ColorPalette>C_BUTTON_Palette1=#FF0000,C_BUTTON_Palette2=#800000,C_BUTTON_Palette3=#00FF00,C_BUTTON_Palette4=#008000,C_BUTTON_Palette5=#FFFFFF,C_BUTTON_Palette6=#000000,C_CHECKBOX_Palette1=0,C_CHECKBOX_Palette2=1,C_CHECKBOX_Palette3=0,C_CHECKBOX_Palette4=1,C_CHECKBOX_Palette5=0,C_CHECKBOX_Palette6=0,C_SLIDER_Brightness=102,C_SLIDER_Contrast=0,C_SLIDER_SparkleFrequency=0</ColorPalette>
    <ColorPalette>C_BUTTON_Palette1=#FF0000,C_BUTTON_Palette2=#800000,C_BUTTON_Palette3=#00FF00,C_BUTTON_Palette4=#008000,C_BUTTON_Palette5=#FFFFFF,C_BUTTON_Palette6=#000000,C_CHECKBOX_Palette1=1,C_CHECKBOX_Palette2=1,C_CHECKBOX_Palette3=1,C_CHECKBOX_Palette4=1,C_CHECKBOX_Palette5=0,C_CHECKBOX_Palette6=0,C_SLIDER_Brightness=102,C_SLIDER_Contrast=0,C_SLIDER_SparkleFrequency=0</ColorPalette>
    <ColorPalette>C_BUTTON_Palette1=#FF0000,C_BUTTON_Palette2=#800000,C_BUTTON_Palette3=#00FF00,C_BUTTON_Palette4=#008000,C_BUTTON_Palette5=#FFFFFF,C_BUTTON_Palette6=#000000,C_CHECKBOX_Palette1=0,C_CHECKBOX_Palette2=1,C_CHECKBOX_Palette3=0,C_CHECKBOX_Palette4=0,C_CHECKBOX_Palette5=0,C_CHECKBOX_Palette6=0,C_SLIDER_Brightness=102,C_SLIDER_Contrast=0,C_SLIDER_SparkleFrequency=0</ColorPalette>
    <ColorPalette>C_BUTTON_Palette1=#FF0000,C_BUTTON_Palette2=#800000,C_BUTTON_Palette3=#00FF00,C_BUTTON_Palette4=#008000,C_BUTTON_Palette5=#FFFFFF,C_BUTTON_Palette6=#000000,C_CHECKBOX_Palette1=1,C_CHECKBOX_Palette2=0,C_CHECKBOX_Palette3=0,C_CHECKBOX_Palette4=0,C_CHECKBOX_Palette5=0,C_CHECKBOX_Palette6=0,C_SLIDER_Brightness=400,C_SLIDER_Contrast=0,C_SLIDER_SparkleFrequency=0</ColorPalette>
    <ColorPalette>C_BUTTON_Palette1=#FF0000,C_BUTTON_Palette2=#800000,C_BUTTON_Palette3=#00FF00,C_BUTTON_Palette4=#008000,C_BUTTON_Palette5=#FFFFFF,C_BUTTON_Palette6=#000000,C_CHECKBOX_Palette1=0,C_CHECKBOX_Palette2=0,C_CHECKBOX_Palette3=1,C_CHECKBOX_Palette4=0,C_CHECKBOX_Palette5=0,C_CHECKBOX_Palette6=0,C_SLIDER_Brightness=400,C_SLIDER_Contrast=0,C_SLIDER_SparkleFrequency=0</ColorPalette>
    <ColorPalette>C_BUTTON_Palette1=#FF0000,C_BUTTON_Palette2=#800000,C_BUTTON_Palette3=#00FF00,C_BUTTON_Palette4=#008000,C_BUTTON_Palette5=#FFFFFF,C_BUTTON_Palette6=#000000,C_CHECKBOX_Palette1=0,C_CHECKBOX_Palette2=1,C_CHECKBOX_Palette3=0,C_CHECKBOX_Palette4=1,C_CHECKBOX_Palette5=0,C_CHECKBOX_Palette6=0,C_SLIDER_Brightness=152,C_SLIDER_Contrast=0,C_SLIDER_SparkleFrequency=0</ColorPalette>
    <ColorPalette>C_BUTTON_Palette1=#FF0000,C_BUTTON_Palette2=#800000,C_BUTTON_Palette3=#00FF00,C_BUTTON_Palette4=#008000,C_BUTTON_Palette5=#FFFFFF,C_BUTTON_Palette6=#000000,C_CHECKBOX_Palette1=0,C_CHECKBOX_Palette2=1,C_CHECKBOX_Palette3=0,C_CHECKBOX_Palette4=1,C_CHECKBOX_Palette5=0,C_CHECKBOX_Palette6=0,C_SLIDER_Brightness=400,C_SLIDER_Contrast=0,C_SLIDER_SparkleFrequency=0</ColorPalette>
    <ColorPalette>C_BUTTON_Palette1=#FF0000,C_BUTTON_Palette2=#00FF00,C_BUTTON_Palette3=#0000FF,C_BUTTON_Palette4=#FFFF00,C_BUTTON_Palette5=#FFFFFF,C_BUTTON_Palette6=#000000,C_CHECKBOX_Palette1=0,C_CHECKBOX_Palette2=0,C_CHECKBOX_Palette3=1,C_CHECKBOX_Palette4=0,C_CHECKBOX_Palette5=1,C_CHECKBOX_Palette6=0,C_SLIDER_Brightness=100,C_SLIDER_Contrast=0,C_SLIDER_SparkleFrequency=0</ColorPalette>
    <ColorPalette>C_BUTTON_Palette1=#FF0000,C_BUTTON_Palette2=#008000,C_BUTTON_Palette3=#0000FF,C_BUTTON_Palette4=#FFFF00,C_BUTTON_Palette5=#FFFFFF,C_BUTTON_Palette6=#000000,C_CHECKBOX_Palette1=0,C_CHECKBOX_Palette2=1,C_CHECKBOX_Palette3=0,C_CHECKBOX_Palette4=0,C_CHECKBOX_Palette5=0,C_CHECKBOX_Palette6=0,C_SLIDER_Brightness=97,C_SLIDER_Contrast=0,C_SLIDER_SparkleFrequency=0</ColorPalette>
    <ColorPalette>C_BUTTON_Palette1=#FF0000,C_BUTTON_Palette2=#008000,C_BUTTON_Palette3=#0000FF,C_BUTTON_Palette4=#FFFF00,C_BUTTON_Palette5=#FFFFFF,C_BUTTON_Palette6=#000000,C_CHECKBOX_Palette1=1,C_CHECKBOX_Palette2=1,C_CHECKBOX_Palette3=0,C_CHECKBOX_Palette4=0,C_CHECKBOX_Palette5=0,C_CHECKBOX_Palette6=0,C_SLIDER_Brightness=97,C_SLIDER_Contrast=0,C_SLIDER_SparkleFrequency=0</ColorPalette>
    <ColorPalette>C_BUTTON_Palette1=#FF0000,C_BUTTON_Palette2=#008000,C_BUTTON_Palette3=#0000FF,C_BUTTON_Palette4=#FFFF00,C_BUTTON_Palette5=#FFFFFF,C_BUTTON_Palette6=#000000,C_CHECKBOX_Palette1=1,C_CHECKBOX_Palette2=1,C_CHECKBOX_Palette3=0,C_CHECKBOX_Palette4=0,C_CHECKBOX_Palette5=0,C_CHECKBOX_Palette6=0,C_SLIDER_Brightness=102,C_SLIDER_Contrast=0,C_SLIDER_SparkleFrequency=0</ColorPalette>
    <ColorPalette>C_BUTTON_Palette1=#FF0000,C_BUTTON_Palette2=#800000,C_BUTTON_Palette3=#00FF00,C_BUTTON_Palette4=#008000,C_BUTTON_Palette5=#FFFFFF,C_BUTTON_Palette6=#000000,C_CHECKBOX_Palette1=1,C_CHECKBOX_Palette2=0,C_CHECKBOX_Palette3=0,C_CHECKBOX_Palette4=0,C_CHECKBOX_Palette5=0,C_CHECKBOX_Palette6=0,C_SLIDER_Brightness=152,C_SLIDER_Contrast=0,C_SLIDER_SparkleFrequency=0</ColorPalette>
    <ColorPalette>C_BUTTON_Palette1=#FF0000,C_BUTTON_Palette2=#800000,C_BUTTON_Palette3=#0000FF,C_BUTTON_Palette4=#FFFF00,C_BUTTON_Palette5=#FFFFFF,C_BUTTON_Palette6=#000000,C_CHECKBOX_Palette1=1,C_CHECKBOX_Palette2=0,C_CHECKBOX_Palette3=0,C_CHECKBOX_Palette4=0,C_CHECKBOX_Palette5=0,C_CHECKBOX_Palette6=0,C_SLIDER_Brightness=152,C_SLIDER_Contrast=0,C_SLIDER_SparkleFrequency=0</ColorPalette>
    <ColorPalette>C_BUTTON_Palette1=#FF0000,C_BUTTON_Palette2=#800000,C_BUTTON_Palette3=#0000FF,C_BUTTON_Palette4=#FFFF00,C_BUTTON_Palette5=#FFFFFF,C_BUTTON_Palette6=#000000,C_CHECKBOX_Palette1=0,C_CHECKBOX_Palette2=1,C_CHECKBOX_Palette3=0,C_CHECKBOX_Palette4=0,C_CHECKBOX_Palette5=0,C_CHECKBOX_Palette6=0,C_SLIDER_Brightness=102,C_SLIDER_Contrast=0,C_SLIDER_SparkleFrequency=0</ColorPalette>
    <ColorPalette>C_BUTTON_Palette1=#FF0000,C_BUTTON_Palette2=#800000,C_BUTTON_Palette3=#00FF00,C_BUTTON_Palette4=#008000,C_BUTTON_Palette5=#FFFFFF,C_BUTTON_Palette6=#000000,C_CHECKBOX_Palette1=1,C_CHECKBOX_Palette2=0,C_CHECKBOX_Palette3=1,C_CHECKBOX_Palette4=0,C_CHECKBOX_Palette5=0,C_CHECKBOX_Palette6=0,C_SLIDER_Brightness=102,C_SLIDER_Contrast=0,C_SLIDER_SparkleFrequency=0</ColorPalette>
    <ColorPalette>C_BUTTON_Palette1=#FF0000,C_BUTTON_Palette2=#800000,C_BUTTON_Palette3=#00FF00,C_BUTTON_Palette4=#008000,C_BUTTON_Palette5=#FFFFFF,C_BUTTON_Palette6=#000000,C_CHECKBOX_Palette1=1,C_CHECKBOX_Palette2=0,C_CHECKBOX_Palette3=1,C_CHECKBOX_Palette4=0,C_CHECKBOX_Palette5=0,C_CHECKBOX_Palette6=0,C_SLIDER_Brightness=97,C_SLIDER_Contrast=0,C_SLIDER_SparkleFrequency=0</ColorPalette>
  </ColorPalettes>
  <EffectDB>
    <Effect>E_SLIDER_Snowflakes_Count=15,E_SLIDER_Snowflakes_Speed=10,E_SLIDER_Snowflakes_Type=2,T_CHECKBOX_LayerMorph=0,T_CHECKBOX_OverlayBkg=0,T_CHOICE_LayerMethod=Effect 1,T_SLIDER_EffectLayerMix=0,T_TEXTCTRL_Fadein=3,T_TEXTCTRL_Fadeout=0.00</Effect>
    <Effect>E_SLIDER_Snowflakes_Count=15,E_SLIDER_Snowflakes_Speed=12,E_SLIDER_Snowflakes_Type=2,T_CHECKBOX_LayerMorph=0,T_CHECKBOX_OverlayBkg=0,T_CHOICE_LayerMethod=Effect 1,T_SLIDER_EffectLayerMix=0,T_TEXTCTRL_Fadein=0.00,T_TEXTCTRL_Fadeout=0.00</Effect>
    <Effect>E_SLIDER_Snowflakes_Count=15,E_SLIDER_Snowflakes_Speed=14,E_SLIDER_Snowflakes_Type=2,T_CHECKBOX_LayerMorph=0,T_CHECKBOX_OverlayBkg=0,T_CHOICE_LayerMethod=Effect 1,T_SLIDER_EffectLayerMix=0,T_TEXTCTRL_Fadein=0.00,T_TEXTCTRL_Fadeout=0.00</Effect>
    <Effect>E_SLIDER_Snowflakes_Count=15,E_SLIDER_Snowflakes_Speed=16,E_SLIDER_Snowflakes_Type=2,T_CHECKBOX_LayerMorph=0,T_CHECKBOX_OverlayBkg=0,T_CHOICE_LayerMethod=Effect 1,T_SLIDER_EffectLayerMix=0,T_TEXTCTRL_Fadein=0.00,T_TEXTCTRL_Fadeout=0.00</Effect>
    <Effect>E_SLIDER_Snowflakes_Count=20,E_SLIDER_Snowflakes_Speed=18,E_SLIDER_Snowflakes_Type=2,T_CHECKBOX_LayerMorph=0,T_CHECKBOX_OverlayBkg=0,T_CHOICE_LayerMethod=Effect 1,T_SLIDER_EffectLayerMix=0,T_TEXTCTRL_Fadein=0.00,T_TEXTCTRL_Fadeout=0.00</Effect>
    <Effect>E_SLIDER_Snowstorm_Count=72,E_SLIDER_Snowstorm_Length=30,E_SLIDER_Snowstorm_Speed=20,T_CHECKBOX_LayerMorph=0,T_CHECKBOX_OverlayBkg=0,T_CHOICE_LayerMethod=Effect 1,T_SLIDER_EffectLayerMix=0,T_TEXTCTRL_Fadein=0.00,T_TEXTCTRL_Fadeout=0.00</Effect>
    <Effect>E_CHECKBOX_Circles_Bounce=1,E_CHECKBOX_Circles_Collide=0,E_CHECKBOX_Circles_Plasma=0,E_CHECKBOX_Circles_Radial=0,E_CHECKBOX_Circles_Radial_3D=0,E_CHECKBOX_Circles_Random_m=0,E_SLIDER_Circles_Count=10,E_SLIDER_Circles_Size=2,E_SLIDER_Circles_Speed=10,T_CHECKBOX_LayerMorph=0,T_CHECKBOX_OverlayBkg=0,T_CHOICE_LayerMethod=Effect 1,T_SLIDER_EffectLayerMix=0,T_TEXTCTRL_Fadein=0.00,T_TEXTCTRL_Fadeout=0.00</Effect>
    <Effect>E_CHECKBOX_Twinkle_Strobe=0,E_SLIDER_Twinkle_Count=40,E_SLIDER_Twinkle_Steps=78,T_CHECKBOX_LayerMorph=0,T_CHECKBOX_OverlayBkg=0,T_CHOICE_LayerMethod=Effect 1,T_SLIDER_EffectLayerMix=0,T_TEXTCTRL_Fadein=0.00,T_TEXTCTRL_Fadeout=0.00</Effect>
    <Effect>E_CHECKBOX_Circles_Bounce=1,E_CHECKBOX_Circles_Collide=0,E_CHECKBOX_Circles_Plasma=0,E_CHECKBOX_Circles_Radial=0,E_CHECKBOX_Circles_Radial_3D=0,E_CHECKBOX_Circles_Random_m=0,E_SLIDER_Circles_Count=10,E_SLIDER_Circles_Size=3,E_SLIDER_Circles_Speed=10,T_CHECKBOX_LayerMorph=0,T_CHECKBOX_OverlayBkg=0,T_CHOICE_LayerMethod=1 reveals 2,T_SLIDER_EffectLayerMix=0,T_TEXTCTRL_Fadein=0.00,T_TEXTCTRL_Fadeout=0.00</Effect>
    <Effect>E_CHECKBOX_Circles_Bounce=1,E_CHECKBOX_Circles_Collide=0,E_CHECKBOX_Circles_Plasma=0,E_CHECKBOX_Circles_Radial=0,E_CHECKBOX_Circles_Radial_3D=0,E_CHECKBOX_Circles_Random_m=0,E_SLIDER_Circles_Count=10,E_SLIDER_Circles_Size=3,E_SLIDER_Circles_Speed=10,T_CHECKBOX_LayerMorph=0,T_CHECKBOX_OverlayBkg=0,T_CHOICE_LayerMethod=1 is Unmask,T_SLIDER_EffectLayerMix=0,T_TEXTCTRL_Fadein=0.00,T_TEXTCTRL_Fadeout=0.00</Effect>
    <Effect>E_CHECKBOX_Spirals_3D=0,E_CHECKBOX_Spirals_Blend=0,E_CHECKBOX_Spirals_Grow=0,E_CHECKBOX_Spirals_Shrink=0,E_SLIDER_Spirals_Count=1,E_SLIDER_Spirals_Rotation=122,E_SLIDER_Spirals_Thickness=0,E_TEXTCTRL_Spirals_Movement=3.00,T_CHECKBOX_LayerMorph=0,T_CHECKBOX_OverlayBkg=0,T_CHOICE_LayerMethod=Effect 1,T_SLIDER_EffectLayerMix=0,T_TEXTCTRL_Fadein=0.00,T_TEXTCTRL_Fadeout=0.00</Effect>
    <Effect>E_CHECKBOX_Spirals_3D=0,E_CHECKBOX_Spirals_Blend=0,E_CHECKBOX_Spirals_Grow=0,E_CHECKBOX_Spirals_Shrink=0,E_SLIDER_Spirals_Count=1,E_SLIDER_Spirals_Rotation=122,E_SLIDER_Spirals_Thickness=0,E_TEXTCTRL_Spirals_Movement=1.00,T_CHECKBOX_LayerMorph=1,T_CHECKBOX_OverlayBkg=0,T_CHOICE_LayerMethod=Effect 1,T_SLIDER_EffectLayerMix=0,T_TEXTCTRL_Fadein=0.00,T_TEXTCTRL_Fadeout=0.00</Effect>
    <Effect>T_CHECKBOX_LayerMorph=1,T_CHECKBOX_OverlayBkg=0,T_CHOICE_LayerMethod=Effect 1,T_SLIDER_EffectLayerMix=0,T_TEXTCTRL_Fadein=0.00,T_TEXTCTRL_Fadeout=0.00</Effect>
    <Effect>E_CHECKBOX_Bars_3D=0,E_CHECKBOX_Bars_Highlight=0,E_CHOICE_Bars_Direction=up,E_SLIDER_Bars_BarCount=1,E_TEXTCTRL_Bars_Cycles=0.00,T_CHECKBOX_LayerMorph=0,T_CHECKBOX_OverlayBkg=0,T_CHOICE_LayerMethod=Effect 1,T_SLIDER_EffectLayerMix=0,T_TEXTCTRL_Fadein=0.00,T_TEXTCTRL_Fadeout=0.00</Effect>
    <Effect>E_CHECKBOX_Spirals_3D=0,E_CHECKBOX_Spirals_Blend=0,E_CHECKBOX_Spirals_Grow=0,E_CHECKBOX_Spirals_Shrink=0,E_SLIDER_Spirals_Count=5,E_SLIDER_Spirals_Rotation=-300,E_SLIDER_Spirals_Thickness=0,E_TEXTCTRL_Spirals_Movement=1,T_CHECKBOX_LayerMorph=0,T_CHECKBOX_OverlayBkg=0,T_CHOICE_LayerMethod=Effect 1,T_SLIDER_EffectLayerMix=0,T_TEXTCTRL_Fadein=0.00,T_TEXTCTRL_Fadeout=0.00</Effect>
    <Effect>E_CHECKBOX_Spirals_3D=0,E_CHECKBOX_Spirals_Blend=0,E_CHECKBOX_Spirals_Grow=0,E_CHECKBOX_Spirals_Shrink=0,E_SLIDER_Spirals_Count=5,E_SLIDER_Spirals_Rotation=-500,E_SLIDER_Spirals_Thickness=0,E_TEXTCTRL_Spirals_Movement=1.00,T_CHECKBOX_LayerMorph=0,T_CHECKBOX_OverlayBkg=0,T_CHOICE_LayerMethod=Effect 1,T_SLIDER_EffectLayerMix=0,T_TEXTCTRL_Fadein=0.00,T_TEXTCTRL_Fadeout=0.00</Effect>
    <Effect>E_SLIDER_Tree_Branches=10,E_SLIDER_Tree_Speed=15,T_CHECKBOX_LayerMorph=0,T_CHECKBOX_OverlayBkg=0,T_CHOICE_LayerMethod=Effect 1,T_SLIDER_EffectLayerMix=0,T_TEXTCTRL_Fadein=0.00,T_TEXTCTRL_Fadeout=0.00</Effect>
    <Effect>E_CHECKBOX_Spirals_3D=0,E_CHECKBOX_Spirals_Blend=0,E_CHECKBOX_Spirals_Grow=0,E_CHECKBOX_Spirals_Shrink=0,E_SLIDER_Spirals_Count=5,E_SLIDER_Spirals_Rotation=-31,E_SLIDER_Spirals_Thickness=47,E_TEXTCTRL_Spirals_Movement=0.00,T_CHECKBOX_LayerMorph=0,T_CHECKBOX_OverlayBkg=0,T_CHOICE_LayerMethod=Effect 1,T_SLIDER_EffectLayerMix=0,T_TEXTCTRL_Fadein=0.00,T_TEXTCTRL_Fadeout=0.00</Effect>
    <Effect>E_CHECKBOX_Spirals_3D=0,E_CHECKBOX_Spirals_Blend=0,E_CHECKBOX_Spirals_Grow=0,E_CHECKBOX_Spirals_Shrink=0,E_SLIDER_Spirals_Count=3,E_SLIDER_Spirals_Rotation=52,E_SLIDER_Spirals_Thickness=19,E_TEXTCTRL_Spirals_Movement=0.00,T_CHECKBOX_LayerMorph=0,T_CHECKBOX_OverlayBkg=0,T_CHOICE_LayerMethod=Effect 1,T_SLIDER_EffectLayerMix=0,T_TEXTCTRL_Fadein=0.00,T_TEXTCTRL_Fadeout=0.00</Effect>
    <Effect>E_CHECKBOX_Circles_Bounce=1,E_CHECKBOX_Circles_Collide=0,E_CHECKBOX_Circles_Plasma=0,E_CHECKBOX_Circles_Radial=0,E_CHECKBOX_Circles_Radial_3D=0,E_CHECKBOX_Circles_Random_m=0,E_SLIDER_Circles_Count=10,E_SLIDER_Circles_Size=3,E_SLIDER_Circles_Speed=10,T_CHECKBOX_LayerMorph=0,T_CHECKBOX_OverlayBkg=0,T_CHOICE_LayerMethod=Effect 1,T_SLIDER_EffectLayerMix=0,T_TEXTCTRL_Fadein=0.00,T_TEXTCTRL_Fadeout=0.00</Effect>
    <Effect>E_CHECKBOX_Circles_Bounce=1,E_CHECKBOX_Circles_Collide=0,E_CHECKBOX_Circles_Plasma=0,E_CHECKBOX_Circles_Radial=0,E_CHECKBOX_Circles_Radial_3D=0,E_CHECKBOX_Circles_Random_m=0,E_SLIDER_Circles_Count=10,E_SLIDER_Circles_Size=3,E_SLIDER_Circles_Speed=15,T_CHECKBOX_LayerMorph=0,T_CHECKBOX_OverlayBkg=0,T_CHOICE_LayerMethod=Effect 1,T_SLIDER_EffectLayerMix=0,T_TEXTCTRL_Fadein=0.00,T_TEXTCTRL_Fadeout=0.00</Effect>
    <Effect>E_CHECKBOX_Circles_Bounce=1,E_CHECKBOX_Circles_Collide=0,E_CHECKBOX_Circles_Plasma=0,E_CHECKBOX_Circles_Radial=0,E_CHECKBOX_Circles_Radial_3D=0,E_CHECKBOX_Circles_Random_m=0,E_SLIDER_Circles_Count=10,E_SLIDER_Circles_Size=3,E_SLIDER_Circles_Speed=20,T_CHECKBOX_LayerMorph=1,T_CHECKBOX_OverlayBkg=0,T_CHOICE_LayerMethod=Effect 1,T_SLIDER_EffectLayerMix=0,T_TEXTCTRL_Fadein=0.00,T_TEXTCTRL_Fadeout=0.00</Effect>
    <Effect>E_CHECKBOX_Bars_3D=0,E_CHECKBOX_Bars_Highlight=0,E_CHOICE_Bars_Direction=up,E_SLIDER_Bars_BarCount=1,E_TEXTCTRL_Bars_Cycles=0.00,T_CHECKBOX_LayerMorph=1,T_CHECKBOX_OverlayBkg=0,T_CHOICE_LayerMethod=Effect 1,T_SLIDER_EffectLayerMix=0,T_TEXTCTRL_Fadein=0.00,T_TEXTCTRL_Fadeout=0.00</Effect>
    <Effect>E_CHECKBOX_Spirals_3D=0,E_CHECKBOX_Spirals_Blend=0,E_CHECKBOX_Spirals_Grow=0,E_CHECKBOX_Spirals_Shrink=0,E_SLIDER_Spirals_Count=1,E_SLIDER_Spirals_Rotation=-293,E_SLIDER_Spirals_Thickness=19,E_TEXTCTRL_Spirals_Movement=2.00,T_CHECKBOX_LayerMorph=0,T_CHECKBOX_OverlayBkg=0,T_CHOICE_LayerMethod=Effect 1,T_SLIDER_EffectLayerMix=0,T_TEXTCTRL_Fadein=0.00,T_TEXTCTRL_Fadeout=0.00</Effect>
    <Effect>E_CHECKBOX_Spirals_3D=0,E_CHECKBOX_Spirals_Blend=0,E_CHECKBOX_Spirals_Grow=0,E_CHECKBOX_Spirals_Shrink=0,E_SLIDER_Spirals_Count=1,E_SLIDER_Spirals_Rotation=-293,E_SLIDER_Spirals_Thickness=19,E_TEXTCTRL_Spirals_Movement=1.00,T_CHECKBOX_LayerMorph=1,T_CHECKBOX_OverlayBkg=0,T_CHOICE_LayerMethod=Effect 1,T_SLIDER_EffectLayerMix=0,T_TEXTCTRL_Fadein=0.00,T_TEXTCTRL_Fadeout=0.00</Effect>
    <Effect>E_CHECKBOX_Bars_3D=0,E_CHECKBOX_Bars_Highlight=0,E_CHOICE_Bars_Direction=up,E_SLIDER_Bars_BarCount=1,E_TEXTCTRL_Bars_Cycles=1.00,T_CHECKBOX_LayerMorph=0,T_CHECKBOX_OverlayBkg=0,T_CHOICE_LayerMethod=Effect 1,T_SLIDER_EffectLayerMix=0,T_TEXTCTRL_Fadein=0.00,T_TEXTCTRL_Fadeout=0.00</Effect>
    <Effect>E_SLIDER_Snowstorm_Count=72,E_SLIDER_Snowstorm_Length=5,E_SLIDER_Snowstorm_Speed=9,T_CHECKBOX_LayerMorph=0,T_CHECKBOX_OverlayBkg=0,T_CHOICE_LayerMethod=Effect 1,T_SLIDER_EffectLayerMix=0,T_TEXTCTRL_Fadein=0.00,T_TEXTCTRL_Fadeout=0.00</Effect>
    <Effect>E_CHECKBOX_Twinkle_Strobe=0,E_SLIDER_Twinkle_Count=14,E_SLIDER_Twinkle_Steps=78,T_CHECKBOX_LayerMorph=0,T_CHECKBOX_OverlayBkg=0,T_CHOICE_LayerMethod=Effect 1,T_SLIDER_EffectLayerMix=0,T_TEXTCTRL_Fadein=0.00,T_TEXTCTRL_Fadeout=0.00</Effect>
    <Effect>E_SLIDER_Tree_Branches=10,E_SLIDER_Tree_Speed=9,T_CHECKBOX_LayerMorph=0,T_CHECKBOX_OverlayBkg=0,T_CHOICE_LayerMethod=Effect 1,T_SLIDER_EffectLayerMix=0,T_TEXTCTRL_Fadein=0.00,T_TEXTCTRL_Fadeout=0.00</Effect>
    <Effect>E_CHECKBOX_Twinkle_Strobe=0,E_SLIDER_Twinkle_Count=14,E_SLIDER_Twinkle_Steps=78,T_CHECKBOX_LayerMorph=0,T_CHECKBOX_OverlayBkg=0,T_CHOICE_LayerMethod=Bottom-Top,T_SLIDER_EffectLayerMix=0,T_TEXTCTRL_Fadein=0.00,T_TEXTCTRL_Fadeout=0.00</Effect>
    <Effect>E_CHECKBOX_Twinkle_Strobe=0,E_SLIDER_Twinkle_Count=14,E_SLIDER_Twinkle_Steps=78,T_CHECKBOX_LayerMorph=0,T_CHECKBOX_OverlayBkg=0,T_CHOICE_LayerMethod=Left-Right,T_SLIDER_EffectLayerMix=0,T_TEXTCTRL_Fadein=0.00,T_TEXTCTRL_Fadeout=0.00</Effect>
    <Effect>T_CHECKBOX_LayerMorph=0,T_CHECKBOX_OverlayBkg=0,T_CHOICE_LayerMethod=Left-Right,T_SLIDER_EffectLayerMix=0,T_TEXTCTRL_Fadein=0.00,T_TEXTCTRL_Fadeout=0.00</Effect>
    <Effect>T_CHECKBOX_LayerMorph=0,T_CHECKBOX_OverlayBkg=0,T_CHOICE_LayerMethod=Bottom-Top,T_SLIDER_EffectLayerMix=0,T_TEXTCTRL_Fadein=0.00,T_TEXTCTRL_Fadeout=0.00</Effect>
    <Effect>E_CHECKBOX_Twinkle_Strobe=0,E_SLIDER_Twinkle_Count=14,E_SLIDER_Twinkle_Steps=78,T_CHECKBOX_LayerMorph=1,T_CHECKBOX_OverlayBkg=0,T_CHOICE_LayerMethod=Effect 1,T_SLIDER_EffectLayerMix=0,T_TEXTCTRL_Fadein=0.00,T_TEXTCTRL_Fadeout=0.00</Effect>
    <Effect>E_CHECKBOX_Twinkle_Strobe=1,E_SLIDER_Twinkle_Count=14,E_SLIDER_Twinkle_Steps=78,T_CHECKBOX_LayerMorph=0,T_CHECKBOX_OverlayBkg=0,T_CHOICE_LayerMethod=Effect 1,T_SLIDER_EffectLayerMix=0,T_TEXTCTRL_Fadein=0.00,T_TEXTCTRL_Fadeout=0.00</Effect>
    <Effect>T_CHECKBOX_LayerMorph=0,T_CHECKBOX_OverlayBkg=0,T_CHOICE_LayerMethod=Effect 1,T_SLIDER_EffectLayerMix=0,T_TEXTCTRL_Fadein=0.00,T_TEXTCTRL_Fadeout=0.00</Effect>
    <Effect>E_SLIDER_Snowstorm_Count=72,E_SLIDER_Snowstorm_Length=5,E_SLIDER_Snowstorm_Speed=9,T_CHECKBOX_LayerMorph=1,T_CHECKBOX_OverlayBkg=0,T_CHOICE_LayerMethod=Effect 1,T_SLIDER_EffectLayerMix=0,T_TEXTCTRL_Fadein=0.00,T_TEXTCTRL_Fadeout=0.00</Effect>
    <Effect>E_CHECKBOX_Bars_3D=0,E_CHECKBOX_Bars_Highlight=0,E_CHOICE_Bars_Direction=up,E_SLIDER_Bars_BarCount=1,E_TEXTCTRL_Bars_Cycles=1.00,T_CHECKBOX_LayerMorph=1,T_CHECKBOX_OverlayBkg=0,T_CHOICE_LayerMethod=Effect 1,T_SLIDER_EffectLayerMix=0,T_TEXTCTRL_Fadein=0.00,T_TEXTCTRL_Fadeout=0.00</Effect>
    <Effect>E_CHECKBOX_Spirals_3D=0,E_CHECKBOX_Spirals_Blend=0,E_CHECKBOX_Spirals_Grow=0,E_CHECKBOX_Spirals_Shrink=0,E_SLIDER_Spirals_Count=1,E_SLIDER_Spirals_Rotation=44,E_SLIDER_Spirals_Thickness=50,E_TEXTCTRL_Spirals_Movement=-4.3,T_CHECKBOX_LayerMorph=0,T_CHECKBOX_OverlayBkg=0,T_CHOICE_LayerMethod=Layered,T_SLIDER_EffectLayerMix=0,T_TEXTCTRL_Fadein=0.00,T_TEXTCTRL_Fadeout=0.00</Effect>
    <Effect>E_CHECKBOX_Bars_3D=0,E_CHECKBOX_Bars_Highlight=0,E_CHOICE_Bars_Direction=up,E_SLIDER_Bars_BarCount=1,E_TEXTCTRL_Bars_Cycles=1.00,T_CHECKBOX_LayerMorph=0,T_CHECKBOX_OverlayBkg=0,T_CHOICE_LayerMethod=Layered,T_SLIDER_EffectLayerMix=0,T_TEXTCTRL_Fadein=0.00,T_TEXTCTRL_Fadeout=0.00</Effect>
    <Effect>E_CHECKBOX_Spirals_3D=0,E_CHECKBOX_Spirals_Blend=0,E_CHECKBOX_Spirals_Grow=1,E_CHECKBOX_Spirals_Shrink=0,E_SLIDER_Spirals_Count=1,E_SLIDER_Spirals_Rotation=73,E_SLIDER_Spirals_Thickness=19,E_TEXTCTRL_Spirals_Movement=0.00,T_CHECKBOX_LayerMorph=0,T_CHECKBOX_OverlayBkg=0,T_CHOICE_LayerMethod=Layered,T_SLIDER_EffectLayerMix=0,T_TEXTCTRL_Fadein=0.00,T_TEXTCTRL_Fadeout=0.00</Effect>
    <Effect>E_CHECKBOX_Twinkle_Strobe=1,E_SLIDER_Twinkle_Count=100,E_SLIDER_Twinkle_Steps=78,T_CHECKBOX_LayerMorph=1,T_CHECKBOX_OverlayBkg=0,T_CHOICE_LayerMethod=Effect 1,T_SLIDER_EffectLayerMix=0,T_TEXTCTRL_Fadein=0.00,T_TEXTCTRL_Fadeout=0.00</Effect>
    <Effect>E_CHOICE_Plasma_Color=Normal,E_SLIDER_Plasma_Line_Density=1,E_SLIDER_Plasma_Speed=91,E_SLIDER_Plasma_Style=3,E_TEXTCTRL_Plasma_Speed=10,T_CHECKBOX_LayerMorph=0,T_CHECKBOX_OverlayBkg=0,T_CHOICE_LayerMethod=Normal,T_SLIDER_EffectLayerMix=0,T_TEXTCTRL_Fadein=0.00,T_TEXTCTRL_Fadeout=0.00</Effect>
    <Effect>E_SLIDER_Tree_Branches=1,E_SLIDER_Tree_Speed=10,T_CHECKBOX_LayerMorph=0,T_CHECKBOX_OverlayBkg=0,T_CHOICE_LayerMethod=1 reveals 2,T_SLIDER_EffectLayerMix=0,T_TEXTCTRL_Fadein=0.00,T_TEXTCTRL_Fadeout=0.00</Effect>
    <Effect>E_SLIDER_Tree_Branches=1,E_SLIDER_Tree_Speed=10,T_CHECKBOX_LayerMorph=0,T_CHECKBOX_OverlayBkg=0,T_CHOICE_LayerMethod=1 is Unmask,T_SLIDER_EffectLayerMix=0,T_TEXTCTRL_Fadein=0.00,T_TEXTCTRL_Fadeout=0.00</Effect>
    <Effect>E_CHECKBOX_Twinkle_Strobe=1,E_SLIDER_Twinkle_Count=100,E_SLIDER_Twinkle_Steps=121,T_CHECKBOX_LayerMorph=1,T_CHECKBOX_OverlayBkg=0,T_CHOICE_LayerMethod=Effect 1,T_SLIDER_EffectLayerMix=0,T_TEXTCTRL_Fadein=0.00,T_TEXTCTRL_Fadeout=0.00</Effect>
    <Effect>E_CHECKBOX_Twinkle_Strobe=0,E_SLIDER_Twinkle_Count=13,E_SLIDER_Twinkle_Steps=77,T_CHECKBOX_LayerMorph=0,T_CHECKBOX_OverlayBkg=0,T_CHOICE_LayerMethod=Left-Right,T_SLIDER_EffectLayerMix=0,T_TEXTCTRL_Fadein=0.00,T_TEXTCTRL_Fadeout=0.00</Effect>
    <Effect>E_CHECKBOX_Twinkle_Strobe=0,E_SLIDER_Twinkle_Count=13,E_SLIDER_Twinkle_Steps=77,T_CHECKBOX_LayerMorph=0,T_CHECKBOX_OverlayBkg=0,T_CHOICE_LayerMethod=Bottom-Top,T_SLIDER_EffectLayerMix=0,T_TEXTCTRL_Fadein=0.00,T_TEXTCTRL_Fadeout=0.00</Effect>
    <Effect>T_CHECKBOX_LayerMorph=0,T_CHECKBOX_OverlayBkg=0,T_CHOICE_LayerMethod=Layered,T_SLIDER_EffectLayerMix=0,T_TEXTCTRL_Fadein=0.00,T_TEXTCTRL_Fadeout=0.00</Effect>
    <Effect>E_CHECKBOX_Twinkle_ReRandom=0,E_CHECKBOX_Twinkle_Strobe=0,E_SLIDER_Twinkle_Count=58,E_SLIDER_Twinkle_Steps=30,T_CHECKBOX_LayerMorph=0,T_CHECKBOX_OverlayBkg=0,T_CHOICE_LayerMethod=Effect 1,T_SLIDER_EffectLayerMix=0,T_TEXTCTRL_Fadein=0.00,T_TEXTCTRL_Fadeout=0.00</Effect>
    <Effect>E_CHECKBOX_Twinkle_ReRandom=0,E_CHECKBOX_Twinkle_Strobe=0,E_SLIDER_Twinkle_Count=100,E_SLIDER_Twinkle_Steps=78,T_CHECKBOX_LayerMorph=0,T_CHECKBOX_OverlayBkg=0,T_CHOICE_LayerMethod=Effect 1,T_SLIDER_EffectLayerMix=0,T_TEXTCTRL_Fadein=0.00,T_TEXTCTRL_Fadeout=0.00</Effect>
    <Effect>E_CHECKBOX_Bars_3D=0,E_CHECKBOX_Bars_Highlight=1,E_CHOICE_Bars_Direction=H-expand,E_SLIDER_Bars_BarCount=3,E_TEXTCTRL_Bars_Cycles=8.3,T_CHECKBOX_LayerMorph=0,T_CHECKBOX_OverlayBkg=0,T_CHOICE_LayerMethod=Effect 1,T_SLIDER_EffectLayerMix=0,T_TEXTCTRL_Fadein=0.00,T_TEXTCTRL_Fadeout=0.00</Effect>
    <Effect>E_CHECKBOX_Twinkle_ReRandom=0,E_CHECKBOX_Twinkle_Strobe=0,E_SLIDER_Twinkle_Count=100,E_SLIDER_Twinkle_Steps=96,T_CHECKBOX_LayerMorph=0,T_CHECKBOX_OverlayBkg=0,T_CHOICE_LayerMethod=Effect 1,T_SLIDER_EffectLayerMix=0,T_TEXTCTRL_Fadein=0.00,T_TEXTCTRL_Fadeout=0.00</Effect>
    <Effect>E_CHECKBOX_Spirals_3D=0,E_CHECKBOX_Spirals_Blend=0,E_CHECKBOX_Spirals_Grow=0,E_CHECKBOX_Spirals_Shrink=0,E_SLIDER_Spirals_Count=5,E_SLIDER_Spirals_Rotation=-300,E_SLIDER_Spirals_Thickness=0,E_TEXTCTRL_Spirals_Movement=1.0,T_CHECKBOX_LayerMorph=0,T_CHECKBOX_OverlayBkg=0,T_CHOICE_LayerMethod=Effect 1,T_SLIDER_EffectLayerMix=0,T_TEXTCTRL_Fadein=0.00,T_TEXTCTRL_Fadeout=0.00</Effect>
    <Effect>E_CHECKBOX_Spirals_3D=0,E_CHECKBOX_Spirals_Blend=0,E_CHECKBOX_Spirals_Grow=0,E_CHECKBOX_Spirals_Shrink=0,E_SLIDER_Spirals_Count=5,E_SLIDER_Spirals_Rotation=-300,E_SLIDER_Spirals_Thickness=31,E_TEXTCTRL_Spirals_Movement=0.2,T_CHECKBOX_LayerMorph=0,T_CHECKBOX_OverlayBkg=0,T_CHOICE_LayerMethod=Effect 1,T_SLIDER_EffectLayerMix=0,T_TEXTCTRL_Fadein=0.00,T_TEXTCTRL_Fadeout=0.00</Effect>
    <Effect>E_CHECKBOX_Spirals_3D=0,E_CHECKBOX_Spirals_Blend=0,E_CHECKBOX_Spirals_Grow=0,E_CHECKBOX_Spirals_Shrink=0,E_SLIDER_Spirals_Count=5,E_SLIDER_Spirals_Rotation=-300,E_SLIDER_Spirals_Thickness=100,E_TEXTCTRL_Spirals_Movement=0.8,T_CHECKBOX_LayerMorph=0,T_CHECKBOX_OverlayBkg=0,T_CHOICE_LayerMethod=Effect 1,T_SLIDER_EffectLayerMix=0,T_TEXTCTRL_Fadein=0.00,T_TEXTCTRL_Fadeout=0.00</Effect>
    <Effect>E_CHECKBOX_Bars_3D=0,E_CHECKBOX_Bars_Highlight=0,E_CHOICE_Bars_Direction=Left,E_SLIDER_Bars_BarCount=1,E_TEXTCTRL_Bars_Cycles=0.6,T_CHECKBOX_LayerMorph=0,T_CHECKBOX_OverlayBkg=0,T_CHOICE_LayerMethod=Effect 1,T_SLIDER_EffectLayerMix=0,T_TEXTCTRL_Fadein=0.00,T_TEXTCTRL_Fadeout=0.00</Effect>
    <Effect>E_CHECKBOX_Bars_3D=0,E_CHECKBOX_Bars_Highlight=0,E_CHOICE_Bars_Direction=Left,E_SLIDER_Bars_BarCount=5,E_TEXTCTRL_Bars_Cycles=0.6,T_CHECKBOX_LayerMorph=0,T_CHECKBOX_OverlayBkg=0,T_CHOICE_LayerMethod=Effect 1,T_SLIDER_EffectLayerMix=0,T_TEXTCTRL_Fadein=0.00,T_TEXTCTRL_Fadeout=0.00</Effect>
    <Effect>E_CHECKBOX_Bars_3D=0,E_CHECKBOX_Bars_Highlight=0,E_CHOICE_Bars_Direction=Right,E_SLIDER_Bars_BarCount=5,E_TEXTCTRL_Bars_Cycles=0.6,T_CHECKBOX_LayerMorph=0,T_CHECKBOX_OverlayBkg=0,T_CHOICE_LayerMethod=Effect 1,T_SLIDER_EffectLayerMix=0,T_TEXTCTRL_Fadein=0.00,T_TEXTCTRL_Fadeout=0.00</Effect>
    <Effect>E_CHECKBOX_Spirals_3D=0,E_CHECKBOX_Spirals_Blend=0,E_CHECKBOX_Spirals_Grow=0,E_CHECKBOX_Spirals_Shrink=0,E_SLIDER_Spirals_Count=1,E_SLIDER_Spirals_Rotation=44,E_SLIDER_Spirals_Thickness=5,E_TEXTCTRL_Spirals_Movement=-4.00,T_CHECKBOX_LayerMorph=0,T_CHECKBOX_OverlayBkg=0,T_CHOICE_LayerMethod=Layered,T_SLIDER_EffectLayerMix=0,T_TEXTCTRL_Fadein=0.00,T_TEXTCTRL_Fadeout=0.00</Effect>
    <Effect>E_CHOICE_Plasma_Color=Normal,E_SLIDER_Plasma_Line_Density=1,E_SLIDER_Plasma_Speed=84,E_SLIDER_Plasma_Style=3,E_TEXTCTRL_Plasma_Speed=10,T_CHECKBOX_LayerMorph=0,T_CHECKBOX_OverlayBkg=0,T_CHOICE_LayerMethod=Normal,T_SLIDER_EffectLayerMix=0,T_TEXTCTRL_Fadein=0.00,T_TEXTCTRL_Fadeout=0.00</Effect>
    <Effect>E_CHECKBOX_Spirals_3D=0,E_CHECKBOX_Spirals_Blend=0,E_CHECKBOX_Spirals_Grow=0,E_CHECKBOX_Spirals_Shrink=0,E_SLIDER_Spirals_Count=5,E_SLIDER_Spirals_Rotation=122,E_SLIDER_Spirals_Thickness=73,E_TEXTCTRL_Spirals_Movement=1.0,T_CHECKBOX_LayerMorph=0,T_CHECKBOX_OverlayBkg=0,T_CHOICE_LayerMethod=Effect 1,T_SLIDER_EffectLayerMix=0,T_TEXTCTRL_Fadein=0.00,T_TEXTCTRL_Fadeout=0.00</Effect>
    <Effect>E_CHECKBOX_Spirals_3D=0,E_CHECKBOX_Spirals_Blend=0,E_CHECKBOX_Spirals_Grow=0,E_CHECKBOX_Spirals_Shrink=0,E_SLIDER_Spirals_Count=1,E_SLIDER_Spirals_Rotation=122,E_SLIDER_Spirals_Thickness=85,E_TEXTCTRL_Spirals_Movement=0.2,T_CHECKBOX_LayerMorph=1,T_CHECKBOX_OverlayBkg=0,T_CHOICE_LayerMethod=Effect 1,T_SLIDER_EffectLayerMix=0,T_TEXTCTRL_Fadein=0.00,T_TEXTCTRL_Fadeout=0.00</Effect>
    <Effect>E_CHECKBOX_Spirals_3D=0,E_CHECKBOX_Spirals_Blend=0,E_CHECKBOX_Spirals_Grow=0,E_CHECKBOX_Spirals_Shrink=0,E_SLIDER_Spirals_Count=5,E_SLIDER_Spirals_Rotation=-300,E_SLIDER_Spirals_Thickness=100,E_TEXTCTRL_Spirals_Movement=0.2,T_CHECKBOX_LayerMorph=0,T_CHECKBOX_OverlayBkg=0,T_CHOICE_LayerMethod=Effect 1,T_SLIDER_EffectLayerMix=0,T_TEXTCTRL_Fadein=0.00,T_TEXTCTRL_Fadeout=0.00</Effect>
    <Effect>E_CHECKBOX_Spirals_3D=0,E_CHECKBOX_Spirals_Blend=0,E_CHECKBOX_Spirals_Grow=0,E_CHECKBOX_Spirals_Shrink=0,E_SLIDER_Spirals_Count=5,E_SLIDER_Spirals_Rotation=-293,E_SLIDER_Spirals_Thickness=100,E_TEXTCTRL_Spirals_Movement=1.2,T_CHECKBOX_LayerMorph=0,T_CHECKBOX_OverlayBkg=0,T_CHOICE_LayerMethod=Effect 1,T_SLIDER_EffectLayerMix=0,T_TEXTCTRL_Fadein=0.00,T_TEXTCTRL_Fadeout=0.00</Effect>
    <Effect>E_CHOICE_Butterfly_Colors=Palette,E_CHOICE_Butterfly_Direction=Normal,E_SLIDER_Butterfly_Chunks=1,E_SLIDER_Butterfly_Skip=2,E_SLIDER_Butterfly_Speed=10,E_SLIDER_Butterfly_Style=1,T_CHECKBOX_LayerMorph=1,T_CHECKBOX_OverlayBkg=0,T_CHOICE_LayerMethod=Effect 1,T_SLIDER_EffectLayerMix=0,T_TEXTCTRL_Fadein=0.00,T_TEXTCTRL_Fadeout=0.00</Effect>
    <Effect>E_CHECKBOX_Spirals_3D=1,E_CHECKBOX_Spirals_Blend=0,E_CHECKBOX_Spirals_Grow=0,E_CHECKBOX_Spirals_Shrink=0,E_SLIDER_Spirals_Count=1,E_SLIDER_Spirals_Rotation=44,E_SLIDER_Spirals_Thickness=74,E_TEXTCTRL_Spirals_Movement=-4.8,T_CHECKBOX_LayerMorph=0,T_CHECKBOX_OverlayBkg=0,T_CHOICE_LayerMethod=Layered,T_SLIDER_EffectLayerMix=0,T_TEXTCTRL_Fadein=0.00,T_TEXTCTRL_Fadeout=0.00</Effect>
    <Effect>E_CHOICE_Plasma_Color=Normal,E_SLIDER_Plasma_Line_Density=1,E_SLIDER_Plasma_Speed=72,E_SLIDER_Plasma_Style=3,E_TEXTCTRL_Plasma_Speed=10,T_CHECKBOX_LayerMorph=0,T_CHECKBOX_OverlayBkg=0,T_CHOICE_LayerMethod=Normal,T_SLIDER_EffectLayerMix=0,T_TEXTCTRL_Fadein=0.00,T_TEXTCTRL_Fadeout=0.00</Effect>
    <Effect>E_CHECKBOX_Spirals_3D=0,E_CHECKBOX_Spirals_Blend=0,E_CHECKBOX_Spirals_Grow=0,E_CHECKBOX_Spirals_Shrink=0,E_SLIDER_Spirals_Count=1,E_SLIDER_Spirals_Rotation=122,E_SLIDER_Spirals_Thickness=100,E_TEXTCTRL_Spirals_Movement=3.00,T_CHECKBOX_LayerMorph=0,T_CHECKBOX_OverlayBkg=0,T_CHOICE_LayerMethod=Effect 1,T_SLIDER_EffectLayerMix=0,T_TEXTCTRL_Fadein=0.00,T_TEXTCTRL_Fadeout=0.00</Effect>
    <Effect>E_CHECKBOX_Spirals_3D=0,E_CHECKBOX_Spirals_Blend=0,E_CHECKBOX_Spirals_Grow=0,E_CHECKBOX_Spirals_Shrink=0,E_SLIDER_Spirals_Count=1,E_SLIDER_Spirals_Rotation=122,E_SLIDER_Spirals_Thickness=88,E_TEXTCTRL_Spirals_Movement=1.00,T_CHECKBOX_LayerMorph=1,T_CHECKBOX_OverlayBkg=0,T_CHOICE_LayerMethod=Effect 1,T_SLIDER_EffectLayerMix=0,T_TEXTCTRL_Fadein=0.00,T_TEXTCTRL_Fadeout=0.00</Effect>
    <Effect>E_CHECKBOX_Spirals_3D=0,E_CHECKBOX_Spirals_Blend=0,E_CHECKBOX_Spirals_Grow=0,E_CHECKBOX_Spirals_Shrink=0,E_SLIDER_Spirals_Count=1,E_SLIDER_Spirals_Rotation=236,E_SLIDER_Spirals_Thickness=100,E_TEXTCTRL_Spirals_Movement=2.00,T_CHECKBOX_LayerMorph=0,T_CHECKBOX_OverlayBkg=0,T_CHOICE_LayerMethod=Effect 1,T_SLIDER_EffectLayerMix=0,T_TEXTCTRL_Fadein=0.00,T_TEXTCTRL_Fadeout=0.00</Effect>
    <Effect>E_CHECKBOX_Spirals_3D=0,E_CHECKBOX_Spirals_Blend=0,E_CHECKBOX_Spirals_Grow=0,E_CHECKBOX_Spirals_Shrink=0,E_SLIDER_Spirals_Count=1,E_SLIDER_Spirals_Rotation=44,E_SLIDER_Spirals_Thickness=70,E_TEXTCTRL_Spirals_Movement=4.0,T_CHECKBOX_LayerMorph=0,T_CHECKBOX_OverlayBkg=0,T_CHOICE_LayerMethod=Layered,T_SLIDER_EffectLayerMix=0,T_TEXTCTRL_Fadein=0.00,T_TEXTCTRL_Fadeout=0.00</Effect>
  </EffectDB>
  <DataLayers>
    <DataLayer lor_params="6553697" channel_offset="0" num_channels="0" num_frames="0" data="&lt;rendered: erase-mode&gt;" source="&lt;auto-generated&gt;" name="Nutcracker"/>
  </DataLayers>
  <DisplayElements>
    <Element collapsed="0" type="timing" name="Imported Timing" visible="1" active="1" views=""/>
    <Element collapsed="0" type="model" name="Megatree" visible="1" active="0"/>
    <Element collapsed="0" type="model" name="Arches" visible="1" active="0"/>
    <Element collapsed="0" type="model" name="RGB Group" visible="1" active="0"/>
    <Element collapsed="0" type="model" name="Big Star" visible="1" active="0"/>
  </DisplayElements>
  <ElementEffects>
    <Element type="timing" name="Imported Timing">
      <EffectLayer>
        <Effect label="0.00 Start" startTime="0" endTime="7700"></Effect>
        <Effect label="7.70" startTime="7700" endTime="14450"></Effect>
        <Effect label="" startTime="14450" endTime="15200"></Effect>
        <Effect label="" startTime="15200" endTime="20250"></Effect>
        <Effect label="20.27" startTime="20250" endTime="20600"></Effect>
        <Effect label="20.61" startTime="20600" endTime="23150"></Effect>
        <Effect label="23.12" startTime="23150" endTime="23600"></Effect>
        <Effect label="" startTime="23600" endTime="23900"></Effect>
        <Effect label="23.87" startTime="23900" endTime="24050"></Effect>
        <Effect label="24.07" startTime="24050" endTime="24150"></Effect>
        <Effect label="" startTime="24150" endTime="24600"></Effect>
        <Effect label="24.61" startTime="24600" endTime="24800"></Effect>
        <Effect label="24.80" startTime="24800" endTime="25150"></Effect>
        <Effect label="25.15" startTime="25150" endTime="25500"></Effect>
        <Effect label="25.50" startTime="25500" endTime="26100"></Effect>
        <Effect label="26.11" startTime="26100" endTime="26300"></Effect>
        <Effect label="26.28" startTime="26300" endTime="26850"></Effect>
        <Effect label="26.83" startTime="26850" endTime="27000"></Effect>
        <Effect label="27.02" startTime="27000" endTime="27400"></Effect>
        <Effect label="27.37" startTime="27400" endTime="27750"></Effect>
        <Effect label="27.73" startTime="27750" endTime="28300"></Effect>
        <Effect label="28.31" startTime="28300" endTime="28500"></Effect>
        <Effect label="28.49" startTime="28500" endTime="29050"></Effect>
        <Effect label="29.06" startTime="29050" endTime="29250"></Effect>
        <Effect label="29.27" startTime="29250" endTime="29600"></Effect>
        <Effect label="29.603819" startTime="29600" endTime="29950"></Effect>
        <Effect label="29.951192" startTime="29950" endTime="30550"></Effect>
        <Effect label="30.525320" startTime="30550" endTime="30700"></Effect>
        <Effect label="30.718305" startTime="30700" endTime="31300"></Effect>
        <Effect label="31.277960" startTime="31300" endTime="31650"></Effect>
        <Effect label="31.644630" startTime="31650" endTime="32000"></Effect>
        <Effect label="31.996827" startTime="32000" endTime="32350"></Effect>
        <Effect label="32.349024" startTime="32350" endTime="32550"></Effect>
        <Effect label="32.527534" startTime="32550" endTime="32950"></Effect>
        <Effect label="32.952100" startTime="32950" endTime="43350"></Effect>
        <Effect label="43.34 Fade" startTime="43350" endTime="48650"></Effect>
        <Effect label="48.670686" startTime="48650" endTime="49400"></Effect>
        <Effect label="49.37 What's this" startTime="49400" endTime="50100"></Effect>
        <Effect label="50.10 What's this" startTime="50100" endTime="50900"></Effect>
        <Effect label="50.880359" startTime="50900" endTime="52300"></Effect>
        <Effect label="52.31 What's this" startTime="52300" endTime="53100"></Effect>
        <Effect label="53.090031" startTime="53100" endTime="54550"></Effect>
        <Effect label="54.547064" startTime="54550" endTime="55300"></Effect>
        <Effect label="55.290054" startTime="55300" endTime="58450"></Effect>
        <Effect label="58.426052" startTime="58450" endTime="59000"></Effect>
        <Effect label="58.985707" startTime="59000" endTime="59250"></Effect>
        <Effect label="59.234" startTime="59250" endTime="59650"></Effect>
        <Effect label="59.641854" startTime="59650" endTime="61900"></Effect>
        <Effect label="61.919071" startTime="61900" endTime="62700"></Effect>
        <Effect label="62.695833" startTime="62700" endTime="63500"></Effect>
        <Effect label="63.477421" startTime="63500" endTime="64900"></Effect>
        <Effect label="64.876558" startTime="64900" endTime="65650"></Effect>
        <Effect label="65.662970" startTime="65650" endTime="67100"></Effect>
        <Effect label="67.124827" startTime="67100" endTime="67900"></Effect>
        <Effect label="67.901590" startTime="67900" endTime="69200"></Effect>
        <Effect label="69.181" startTime="69200" endTime="70300"></Effect>
        <Effect label="70.290" startTime="70300" endTime="73450"></Effect>
        <Effect label="73.469192" startTime="73450" endTime="74450"></Effect>
        <Effect label="74.448588" startTime="74450" endTime="75100"></Effect>
        <Effect label="75.090262" startTime="75100" endTime="77500"></Effect>
        <Effect label="77.491" startTime="77500" endTime="87050"></Effect>
        <Effect label="87.040826" startTime="87050" endTime="92250"></Effect>
        <Effect label="92.241758" startTime="92250" endTime="92550"></Effect>
        <Effect label="92.574656" startTime="92550" endTime="93250"></Effect>
        <Effect label="93.240452" startTime="93250" endTime="94000"></Effect>
        <Effect label="94.022039" startTime="94000" endTime="97900"></Effect>
        <Effect label="97.901028" startTime="97900" endTime="98450"></Effect>
        <Effect label="98.465507" startTime="98450" endTime="102100"></Effect>
        <Effect label="102.112914" startTime="102100" endTime="102600"></Effect>
        <Effect label="102.605024" startTime="102600" endTime="105100"></Effect>
        <Effect label="105.099349" startTime="105100" endTime="105900"></Effect>
        <Effect label="105.880936" startTime="105900" endTime="120650"></Effect>
        <Effect label="120.649073" startTime="120650" endTime="121200"></Effect>
        <Effect label="121.189430" startTime="121200" endTime="123600"></Effect>
        <Effect label="123.577613" startTime="123600" endTime="124350"></Effect>
        <Effect label="124.364025" startTime="124350" endTime="125100"></Effect>
        <Effect label="125.097366" startTime="125100" endTime="126550"></Effect>
        <Effect label="126.535100" startTime="126550" endTime="127300"></Effect>
        <Effect label="127.321512" startTime="127300" endTime="128750"></Effect>
        <Effect label="128.744772" startTime="128750" endTime="129550"></Effect>
        <Effect label="129.555307" startTime="129550" endTime="132650"></Effect>
        <Effect label="132.667182" startTime="132650" endTime="137650"></Effect>
        <Effect label="137.655831" startTime="137650" endTime="140150"></Effect>
        <Effect label="140.150155" startTime="140150" endTime="140900"></Effect>
        <Effect label="140.878672" startTime="140900" endTime="143200"></Effect>
        <Effect label="143.199310" startTime="143200" endTime="157250"></Effect>
        <Effect label="157.248580" startTime="157250" endTime="157550"></Effect>
        <Effect label="157.528408" startTime="157550" endTime="158300"></Effect>
        <Effect label="158.295521" startTime="158300" endTime="159100"></Effect>
        <Effect label="159.086757" startTime="159100" endTime="173150"></Effect>
        <Effect label="173.155326" startTime="173150" endTime="174000"></Effect>
        <Effect label="174.023756" startTime="174000" endTime="174800"></Effect>
        <Effect label="174.819817" startTime="174800" endTime="176250"></Effect>
        <Effect label="176.260" startTime="176250" endTime="176650"></Effect>
        <Effect label="176.650" startTime="176650" endTime="177400"></Effect>
        <Effect label="177.40" startTime="177400" endTime="177450"></Effect>
        <Effect label="" startTime="177450" endTime="183750"></Effect>
      </EffectLayer>
    </Element>
    <Element type="model" name="Megatree">
      <EffectLayer>
        <Effect ref="0" name="Snowflakes" startTime="0" endTime="7700" palette="0"/>
        <Effect ref="1" name="Snowflakes" id="1" startTime="7700" endTime="14450" palette="1"/>
        <Effect ref="2" name="Snowflakes" id="2" startTime="14450" endTime="15200" palette="1"/>
        <Effect ref="3" name="Snowflakes" id="3" startTime="15200" endTime="20250" palette="1"/>
        <Effect ref="4" name="Snowflakes" id="4" startTime="20250" endTime="20600" palette="2"/>
        <Effect ref="5" name="Snowstorm" id="5" startTime="20600" endTime="23150" palette="3"/>
        <Effect ref="6" name="Circles" id="6" startTime="23150" endTime="23900" palette="4"/>
        <Effect ref="7" name="Twinkle" id="7" startTime="23900" endTime="24600" palette="5"/>
        <Effect ref="6" name="Circles" id="8" startTime="24600" endTime="26100" palette="4"/>
        <Effect ref="7" name="Twinkle" id="9" startTime="26100" endTime="26850" palette="5"/>
        <Effect ref="6" name="Circles" id="10" startTime="26850" endTime="28300" palette="4"/>
        <Effect ref="7" name="Twinkle" id="11" startTime="28300" endTime="29050" palette="5"/>
        <Effect ref="6" name="Circles" id="12" startTime="29050" endTime="30550" palette="4"/>
        <Effect ref="8" name="Circles" id="13" startTime="30550" endTime="31300" palette="6"/>
        <Effect ref="9" name="Circles" id="14" startTime="31300" endTime="32950" palette="6"/>
        <Effect ref="10" name="Spirals" id="15" startTime="32950" endTime="43350" palette="7"/>
        <Effect ref="11" name="Spirals" id="16" startTime="43350" endTime="48650" palette="7"/>
        <Effect ref="12" name="Off" id="17" startTime="48650" endTime="49400" palette="7"/>
        <Effect ref="13" name="Bars" id="18" startTime="49400" endTime="50100" palette="8"/>
        <Effect ref="13" name="Bars" id="19" startTime="50100" endTime="50900" palette="9"/>
        <Effect ref="14" name="Spirals" id="20" startTime="50900" endTime="52300" palette="10"/>
        <Effect ref="13" name="Bars" id="21" startTime="52300" endTime="53100" palette="8"/>
        <Effect ref="14" name="Spirals" id="22" startTime="53100" endTime="54550" palette="11"/>
        <Effect ref="13" name="Bars" id="23" startTime="54550" endTime="55300" palette="9"/>
        <Effect ref="15" name="Spirals" id="24" startTime="55300" endTime="59000" palette="10"/>
        <Effect ref="13" name="Bars" id="25" startTime="59000" endTime="59250" palette="8"/>
        <Effect ref="13" name="Bars" id="26" startTime="59250" endTime="59650" palette="9"/>
        <Effect ref="16" name="Tree" id="27" startTime="59650" endTime="61900" palette="12"/>
        <Effect ref="13" name="Bars" id="28" startTime="61900" endTime="62700" palette="8"/>
        <Effect ref="13" name="Bars" id="29" startTime="62700" endTime="63500" palette="9"/>
        <Effect ref="17" name="Spirals" id="30" startTime="63500" endTime="64900" palette="13"/>
        <Effect ref="13" name="Bars" id="31" startTime="64900" endTime="65650" palette="9"/>
        <Effect ref="18" name="Spirals" id="32" startTime="65650" endTime="67100" palette="13"/>
        <Effect ref="13" name="Bars" id="33" startTime="67100" endTime="67900" palette="9"/>
        <Effect ref="19" name="Circles" id="34" startTime="67900" endTime="69200" palette="14"/>
        <Effect ref="20" name="Circles" id="35" startTime="69200" endTime="70300" palette="14"/>
        <Effect ref="21" name="Circles" id="36" startTime="70300" endTime="73450" palette="14"/>
        <Effect ref="12" name="Off" id="37" startTime="73450" endTime="74450" palette="14"/>
        <Effect ref="22" name="Bars" id="38" startTime="74450" endTime="75100" palette="9"/>
        <Effect ref="12" name="Off" id="39" startTime="75100" endTime="77500" palette="9"/>
        <Effect ref="23" name="Spirals" id="40" startTime="77500" endTime="87050" palette="14"/>
        <Effect ref="24" name="Spirals" id="41" startTime="87050" endTime="92250" palette="14"/>
        <Effect ref="12" name="Off" id="42" startTime="92250" endTime="92550" palette="14"/>
        <Effect ref="25" name="Bars" id="43" startTime="92550" endTime="93250" palette="5"/>
        <Effect ref="25" name="Bars" id="44" startTime="93250" endTime="94000" palette="8"/>
        <Effect ref="26" name="Snowstorm" id="45" startTime="94000" endTime="97900" palette="8"/>
        <Effect ref="26" name="Snowstorm" id="46" startTime="97900" endTime="98450" palette="12"/>
        <Effect ref="26" name="Snowstorm" id="47" startTime="98450" endTime="102100" palette="8"/>
        <Effect ref="25" name="Bars" id="48" startTime="102100" endTime="102600" palette="9"/>
        <Effect ref="27" name="Twinkle" id="49" startTime="102600" endTime="105100" palette="15"/>
        <Effect ref="25" name="Bars" id="50" startTime="105100" endTime="105900" palette="12"/>
        <Effect ref="28" name="Tree" id="51" startTime="105900" endTime="120650" palette="12"/>
        <Effect ref="25" name="Bars" id="52" startTime="120650" endTime="121200" palette="16"/>
        <Effect ref="27" name="Twinkle" id="53" startTime="121200" endTime="123600" palette="16"/>
        <Effect ref="29" name="Twinkle" id="54" startTime="123600" endTime="124350" palette="14"/>
        <Effect ref="30" name="Twinkle" id="55" startTime="124350" endTime="125100" palette="14"/>
        <Effect ref="31" name="Off" id="56" startTime="125100" endTime="126550" palette="14"/>
        <Effect ref="32" name="Off" id="57" startTime="126550" endTime="127300" palette="14"/>
        <Effect ref="27" name="Twinkle" id="58" startTime="127300" endTime="129550" palette="14"/>
        <Effect ref="33" name="Twinkle" id="59" startTime="129550" endTime="132650" palette="14"/>
        <Effect ref="34" name="Twinkle" id="60" startTime="132650" endTime="137650" palette="14"/>
        <Effect ref="35" name="Off" id="61" startTime="137650" endTime="140150" palette="14"/>
        <Effect ref="25" name="Bars" id="62" startTime="140150" endTime="140900" palette="14"/>
        <Effect ref="26" name="Snowstorm" id="63" startTime="140900" endTime="143200" palette="12"/>
        <Effect ref="36" name="Snowstorm" id="64" startTime="143200" endTime="157250" palette="16"/>
        <Effect ref="12" name="Off" id="65" startTime="157250" endTime="157550" palette="16"/>
        <Effect ref="37" name="Bars" id="66" startTime="157550" endTime="158300" palette="16"/>
        <Effect ref="37" name="Bars" id="67" startTime="158300" endTime="159100" palette="12"/>
        <Effect ref="38" name="Spirals" id="68" startTime="159100" endTime="173150" palette="15"/>
        <Effect ref="39" name="Bars" id="69" startTime="173150" endTime="174000" palette="17"/>
        <Effect ref="39" name="Bars" id="70" startTime="174000" endTime="174800" palette="18"/>
        <Effect ref="40" name="Spirals" id="71" startTime="174800" endTime="176250" palette="19"/>
        <Effect ref="39" name="Bars" id="72" startTime="176250" endTime="176650" palette="17"/>
        <Effect ref="39" name="Bars" id="73" startTime="176650" endTime="177400" palette="18"/>
        <Effect ref="41" name="Twinkle" id="74" startTime="177400" endTime="177450" palette="20"/>
        <Effect ref="42" name="Plasma" id="75" startTime="177450" endTime="183750" palette="21"/>
      </EffectLayer>
      <EffectLayer>
        <Effect ref="43" name="Tree" startTime="30550" endTime="31300" palette="22"/>
        <Effect ref="44" name="Tree" id="1" startTime="31300" endTime="32950" palette="22"/>
        <Effect ref="45" name="Twinkle" id="2" startTime="43350" endTime="48650" palette="23"/>
        <Effect ref="12" name="Off" id="3" startTime="48650" endTime="49400" palette="23"/>
        <Effect ref="12" name="Off" id="4" startTime="73450" endTime="74450" palette="24"/>
        <Effect ref="12" name="Off" id="5" startTime="74450" endTime="75100" palette="24"/>
        <Effect ref="12" name="Off" id="6" startTime="75100" endTime="77500" palette="24"/>
        <Effect ref="12" name="Off" id="7" startTime="87050" endTime="92250" palette="24"/>
        <Effect ref="12" name="Off" id="8" startTime="92250" endTime="92550" palette="24"/>
        <Effect ref="32" name="Off" id="9" startTime="123600" endTime="124350" palette="24"/>
        <Effect ref="31" name="Off" id="10" startTime="124350" endTime="125100" palette="24"/>
        <Effect ref="46" name="Twinkle" id="11" startTime="125100" endTime="126550" palette="14"/>
        <Effect ref="47" name="Twinkle" id="12" startTime="126550" endTime="127300" palette="14"/>
        <Effect ref="12" name="Off" id="13" startTime="129550" endTime="132650" palette="24"/>
        <Effect ref="12" name="Off" id="14" startTime="143200" endTime="157250" palette="24"/>
        <Effect ref="12" name="Off" id="15" startTime="157250" endTime="157550" palette="24"/>
        <Effect ref="12" name="Off" id="16" startTime="157550" endTime="158300" palette="24"/>
        <Effect ref="12" name="Off" id="17" startTime="158300" endTime="159100" palette="24"/>
        <Effect ref="48" name="Off" id="18" startTime="173150" endTime="174000" palette="17"/>
        <Effect ref="48" name="Off" id="19" startTime="174000" endTime="174800" palette="17"/>
        <Effect ref="48" name="Off" id="20" startTime="174800" endTime="176250" palette="25"/>
        <Effect ref="48" name="Off" id="21" startTime="176250" endTime="176650" palette="17"/>
        <Effect ref="48" name="Off" id="22" startTime="176650" endTime="177400" palette="17"/>
        <Effect ref="12" name="Off" id="23" startTime="177400" endTime="177450" palette="17"/>
      </EffectLayer>
    </Element>
    <Element type="model" name="Arches">
      <EffectLayer>
        <Effect ref="49" name="Twinkle" startTime="0" endTime="20250" palette="1"/>
        <Effect ref="13" name="Bars" id="1" startTime="20250" endTime="20600" palette="26"/>
        <Effect ref="50" name="Twinkle" id="2" startTime="20600" endTime="23150" palette="27"/>
        <Effect ref="51" name="Bars" id="3" startTime="23150" endTime="23900" palette="4"/>
        <Effect ref="52" name="Twinkle" id="4" startTime="23900" endTime="24600" palette="5"/>
        <Effect ref="51" name="Bars" id="5" startTime="24600" endTime="26100" palette="4"/>
        <Effect ref="50" name="Twinkle" id="6" startTime="26100" endTime="26850" palette="5"/>
        <Effect ref="51" name="Bars" id="7" startTime="26850" endTime="28300" palette="4"/>
        <Effect ref="50" name="Twinkle" id="8" startTime="28300" endTime="29050" palette="5"/>
        <Effect ref="51" name="Bars" id="9" startTime="29050" endTime="30550" palette="4"/>
        <Effect ref="8" name="Circles" id="10" startTime="30550" endTime="31300" palette="6"/>
        <Effect ref="9" name="Circles" id="11" startTime="31300" endTime="32950" palette="6"/>
        <Effect ref="10" name="Spirals" id="12" startTime="32950" endTime="43350" palette="7"/>
        <Effect ref="11" name="Spirals" id="13" startTime="43350" endTime="48650" palette="7"/>
        <Effect ref="12" name="Off" id="14" startTime="48650" endTime="49400" palette="7"/>
        <Effect ref="13" name="Bars" id="15" startTime="49400" endTime="50100" palette="8"/>
        <Effect ref="13" name="Bars" id="16" startTime="50100" endTime="50900" palette="9"/>
        <Effect ref="53" name="Spirals" id="17" startTime="50900" endTime="52300" palette="10"/>
        <Effect ref="13" name="Bars" id="18" startTime="52300" endTime="53100" palette="8"/>
        <Effect ref="54" name="Spirals" id="19" startTime="53100" endTime="54550" palette="10"/>
        <Effect ref="13" name="Bars" id="20" startTime="54550" endTime="55300" palette="9"/>
        <Effect ref="55" name="Spirals" id="21" startTime="55300" endTime="59000" palette="10"/>
        <Effect ref="13" name="Bars" id="22" startTime="59000" endTime="59250" palette="8"/>
        <Effect ref="13" name="Bars" id="23" startTime="59250" endTime="59650" palette="9"/>
        <Effect ref="16" name="Tree" id="24" startTime="59650" endTime="61900" palette="12"/>
        <Effect ref="13" name="Bars" id="25" startTime="61900" endTime="62700" palette="8"/>
        <Effect ref="13" name="Bars" id="26" startTime="62700" endTime="63500" palette="9"/>
        <Effect ref="17" name="Spirals" id="27" startTime="63500" endTime="64900" palette="14"/>
        <Effect ref="13" name="Bars" id="28" startTime="64900" endTime="65650" palette="9"/>
        <Effect ref="18" name="Spirals" id="29" startTime="65650" endTime="67100" palette="14"/>
        <Effect ref="13" name="Bars" id="30" startTime="67100" endTime="67900" palette="9"/>
        <Effect ref="19" name="Circles" id="31" startTime="67900" endTime="69200" palette="14"/>
        <Effect ref="20" name="Circles" id="32" startTime="69200" endTime="70300" palette="14"/>
        <Effect ref="21" name="Circles" id="33" startTime="70300" endTime="73450" palette="14"/>
        <Effect ref="12" name="Off" id="34" startTime="73450" endTime="74450" palette="14"/>
        <Effect ref="22" name="Bars" id="35" startTime="74450" endTime="75100" palette="9"/>
        <Effect ref="12" name="Off" id="36" startTime="75100" endTime="77500" palette="9"/>
        <Effect ref="23" name="Spirals" id="37" startTime="77500" endTime="87050" palette="14"/>
        <Effect ref="24" name="Spirals" id="38" startTime="87050" endTime="92250" palette="14"/>
        <Effect ref="12" name="Off" id="39" startTime="92250" endTime="92550" palette="14"/>
        <Effect ref="25" name="Bars" id="40" startTime="92550" endTime="93250" palette="5"/>
        <Effect ref="25" name="Bars" id="41" startTime="93250" endTime="94000" palette="8"/>
        <Effect ref="56" name="Bars" id="42" startTime="94000" endTime="97900" palette="28"/>
        <Effect ref="26" name="Snowstorm" id="43" startTime="97900" endTime="98450" palette="12"/>
        <Effect ref="56" name="Bars" id="44" startTime="98450" endTime="102100" palette="28"/>
        <Effect ref="25" name="Bars" id="45" startTime="102100" endTime="102600" palette="9"/>
        <Effect ref="56" name="Bars" id="46" startTime="102600" endTime="105100" palette="28"/>
        <Effect ref="25" name="Bars" id="47" startTime="105100" endTime="105900" palette="12"/>
        <Effect ref="28" name="Tree" id="48" startTime="105900" endTime="120650" palette="12"/>
        <Effect ref="25" name="Bars" id="49" startTime="120650" endTime="121200" palette="16"/>
        <Effect ref="57" name="Bars" id="50" startTime="121200" endTime="123600" palette="28"/>
        <Effect ref="57" name="Bars" id="51" startTime="123600" endTime="124350" palette="28"/>
        <Effect ref="58" name="Bars" id="52" startTime="124350" endTime="125100" palette="28"/>
        <Effect ref="57" name="Bars" id="53" startTime="125100" endTime="126550" palette="28"/>
        <Effect ref="58" name="Bars" id="54" startTime="126550" endTime="127300" palette="28"/>
        <Effect ref="57" name="Bars" id="55" startTime="127300" endTime="128750" palette="28"/>
        <Effect ref="58" name="Bars" id="56" startTime="128750" endTime="129550" palette="28"/>
        <Effect ref="57" name="Bars" id="57" startTime="129550" endTime="132650" palette="28"/>
        <Effect ref="58" name="Bars" id="58" startTime="132650" endTime="137650" palette="28"/>
        <Effect ref="35" name="Off" id="59" startTime="137650" endTime="140150" palette="14"/>
        <Effect ref="25" name="Bars" id="60" startTime="140150" endTime="140900" palette="14"/>
        <Effect ref="26" name="Snowstorm" id="61" startTime="140900" endTime="143200" palette="12"/>
        <Effect ref="36" name="Snowstorm" id="62" startTime="143200" endTime="157250" palette="16"/>
        <Effect ref="12" name="Off" id="63" startTime="157250" endTime="157550" palette="16"/>
        <Effect ref="37" name="Bars" id="64" startTime="157550" endTime="158300" palette="16"/>
        <Effect ref="37" name="Bars" id="65" startTime="158300" endTime="159100" palette="12"/>
        <Effect ref="59" name="Spirals" id="66" startTime="159100" endTime="173150" palette="15"/>
        <Effect ref="39" name="Bars" id="67" startTime="173150" endTime="174000" palette="17"/>
        <Effect ref="39" name="Bars" id="68" startTime="174000" endTime="174800" palette="18"/>
        <Effect ref="40" name="Spirals" id="69" startTime="174800" endTime="176250" palette="19"/>
        <Effect ref="39" name="Bars" id="70" startTime="176250" endTime="176650" palette="17"/>
        <Effect ref="39" name="Bars" id="71" startTime="176650" endTime="177400" palette="18"/>
        <Effect ref="41" name="Twinkle" id="72" startTime="177400" endTime="177450" palette="20"/>
        <Effect ref="60" name="Plasma" id="73" startTime="177450" endTime="183750" palette="21"/>
      </EffectLayer>
      <EffectLayer>
        <Effect ref="43" name="Tree" startTime="30550" endTime="31300" palette="22"/>
        <Effect ref="44" name="Tree" id="1" startTime="31300" endTime="32950" palette="22"/>
        <Effect ref="45" name="Twinkle" id="2" startTime="43350" endTime="48650" palette="23"/>
        <Effect ref="12" name="Off" id="3" startTime="48650" endTime="49400" palette="23"/>
        <Effect ref="12" name="Off" id="4" startTime="73450" endTime="74450" palette="24"/>
        <Effect ref="12" name="Off" id="5" startTime="74450" endTime="75100" palette="24"/>
        <Effect ref="12" name="Off" id="6" startTime="75100" endTime="77500" palette="24"/>
        <Effect ref="12" name="Off" id="7" startTime="87050" endTime="92250" palette="24"/>
        <Effect ref="12" name="Off" id="8" startTime="92250" endTime="92550" palette="24"/>
        <Effect ref="12" name="Off" id="9" startTime="143200" endTime="157250" palette="24"/>
        <Effect ref="12" name="Off" id="10" startTime="157250" endTime="157550" palette="24"/>
        <Effect ref="12" name="Off" id="11" startTime="157550" endTime="158300" palette="24"/>
        <Effect ref="12" name="Off" id="12" startTime="158300" endTime="159100" palette="24"/>
        <Effect ref="48" name="Off" id="13" startTime="173150" endTime="174000" palette="17"/>
        <Effect ref="48" name="Off" id="14" startTime="174000" endTime="174800" palette="17"/>
        <Effect ref="48" name="Off" id="15" startTime="174800" endTime="176250" palette="25"/>
        <Effect ref="48" name="Off" id="16" startTime="176250" endTime="176650" palette="17"/>
        <Effect ref="48" name="Off" id="17" startTime="176650" endTime="177400" palette="17"/>
        <Effect ref="12" name="Off" id="18" startTime="177400" endTime="177450" palette="17"/>
      </EffectLayer>
    </Element>
    <Element type="model" name="RGB Group">
      <EffectLayer>
        <Effect ref="49" name="Twinkle" startTime="0" endTime="20100" palette="1"/>
        <Effect ref="13" name="Bars" id="1" startTime="20250" endTime="20600" palette="26"/>
        <Effect ref="50" name="Twinkle" id="2" startTime="20600" endTime="23150" palette="27"/>
        <Effect ref="51" name="Bars" id="3" startTime="23150" endTime="23900" palette="4"/>
        <Effect ref="50" name="Twinkle" id="4" startTime="23900" endTime="24600" palette="5"/>
        <Effect ref="51" name="Bars" id="5" startTime="24600" endTime="26100" palette="4"/>
        <Effect ref="50" name="Twinkle" id="6" startTime="26100" endTime="26850" palette="5"/>
        <Effect ref="51" name="Bars" id="7" startTime="26850" endTime="28300" palette="4"/>
        <Effect ref="50" name="Twinkle" id="8" startTime="28300" endTime="29050" palette="5"/>
        <Effect ref="51" name="Bars" id="9" startTime="29050" endTime="30550" palette="4"/>
        <Effect ref="8" name="Circles" id="10" startTime="30550" endTime="31300" palette="6"/>
        <Effect ref="9" name="Circles" id="11" startTime="31300" endTime="32950" palette="6"/>
        <Effect ref="61" name="Spirals" id="12" startTime="32950" endTime="43350" palette="7"/>
        <Effect ref="62" name="Spirals" id="13" startTime="43350" endTime="48650" palette="7"/>
        <Effect ref="12" name="Off" id="14" startTime="48650" endTime="49400" palette="7"/>
        <Effect ref="13" name="Bars" id="15" startTime="49400" endTime="50100" palette="8"/>
        <Effect ref="13" name="Bars" id="16" startTime="50100" endTime="50900" palette="9"/>
        <Effect ref="14" name="Spirals" id="17" startTime="50900" endTime="52300" palette="10"/>
        <Effect ref="13" name="Bars" id="18" startTime="52300" endTime="53100" palette="8"/>
        <Effect ref="54" name="Spirals" id="19" startTime="53100" endTime="54550" palette="10"/>
        <Effect ref="13" name="Bars" id="20" startTime="54550" endTime="55300" palette="9"/>
        <Effect ref="63" name="Spirals" id="21" startTime="55300" endTime="59000" palette="10"/>
        <Effect ref="13" name="Bars" id="22" startTime="59000" endTime="59250" palette="8"/>
        <Effect ref="13" name="Bars" id="23" startTime="59250" endTime="59650" palette="9"/>
        <Effect ref="16" name="Tree" id="24" startTime="59650" endTime="61900" palette="12"/>
        <Effect ref="13" name="Bars" id="25" startTime="61900" endTime="62700" palette="8"/>
        <Effect ref="13" name="Bars" id="26" startTime="62700" endTime="63500" palette="9"/>
        <Effect ref="17" name="Spirals" id="27" startTime="63500" endTime="64900" palette="14"/>
        <Effect ref="13" name="Bars" id="28" startTime="64900" endTime="65650" palette="9"/>
        <Effect ref="18" name="Spirals" id="29" startTime="65650" endTime="67100" palette="14"/>
        <Effect ref="13" name="Bars" id="30" startTime="67100" endTime="67900" palette="9"/>
        <Effect ref="19" name="Circles" id="31" startTime="67900" endTime="69200" palette="14"/>
        <Effect ref="20" name="Circles" id="32" startTime="69200" endTime="70300" palette="14"/>
        <Effect ref="21" name="Circles" id="33" startTime="70300" endTime="73450" palette="14"/>
        <Effect ref="12" name="Off" id="34" startTime="73450" endTime="74450" palette="14"/>
        <Effect ref="22" name="Bars" id="35" startTime="74450" endTime="75100" palette="9"/>
        <Effect ref="12" name="Off" id="36" startTime="75100" endTime="77500" palette="9"/>
        <Effect ref="64" name="Spirals" id="37" startTime="77500" endTime="87050" palette="14"/>
        <Effect ref="24" name="Spirals" id="38" startTime="87050" endTime="92250" palette="14"/>
        <Effect ref="12" name="Off" id="39" startTime="92250" endTime="92550" palette="14"/>
        <Effect ref="25" name="Bars" id="40" startTime="92550" endTime="93250" palette="5"/>
        <Effect ref="25" name="Bars" id="41" startTime="93250" endTime="94000" palette="8"/>
        <Effect ref="56" name="Bars" id="42" startTime="94000" endTime="97900" palette="28"/>
        <Effect ref="26" name="Snowstorm" id="43" startTime="97900" endTime="98450" palette="12"/>
        <Effect ref="56" name="Bars" id="44" startTime="98450" endTime="102100" palette="28"/>
        <Effect ref="25" name="Bars" id="45" startTime="102100" endTime="102600" palette="9"/>
        <Effect ref="56" name="Bars" id="46" startTime="102600" endTime="105100" palette="28"/>
        <Effect ref="25" name="Bars" id="47" startTime="105100" endTime="105900" palette="12"/>
        <Effect ref="28" name="Tree" id="48" startTime="105900" endTime="120650" palette="12"/>
        <Effect ref="25" name="Bars" id="49" startTime="120650" endTime="121200" palette="16"/>
        <Effect ref="57" name="Bars" id="50" startTime="121200" endTime="123600" palette="28"/>
        <Effect ref="57" name="Bars" id="51" startTime="123600" endTime="124350" palette="28"/>
        <Effect ref="58" name="Bars" id="52" startTime="124350" endTime="125100" palette="28"/>
        <Effect ref="57" name="Bars" id="53" startTime="125100" endTime="126550" palette="28"/>
        <Effect ref="58" name="Bars" id="54" startTime="126550" endTime="127300" palette="28"/>
        <Effect ref="57" name="Bars" id="55" startTime="127300" endTime="128750" palette="28"/>
        <Effect ref="58" name="Bars" id="56" startTime="128750" endTime="129550" palette="28"/>
        <Effect ref="57" name="Bars" id="57" startTime="129550" endTime="132650" palette="28"/>
        <Effect ref="58" name="Bars" id="58" startTime="132650" endTime="137650" palette="28"/>
        <Effect ref="35" name="Off" id="59" startTime="137650" endTime="140150" palette="14"/>
        <Effect ref="25" name="Bars" id="60" startTime="140150" endTime="140900" palette="14"/>
        <Effect ref="26" name="Snowstorm" id="61" startTime="140900" endTime="143200" palette="12"/>
        <Effect ref="65" name="Butterfly" id="62" startTime="143200" endTime="157250" palette="28"/>
        <Effect ref="12" name="Off" id="63" startTime="157250" endTime="157550" palette="16"/>
        <Effect ref="37" name="Bars" id="64" startTime="157550" endTime="158300" palette="16"/>
        <Effect ref="37" name="Bars" id="65" startTime="158300" endTime="159100" palette="12"/>
        <Effect ref="66" name="Spirals" id="66" startTime="159100" endTime="173150" palette="15"/>
        <Effect ref="39" name="Bars" id="67" startTime="173150" endTime="174000" palette="17"/>
        <Effect ref="39" name="Bars" id="68" startTime="174000" endTime="174800" palette="18"/>
        <Effect ref="40" name="Spirals" id="69" startTime="174800" endTime="176250" palette="19"/>
        <Effect ref="39" name="Bars" id="70" startTime="176250" endTime="176650" palette="17"/>
        <Effect ref="39" name="Bars" id="71" startTime="176650" endTime="177400" palette="18"/>
        <Effect ref="67" name="Plasma" id="72" startTime="177450" endTime="183750" palette="21"/>
      </EffectLayer>
      <EffectLayer>
        <Effect ref="43" name="Tree" startTime="30550" endTime="31300" palette="22"/>
        <Effect ref="44" name="Tree" id="1" startTime="31300" endTime="32950" palette="22"/>
        <Effect ref="12" name="Off" id="2" startTime="48650" endTime="49400" palette="23"/>
        <Effect ref="12" name="Off" id="3" startTime="73450" endTime="74450" palette="24"/>
        <Effect ref="12" name="Off" id="4" startTime="74450" endTime="75100" palette="24"/>
        <Effect ref="12" name="Off" id="5" startTime="75100" endTime="77500" palette="24"/>
        <Effect ref="12" name="Off" id="6" startTime="87050" endTime="92250" palette="24"/>
        <Effect ref="12" name="Off" id="7" startTime="92250" endTime="92550" palette="24"/>
        <Effect ref="12" name="Off" id="8" startTime="157250" endTime="157550" palette="24"/>
        <Effect ref="12" name="Off" id="9" startTime="157550" endTime="158300" palette="24"/>
        <Effect ref="12" name="Off" id="10" startTime="158300" endTime="159100" palette="24"/>
        <Effect ref="48" name="Off" id="11" startTime="173150" endTime="174000" palette="17"/>
        <Effect ref="48" name="Off" id="12" startTime="174000" endTime="174800" palette="17"/>
        <Effect ref="48" name="Off" id="13" startTime="174800" endTime="176250" palette="25"/>
        <Effect ref="48" name="Off" id="14" startTime="176250" endTime="176650" palette="17"/>
        <Effect ref="48" name="Off" id="15" startTime="176650" endTime="177400" palette="17"/>
      </EffectLayer>
    </Element>
    <Element type="model" name="Big Star">
      <EffectLayer>
        <Effect ref="49" name="Twinkle" startTime="0" endTime="20250" palette="1"/>
        <Effect ref="13" name="Bars" id="1" startTime="20250" endTime="20600" palette="26"/>
        <Effect ref="50" name="Twinkle" id="2" startTime="20600" endTime="23150" palette="27"/>
        <Effect ref="51" name="Bars" id="3" startTime="23150" endTime="23900" palette="4"/>
        <Effect ref="50" name="Twinkle" id="4" startTime="23900" endTime="24600" palette="5"/>
        <Effect ref="51" name="Bars" id="5" startTime="24600" endTime="26100" palette="4"/>
        <Effect ref="50" name="Twinkle" id="6" startTime="26100" endTime="26850" palette="5"/>
        <Effect ref="51" name="Bars" id="7" startTime="26850" endTime="28300" palette="4"/>
        <Effect ref="50" name="Twinkle" id="8" startTime="28300" endTime="29050" palette="5"/>
        <Effect ref="51" name="Bars" id="9" startTime="29050" endTime="30550" palette="4"/>
        <Effect ref="8" name="Circles" id="10" startTime="30550" endTime="31300" palette="6"/>
        <Effect ref="9" name="Circles" id="11" startTime="31300" endTime="32950" palette="6"/>
        <Effect ref="68" name="Spirals" id="12" startTime="32950" endTime="43350" palette="29"/>
        <Effect ref="69" name="Spirals" id="13" startTime="43350" endTime="48650" palette="7"/>
        <Effect ref="12" name="Off" id="14" startTime="48650" endTime="49400" palette="7"/>
        <Effect ref="13" name="Bars" id="15" startTime="49400" endTime="50100" palette="8"/>
        <Effect ref="13" name="Bars" id="16" startTime="50100" endTime="50900" palette="9"/>
        <Effect ref="14" name="Spirals" id="17" startTime="50900" endTime="52300" palette="10"/>
        <Effect ref="13" name="Bars" id="18" startTime="52300" endTime="53100" palette="8"/>
        <Effect ref="54" name="Spirals" id="19" startTime="53100" endTime="54550" palette="10"/>
        <Effect ref="13" name="Bars" id="20" startTime="54550" endTime="55300" palette="9"/>
        <Effect ref="63" name="Spirals" id="21" startTime="55300" endTime="59000" palette="10"/>
        <Effect ref="13" name="Bars" id="22" startTime="59000" endTime="59250" palette="8"/>
        <Effect ref="13" name="Bars" id="23" startTime="59250" endTime="59650" palette="9"/>
        <Effect ref="16" name="Tree" id="24" startTime="59650" endTime="61900" palette="12"/>
        <Effect ref="13" name="Bars" id="25" startTime="61900" endTime="62700" palette="8"/>
        <Effect ref="13" name="Bars" id="26" startTime="62700" endTime="63500" palette="9"/>
        <Effect ref="17" name="Spirals" id="27" startTime="63500" endTime="64900" palette="14"/>
        <Effect ref="13" name="Bars" id="28" startTime="64900" endTime="65650" palette="9"/>
        <Effect ref="18" name="Spirals" id="29" startTime="65650" endTime="67100" palette="14"/>
        <Effect ref="13" name="Bars" id="30" startTime="67100" endTime="67900" palette="9"/>
        <Effect ref="19" name="Circles" id="31" startTime="67900" endTime="69200" palette="14"/>
        <Effect ref="20" name="Circles" id="32" startTime="69200" endTime="70300" palette="14"/>
        <Effect ref="21" name="Circles" id="33" startTime="70300" endTime="73450" palette="14"/>
        <Effect ref="12" name="Off" id="34" startTime="73450" endTime="74450" palette="14"/>
        <Effect ref="22" name="Bars" id="35" startTime="74450" endTime="75100" palette="9"/>
        <Effect ref="12" name="Off" id="36" startTime="75100" endTime="77500" palette="9"/>
        <Effect ref="70" name="Spirals" id="37" startTime="77500" endTime="87050" palette="14"/>
        <Effect ref="24" name="Spirals" id="38" startTime="87050" endTime="92250" palette="14"/>
        <Effect ref="12" name="Off" id="39" startTime="92250" endTime="92550" palette="14"/>
        <Effect ref="25" name="Bars" id="40" startTime="92550" endTime="93250" palette="5"/>
        <Effect ref="25" name="Bars" id="41" startTime="93250" endTime="94000" palette="8"/>
        <Effect ref="56" name="Bars" id="42" startTime="94000" endTime="97900" palette="28"/>
        <Effect ref="26" name="Snowstorm" id="43" startTime="97900" endTime="98450" palette="12"/>
        <Effect ref="56" name="Bars" id="44" startTime="98450" endTime="102100" palette="28"/>
        <Effect ref="25" name="Bars" id="45" startTime="102100" endTime="102600" palette="9"/>
        <Effect ref="56" name="Bars" id="46" startTime="102600" endTime="105100" palette="28"/>
        <Effect ref="25" name="Bars" id="47" startTime="105100" endTime="105900" palette="12"/>
        <Effect ref="28" name="Tree" id="48" startTime="105900" endTime="120650" palette="12"/>
        <Effect ref="25" name="Bars" id="49" startTime="120650" endTime="121200" palette="16"/>
        <Effect ref="57" name="Bars" id="50" startTime="121200" endTime="123600" palette="28"/>
        <Effect ref="57" name="Bars" id="51" startTime="123600" endTime="124350" palette="28"/>
        <Effect ref="58" name="Bars" id="52" startTime="124350" endTime="125100" palette="28"/>
        <Effect ref="57" name="Bars" id="53" startTime="125100" endTime="126550" palette="28"/>
        <Effect ref="58" name="Bars" id="54" startTime="126550" endTime="127300" palette="28"/>
        <Effect ref="57" name="Bars" id="55" startTime="127300" endTime="128750" palette="28"/>
        <Effect ref="58" name="Bars" id="56" startTime="128750" endTime="129550" palette="28"/>
        <Effect ref="57" name="Bars" id="57" startTime="129550" endTime="132650" palette="28"/>
        <Effect ref="58" name="Bars" id="58" startTime="132650" endTime="137650" palette="28"/>
        <Effect ref="35" name="Off" id="59" startTime="137650" endTime="140150" palette="14"/>
        <Effect ref="25" name="Bars" id="60" startTime="140150" endTime="140900" palette="14"/>
        <Effect ref="26" name="Snowstorm" id="61" startTime="140900" endTime="143200" palette="12"/>
        <Effect ref="12" name="Off" id="62" startTime="157250" endTime="157550" palette="16"/>
        <Effect ref="37" name="Bars" id="63" startTime="157550" endTime="158300" palette="16"/>
        <Effect ref="37" name="Bars" id="64" startTime="158300" endTime="159100" palette="12"/>
        <Effect ref="71" name="Spirals" id="65" startTime="159100" endTime="173150" palette="15"/>
        <Effect ref="39" name="Bars" id="66" startTime="173150" endTime="174000" palette="17"/>
        <Effect ref="39" name="Bars" id="67" startTime="174000" endTime="174800" palette="18"/>
        <Effect ref="40" name="Spirals" id="68" startTime="174800" endTime="176250" palette="19"/>
        <Effect ref="39" name="Bars" id="69" startTime="176250" endTime="176650" palette="17"/>
        <Effect ref="39" name="Bars" id="70" startTime="176650" endTime="177400" palette="18"/>
        <Effect ref="67" name="Plasma" id="71" startTime="177450" endTime="183750" palette="21"/>
      </EffectLayer>
      <EffectLayer>
        <Effect ref="43" name="Tree" startTime="30550" endTime="31300" palette="22"/>
        <Effect ref="44" name="Tree" id="1" startTime="31300" endTime="32950" palette="22"/>
        <Effect ref="12" name="Off" id="2" startTime="48650" endTime="49400" palette="23"/>
        <Effect ref="12" name="Off" id="3" startTime="73450" endTime="74450" palette="24"/>
        <Effect ref="12" name="Off" id="4" startTime="74450" endTime="75100" palette="24"/>
        <Effect ref="12" name="Off" id="5" startTime="75100" endTime="77500" palette="24"/>
        <Effect ref="12" name="Off" id="6" startTime="87050" endTime="92250" palette="24"/>
        <Effect ref="12" name="Off" id="7" startTime="92250" endTime="92550" palette="24"/>
        <Effect ref="12" name="Off" id="8" startTime="157250" endTime="157550" palette="24"/>
        <Effect ref="12" name="Off" id="9" startTime="157550" endTime="158300" palette="24"/>
        <Effect ref="12" name="Off" id="10" startTime="158300" endTime="159100" palette="24"/>
        <Effect ref="48" name="Off" id="11" startTime="173150" endTime="174000" palette="17"/>
        <Effect ref="48" name="Off" id="12" startTime="174000" endTime="174800" palette="17"/>
        <Effect ref="48" name="Off" id="13" startTime="174800" endTime="176250" palette="25"/>
        <Effect ref="48" name="Off" id="14" startTime="176250" endTime="176650" palette="17"/>
        <Effect ref="48" name="Off" id="15" startTime="176650" endTime="177400" palette="17"/>
      </EffectLayer>
    </Element>
  </ElementEffects>
  <lastView>0</lastView>
</xsequence>
