<?xml version="1.0" encoding="UTF-8"?>
<xsequence BaseChannel="0" ChanCtrlBasic="0" ChanCtrlColor="0" FixedPointTiming="1">
  <head>
    <version>4.2.24</version>
    <author/>
    <author-email/>
    <author-website/>
    <song/>
    <artist/>
    <album/>
    <MusicURL/>
    <comment/>
    <sequenceTiming>50 ms</sequenceTiming>
    <sequenceType>Media</sequenceType>
    <mediaFile>/home/cjd/Owncloud/Lights/Media/Wizards In Winter [Instrumental].mp3</mediaFile>
    <sequenceDuration>186.674</sequenceDuration>
    <imageDir/>
  </head>
  <nextid>312</nextid>
  <ColorPalettes>
    <ColorPalette>C_BUTTON_Palette1=#FF0000,C_BUTTON_Palette2=#00FF00,C_BUTTON_Palette3=#0000FF,C_BUTTON_Palette4=#FFFF00,C_BUTTON_Palette5=#FFFFFF,C_BUTTON_Palette6=#000000,C_CHECKBOX_Palette1=1,C_CHECKBOX_Palette2=1,C_CHECKBOX_Palette3=1,C_CHECKBOX_Palette4=0,C_CHECKBOX_Palette5=1,C_CHECKBOX_Palette6=0,C_SLIDER_Brightness=100,C_SLIDER_Contrast=0,C_SLIDER_SparkleFrequency=190</ColorPalette>
    <ColorPalette>C_BUTTON_Palette1=#FF0000,C_BUTTON_Palette2=#00FF00,C_BUTTON_Palette3=#0000FF,C_BUTTON_Palette4=#FFFF00,C_BUTTON_Palette5=#FFFFFF,C_BUTTON_Palette6=#000000,C_CHECKBOX_Palette1=1,C_CHECKBOX_Palette2=1,C_CHECKBOX_Palette3=1,C_CHECKBOX_Palette4=1,C_CHECKBOX_Palette5=1,C_CHECKBOX_Palette6=0,C_SLIDER_Brightness=100,C_SLIDER_Contrast=0,C_SLIDER_SparkleFrequency=0</ColorPalette>
    <ColorPalette>C_BUTTON_Palette1=#FF0000,C_BUTTON_Palette2=#00FF00,C_BUTTON_Palette3=#0000FF,C_BUTTON_Palette4=#FFFF00,C_BUTTON_Palette5=#FFFFFF,C_BUTTON_Palette6=#000000,C_CHECKBOX_Palette1=1,C_CHECKBOX_Palette2=1,C_CHECKBOX_Palette3=0,C_CHECKBOX_Palette4=0,C_CHECKBOX_Palette5=0,C_CHECKBOX_Palette6=0,C_SLIDER_Brightness=100,C_SLIDER_Contrast=0,C_SLIDER_SparkleFrequency=0</ColorPalette>
    <ColorPalette>C_BUTTON_Palette1=#FF0000,C_BUTTON_Palette2=#00FF00,C_BUTTON_Palette3=#0000FF,C_BUTTON_Palette4=#FFFF00,C_BUTTON_Palette5=#FFFFFF,C_BUTTON_Palette6=#000000,C_CHECKBOX_Palette1=0,C_CHECKBOX_Palette2=1,C_CHECKBOX_Palette3=1,C_CHECKBOX_Palette4=0,C_CHECKBOX_Palette5=0,C_CHECKBOX_Palette6=0,C_SLIDER_Brightness=100,C_SLIDER_Contrast=0,C_SLIDER_SparkleFrequency=0</ColorPalette>
    <ColorPalette>C_BUTTON_Palette1=#FF0000,C_BUTTON_Palette2=#00FF00,C_BUTTON_Palette3=#0000FF,C_BUTTON_Palette4=#FFFF00,C_BUTTON_Palette5=#FFFFFF,C_BUTTON_Palette6=#000000,C_CHECKBOX_Palette1=1,C_CHECKBOX_Palette2=1,C_CHECKBOX_Palette3=1,C_CHECKBOX_Palette4=1,C_CHECKBOX_Palette5=1,C_CHECKBOX_Palette6=0,C_SLIDER_Brightness=143,C_SLIDER_Contrast=0,C_SLIDER_SparkleFrequency=0</ColorPalette>
    <ColorPalette>C_BUTTON_Palette1=#FF0000,C_BUTTON_Palette2=#00FF00,C_BUTTON_Palette3=#0000FF,C_BUTTON_Palette4=#FFFF00,C_BUTTON_Palette5=#FFFFFF,C_BUTTON_Palette6=#000000,C_CHECKBOX_Palette1=1,C_CHECKBOX_Palette2=0,C_CHECKBOX_Palette3=0,C_CHECKBOX_Palette4=1,C_CHECKBOX_Palette5=0,C_CHECKBOX_Palette6=0,C_SLIDER_Brightness=100,C_SLIDER_Contrast=0,C_SLIDER_SparkleFrequency=0</ColorPalette>
    <ColorPalette>C_BUTTON_Palette1=#FF0000,C_BUTTON_Palette2=#00FF00,C_BUTTON_Palette3=#0000FF,C_BUTTON_Palette4=#FFFF00,C_BUTTON_Palette5=#FFFFFF,C_BUTTON_Palette6=#000000,C_CHECKBOX_Palette1=0,C_CHECKBOX_Palette2=1,C_CHECKBOX_Palette3=1,C_CHECKBOX_Palette4=0,C_CHECKBOX_Palette5=1,C_CHECKBOX_Palette6=1,C_SLIDER_Brightness=135,C_SLIDER_Contrast=0,C_SLIDER_SparkleFrequency=158</ColorPalette>
    <ColorPalette>C_BUTTON_Palette1=#FF0000,C_BUTTON_Palette2=#00FF00,C_BUTTON_Palette3=#0000FF,C_BUTTON_Palette4=#FFFF00,C_BUTTON_Palette5=#FFFFFF,C_BUTTON_Palette6=#000000,C_CHECKBOX_Palette1=1,C_CHECKBOX_Palette2=0,C_CHECKBOX_Palette3=1,C_CHECKBOX_Palette4=0,C_CHECKBOX_Palette5=0,C_CHECKBOX_Palette6=0,C_SLIDER_Brightness=100,C_SLIDER_Contrast=0,C_SLIDER_SparkleFrequency=0</ColorPalette>
    <ColorPalette>C_BUTTON_Palette1=#FF0000,C_BUTTON_Palette2=#00FF00,C_BUTTON_Palette3=#0000FF,C_BUTTON_Palette4=#FFFF00,C_BUTTON_Palette5=#FFFFFF,C_BUTTON_Palette6=#000000,C_CHECKBOX_Palette1=1,C_CHECKBOX_Palette2=0,C_CHECKBOX_Palette3=1,C_CHECKBOX_Palette4=0,C_CHECKBOX_Palette5=0,C_CHECKBOX_Palette6=0,C_SLIDER_Brightness=227,C_SLIDER_Contrast=0,C_SLIDER_SparkleFrequency=0</ColorPalette>
    <ColorPalette>C_BUTTON_Palette1=#FF0000,C_BUTTON_Palette2=#00FF00,C_BUTTON_Palette3=#0000FF,C_BUTTON_Palette4=#FFFF00,C_BUTTON_Palette5=#FFFFFF,C_BUTTON_Palette6=#000000,C_CHECKBOX_Palette1=0,C_CHECKBOX_Palette2=0,C_CHECKBOX_Palette3=0,C_CHECKBOX_Palette4=0,C_CHECKBOX_Palette5=1,C_CHECKBOX_Palette6=0,C_SLIDER_Brightness=100,C_SLIDER_Contrast=0,C_SLIDER_SparkleFrequency=0</ColorPalette>
    <ColorPalette>C_BUTTON_Palette1=#FF0000,C_BUTTON_Palette2=#8000FF,C_BUTTON_Palette3=#008080,C_BUTTON_Palette4=#0000FF,C_BUTTON_Palette5=#FFFFFF,C_BUTTON_Palette6=#000000,C_CHECKBOX_Palette1=1,C_CHECKBOX_Palette2=1,C_CHECKBOX_Palette3=1,C_CHECKBOX_Palette4=1,C_CHECKBOX_Palette5=0,C_CHECKBOX_Palette6=0,C_SLIDER_Brightness=100,C_SLIDER_Contrast=0,C_SLIDER_SparkleFrequency=0</ColorPalette>
    <ColorPalette>C_BUTTON_Palette1=#FF0000,C_BUTTON_Palette2=#FF0000,C_BUTTON_Palette3=#FFFFFF,C_BUTTON_Palette4=#8000FF,C_BUTTON_Palette5=#00FF00,C_BUTTON_Palette6=#0000FF,C_CHECKBOX_Palette1=1,C_CHECKBOX_Palette2=0,C_CHECKBOX_Palette3=0,C_CHECKBOX_Palette4=1,C_CHECKBOX_Palette5=1,C_CHECKBOX_Palette6=1,C_SLIDER_Brightness=143,C_SLIDER_Contrast=0,C_SLIDER_SparkleFrequency=0</ColorPalette>
    <ColorPalette>C_BUTTON_Palette1=#FF0000,C_BUTTON_Palette2=#00FF00,C_BUTTON_Palette3=#0000FF,C_BUTTON_Palette4=#FFFF00,C_BUTTON_Palette5=#FFFFFF,C_BUTTON_Palette6=#000000,C_CHECKBOX_Palette1=1,C_CHECKBOX_Palette2=1,C_CHECKBOX_Palette3=0,C_CHECKBOX_Palette4=0,C_CHECKBOX_Palette5=1,C_CHECKBOX_Palette6=0,C_SLIDER_Brightness=100,C_SLIDER_Contrast=0,C_SLIDER_SparkleFrequency=0</ColorPalette>
    <ColorPalette>C_BUTTON_Palette1=#FF0000,C_BUTTON_Palette2=#00FF00,C_BUTTON_Palette3=#0000FF,C_BUTTON_Palette4=#FFFF00,C_BUTTON_Palette5=#FFFFFF,C_BUTTON_Palette6=#000000,C_CHECKBOX_Palette1=0,C_CHECKBOX_Palette2=0,C_CHECKBOX_Palette3=1,C_CHECKBOX_Palette4=1,C_CHECKBOX_Palette5=1,C_CHECKBOX_Palette6=1,C_SLIDER_Brightness=236,C_SLIDER_Contrast=0,C_SLIDER_SparkleFrequency=183</ColorPalette>
    <ColorPalette>C_BUTTON_Palette1=#FF0000,C_BUTTON_Palette2=#00FF00,C_BUTTON_Palette3=#0000FF,C_BUTTON_Palette4=#FFFF00,C_BUTTON_Palette5=#FFFFFF,C_BUTTON_Palette6=#000000,C_CHECKBOX_Palette1=0,C_CHECKBOX_Palette2=1,C_CHECKBOX_Palette3=1,C_CHECKBOX_Palette4=1,C_CHECKBOX_Palette5=0,C_CHECKBOX_Palette6=0,C_SLIDER_Brightness=153,C_SLIDER_Contrast=0,C_SLIDER_SparkleFrequency=0</ColorPalette>
    <ColorPalette>C_BUTTON_Palette1=#FF0000,C_BUTTON_Palette2=#00FF00,C_BUTTON_Palette3=#0000FF,C_BUTTON_Palette4=#FFFF00,C_BUTTON_Palette5=#FFFFFF,C_BUTTON_Palette6=#000000,C_CHECKBOX_Palette1=1,C_CHECKBOX_Palette2=0,C_CHECKBOX_Palette3=1,C_CHECKBOX_Palette4=0,C_CHECKBOX_Palette5=1,C_CHECKBOX_Palette6=0,C_SLIDER_Brightness=100,C_SLIDER_Contrast=0,C_SLIDER_SparkleFrequency=0</ColorPalette>
    <ColorPalette>C_BUTTON_Palette1=#FF0000,C_BUTTON_Palette2=#00FF00,C_BUTTON_Palette3=#0000FF,C_BUTTON_Palette4=#FFFF00,C_BUTTON_Palette5=#FFFFFF,C_BUTTON_Palette6=#000000,C_CHECKBOX_Palette1=1,C_CHECKBOX_Palette2=0,C_CHECKBOX_Palette3=1,C_CHECKBOX_Palette4=0,C_CHECKBOX_Palette5=1,C_CHECKBOX_Palette6=1,C_SLIDER_Brightness=212,C_SLIDER_Contrast=0,C_SLIDER_SparkleFrequency=73</ColorPalette>
    <ColorPalette>C_BUTTON_Palette1=#FF0000,C_BUTTON_Palette2=#00FF00,C_BUTTON_Palette3=#0000FF,C_BUTTON_Palette4=#FFFF00,C_BUTTON_Palette5=#FFFFFF,C_BUTTON_Palette6=#000000,C_CHECKBOX_Palette1=1,C_CHECKBOX_Palette2=1,C_CHECKBOX_Palette3=0,C_CHECKBOX_Palette4=1,C_CHECKBOX_Palette5=0,C_CHECKBOX_Palette6=0,C_SLIDER_Brightness=100,C_SLIDER_Contrast=0,C_SLIDER_SparkleFrequency=0</ColorPalette>
    <ColorPalette>C_BUTTON_Palette1=#FF0000,C_BUTTON_Palette2=#00FF00,C_BUTTON_Palette3=#0000FF,C_BUTTON_Palette4=#8000FF,C_BUTTON_Palette5=#FFFFFF,C_BUTTON_Palette6=#000000,C_CHECKBOX_Palette1=1,C_CHECKBOX_Palette2=1,C_CHECKBOX_Palette3=1,C_CHECKBOX_Palette4=1,C_CHECKBOX_Palette5=0,C_CHECKBOX_Palette6=0,C_SLIDER_Brightness=100,C_SLIDER_Contrast=0,C_SLIDER_SparkleFrequency=0</ColorPalette>
    <ColorPalette>C_BUTTON_Palette1=#FF0000,C_BUTTON_Palette2=#00FF00,C_BUTTON_Palette3=#0000FF,C_BUTTON_Palette4=#8000FF,C_BUTTON_Palette5=#FFFFFF,C_BUTTON_Palette6=#000000,C_CHECKBOX_Palette1=1,C_CHECKBOX_Palette2=1,C_CHECKBOX_Palette3=1,C_CHECKBOX_Palette4=1,C_CHECKBOX_Palette5=0,C_CHECKBOX_Palette6=0,C_SLIDER_Brightness=153,C_SLIDER_Contrast=0,C_SLIDER_SparkleFrequency=0</ColorPalette>
    <ColorPalette>C_BUTTON_Palette1=#FF0000,C_BUTTON_Palette2=#00FF00,C_BUTTON_Palette3=#0000FF,C_BUTTON_Palette4=#FFFF00,C_BUTTON_Palette5=#FFFFFF,C_BUTTON_Palette6=#000000,C_CHECKBOX_Palette1=1,C_CHECKBOX_Palette2=1,C_CHECKBOX_Palette3=1,C_CHECKBOX_Palette4=1,C_CHECKBOX_Palette5=0,C_CHECKBOX_Palette6=0,C_SLIDER_Brightness=100,C_SLIDER_Contrast=0,C_SLIDER_SparkleFrequency=0</ColorPalette>
    <ColorPalette>C_BUTTON_Palette1=#FF0000,C_BUTTON_Palette2=#00FF00,C_BUTTON_Palette3=#0000FF,C_BUTTON_Palette4=#FFFF00,C_BUTTON_Palette5=#FFFFFF,C_BUTTON_Palette6=#000000,C_CHECKBOX_Palette1=1,C_CHECKBOX_Palette2=0,C_CHECKBOX_Palette3=0,C_CHECKBOX_Palette4=0,C_CHECKBOX_Palette5=0,C_CHECKBOX_Palette6=0,C_SLIDER_Brightness=168,C_SLIDER_Contrast=0,C_SLIDER_SparkleFrequency=0</ColorPalette>
    <ColorPalette>C_BUTTON_Palette1=#FF00FF,C_BUTTON_Palette2=#8000FF,C_BUTTON_Palette3=#0000FF,C_BUTTON_Palette4=#FF8040,C_BUTTON_Palette5=#FFFFFF,C_BUTTON_Palette6=#000000,C_CHECKBOX_Palette1=1,C_CHECKBOX_Palette2=1,C_CHECKBOX_Palette3=1,C_CHECKBOX_Palette4=1,C_CHECKBOX_Palette5=1,C_CHECKBOX_Palette6=0,C_SLIDER_Brightness=100,C_SLIDER_Contrast=0,C_SLIDER_SparkleFrequency=0</ColorPalette>
    <ColorPalette>C_BUTTON_Palette1=#FF0000,C_BUTTON_Palette2=#00FF00,C_BUTTON_Palette3=#0000FF,C_BUTTON_Palette4=#FFFF00,C_BUTTON_Palette5=#FFFFFF,C_BUTTON_Palette6=#000000,C_CHECKBOX_Palette1=0,C_CHECKBOX_Palette2=1,C_CHECKBOX_Palette3=0,C_CHECKBOX_Palette4=0,C_CHECKBOX_Palette5=0,C_CHECKBOX_Palette6=0,C_SLIDER_Brightness=153,C_SLIDER_Contrast=0,C_SLIDER_SparkleFrequency=0</ColorPalette>
    <ColorPalette>C_BUTTON_Palette1=#FF00FF,C_BUTTON_Palette2=#8000FF,C_BUTTON_Palette3=#0000FF,C_BUTTON_Palette4=#FFFF00,C_BUTTON_Palette5=#FFFFFF,C_BUTTON_Palette6=#000000,C_CHECKBOX_Palette1=1,C_CHECKBOX_Palette2=1,C_CHECKBOX_Palette3=1,C_CHECKBOX_Palette4=1,C_CHECKBOX_Palette5=0,C_CHECKBOX_Palette6=0,C_SLIDER_Brightness=148,C_SLIDER_Contrast=0,C_SLIDER_SparkleFrequency=0</ColorPalette>
    <ColorPalette>C_BUTTON_Palette1=#FF0000,C_BUTTON_Palette2=#00FF00,C_BUTTON_Palette3=#0000FF,C_BUTTON_Palette4=#FFFF00,C_BUTTON_Palette5=#FFFFFF,C_BUTTON_Palette6=#000000,C_CHECKBOX_Palette1=1,C_CHECKBOX_Palette2=1,C_CHECKBOX_Palette3=1,C_CHECKBOX_Palette4=0,C_CHECKBOX_Palette5=0,C_CHECKBOX_Palette6=0,C_SLIDER_Brightness=163,C_SLIDER_Contrast=0,C_SLIDER_SparkleFrequency=0</ColorPalette>
    <ColorPalette>C_BUTTON_Palette1=#FF80FF,C_BUTTON_Palette2=#8000FF,C_BUTTON_Palette3=#0000FF,C_BUTTON_Palette4=#FFFF00,C_BUTTON_Palette5=#FFFFFF,C_BUTTON_Palette6=#000000,C_CHECKBOX_Palette1=1,C_CHECKBOX_Palette2=1,C_CHECKBOX_Palette3=1,C_CHECKBOX_Palette4=1,C_CHECKBOX_Palette5=1,C_CHECKBOX_Palette6=0,C_SLIDER_Brightness=183,C_SLIDER_Contrast=0,C_SLIDER_SparkleFrequency=0</ColorPalette>
    <ColorPalette>C_BUTTON_Palette1=#FF0000,C_BUTTON_Palette2=#00FF00,C_BUTTON_Palette3=#0000FF,C_BUTTON_Palette4=#FFFF00,C_BUTTON_Palette5=#FFFFFF,C_BUTTON_Palette6=#000000,C_CHECKBOX_Palette1=1,C_CHECKBOX_Palette2=0,C_CHECKBOX_Palette3=1,C_CHECKBOX_Palette4=0,C_CHECKBOX_Palette5=1,C_CHECKBOX_Palette6=0,C_SLIDER_Brightness=207,C_SLIDER_Contrast=0,C_SLIDER_SparkleFrequency=0</ColorPalette>
    <ColorPalette>C_BUTTON_Palette1=#FF0000,C_BUTTON_Palette2=#00FF00,C_BUTTON_Palette3=#0000FF,C_BUTTON_Palette4=#FFFF00,C_BUTTON_Palette5=#FFFFFF,C_BUTTON_Palette6=#000000,C_CHECKBOX_Palette1=1,C_CHECKBOX_Palette2=1,C_CHECKBOX_Palette3=1,C_CHECKBOX_Palette4=0,C_CHECKBOX_Palette5=1,C_CHECKBOX_Palette6=0,C_SLIDER_Brightness=202,C_SLIDER_Contrast=0,C_SLIDER_SparkleFrequency=190</ColorPalette>
    <ColorPalette>C_BUTTON_Palette1=#FF0000,C_BUTTON_Palette2=#00FF00,C_BUTTON_Palette3=#0000FF,C_BUTTON_Palette4=#FFFF00,C_BUTTON_Palette5=#FFFFFF,C_BUTTON_Palette6=#000000,C_CHECKBOX_Palette1=0,C_CHECKBOX_Palette2=1,C_CHECKBOX_Palette3=1,C_CHECKBOX_Palette4=0,C_CHECKBOX_Palette5=0,C_CHECKBOX_Palette6=1,C_SLIDER_Brightness=168,C_SLIDER_Contrast=0,C_SLIDER_SparkleFrequency=87</ColorPalette>
    <ColorPalette>C_BUTTON_Palette1=#FF0000,C_BUTTON_Palette2=#00FF00,C_BUTTON_Palette3=#0000FF,C_BUTTON_Palette4=#FFFF00,C_BUTTON_Palette5=#FFFFFF,C_BUTTON_Palette6=#000000,C_CHECKBOX_Palette1=0,C_CHECKBOX_Palette2=0,C_CHECKBOX_Palette3=0,C_CHECKBOX_Palette4=0,C_CHECKBOX_Palette5=0,C_CHECKBOX_Palette6=0,C_SLIDER_Brightness=163,C_SLIDER_Contrast=0,C_SLIDER_SparkleFrequency=8</ColorPalette>
    <ColorPalette>C_BUTTON_Palette1=#FF0000,C_BUTTON_Palette2=#00FF00,C_BUTTON_Palette3=#0000FF,C_BUTTON_Palette4=#FFFF00,C_BUTTON_Palette5=#FFFFFF,C_BUTTON_Palette6=#000000,C_CHECKBOX_Palette1=0,C_CHECKBOX_Palette2=0,C_CHECKBOX_Palette3=0,C_CHECKBOX_Palette4=1,C_CHECKBOX_Palette5=0,C_CHECKBOX_Palette6=1,C_SLIDER_Brightness=135,C_SLIDER_Contrast=0,C_SLIDER_SparkleFrequency=158</ColorPalette>
    <ColorPalette>C_BUTTON_Palette1=#FF0000,C_BUTTON_Palette2=#00FF00,C_BUTTON_Palette3=#0000FF,C_BUTTON_Palette4=#FFFF00,C_BUTTON_Palette5=#FFFFFF,C_BUTTON_Palette6=#000000,C_CHECKBOX_Palette1=0,C_CHECKBOX_Palette2=0,C_CHECKBOX_Palette3=1,C_CHECKBOX_Palette4=0,C_CHECKBOX_Palette5=1,C_CHECKBOX_Palette6=0,C_SLIDER_Brightness=227,C_SLIDER_Contrast=0,C_SLIDER_SparkleFrequency=116</ColorPalette>
    <ColorPalette>C_BUTTON_Palette1=#FF0000,C_BUTTON_Palette2=#00FF00,C_BUTTON_Palette3=#0000FF,C_BUTTON_Palette4=#FFFF00,C_BUTTON_Palette5=#FFFFFF,C_BUTTON_Palette6=#000000,C_CHECKBOX_Palette1=1,C_CHECKBOX_Palette2=1,C_CHECKBOX_Palette3=0,C_CHECKBOX_Palette4=0,C_CHECKBOX_Palette5=0,C_CHECKBOX_Palette6=0,C_SLIDER_Brightness=236,C_SLIDER_Contrast=0,C_SLIDER_SparkleFrequency=183</ColorPalette>
    <ColorPalette>C_BUTTON_Palette1=#FF0000,C_BUTTON_Palette2=#00FF00,C_BUTTON_Palette3=#0000FF,C_BUTTON_Palette4=#FFFF00,C_BUTTON_Palette5=#FFFFFF,C_BUTTON_Palette6=#000000,C_CHECKBOX_Palette1=1,C_CHECKBOX_Palette2=0,C_CHECKBOX_Palette3=0,C_CHECKBOX_Palette4=1,C_CHECKBOX_Palette5=0,C_CHECKBOX_Palette6=1,C_SLIDER_Brightness=212,C_SLIDER_Contrast=0,C_SLIDER_SparkleFrequency=73</ColorPalette>
    <ColorPalette>C_BUTTON_Palette1=#FF0000,C_BUTTON_Palette2=#00FF00,C_BUTTON_Palette3=#0000FF,C_BUTTON_Palette4=#FFFF00,C_BUTTON_Palette5=#FFFFFF,C_BUTTON_Palette6=#000000,C_CHECKBOX_Palette1=1,C_CHECKBOX_Palette2=0,C_CHECKBOX_Palette3=1,C_CHECKBOX_Palette4=1,C_CHECKBOX_Palette5=1,C_CHECKBOX_Palette6=0,C_SLIDER_Brightness=163,C_SLIDER_Contrast=0,C_SLIDER_SparkleFrequency=108</ColorPalette>
    <ColorPalette>C_BUTTON_Palette1=#FF80FF,C_BUTTON_Palette2=#8000FF,C_BUTTON_Palette3=#0000FF,C_BUTTON_Palette4=#FFFF00,C_BUTTON_Palette5=#FFFFFF,C_BUTTON_Palette6=#000000,C_CHECKBOX_Palette1=1,C_CHECKBOX_Palette2=1,C_CHECKBOX_Palette3=1,C_CHECKBOX_Palette4=1,C_CHECKBOX_Palette5=0,C_CHECKBOX_Palette6=1,C_SLIDER_Brightness=163,C_SLIDER_Contrast=0,C_SLIDER_SparkleFrequency=8</ColorPalette>
    <ColorPalette>C_BUTTON_Palette1=#FF0000,C_BUTTON_Palette2=#00FF00,C_BUTTON_Palette3=#0000FF,C_BUTTON_Palette4=#FFFF00,C_BUTTON_Palette5=#FFFFFF,C_BUTTON_Palette6=#000000,C_CHECKBOX_Palette1=0,C_CHECKBOX_Palette2=1,C_CHECKBOX_Palette3=0,C_CHECKBOX_Palette4=0,C_CHECKBOX_Palette5=1,C_CHECKBOX_Palette6=0,C_SLIDER_Brightness=100,C_SLIDER_Contrast=0,C_SLIDER_SparkleFrequency=0</ColorPalette>
    <ColorPalette>C_BUTTON_Palette1=#FF0000,C_BUTTON_Palette2=#00FF00,C_BUTTON_Palette3=#0000FF,C_BUTTON_Palette4=#FFFF00,C_BUTTON_Palette5=#FFFFFF,C_BUTTON_Palette6=#000000,C_CHECKBOX_Palette1=0,C_CHECKBOX_Palette2=0,C_CHECKBOX_Palette3=1,C_CHECKBOX_Palette4=0,C_CHECKBOX_Palette5=1,C_CHECKBOX_Palette6=0,C_SLIDER_Brightness=100,C_SLIDER_Contrast=0,C_SLIDER_SparkleFrequency=0</ColorPalette>
    <ColorPalette>C_BUTTON_Palette1=#FF0000,C_BUTTON_Palette2=#00FF00,C_BUTTON_Palette3=#0000FF,C_BUTTON_Palette4=#FFFF00,C_BUTTON_Palette5=#FFFFFF,C_BUTTON_Palette6=#000000,C_CHECKBOX_Palette1=1,C_CHECKBOX_Palette2=1,C_CHECKBOX_Palette3=1,C_CHECKBOX_Palette4=1,C_CHECKBOX_Palette5=1,C_CHECKBOX_Palette6=0,C_SLIDER_Brightness=172,C_SLIDER_Contrast=0,C_SLIDER_SparkleFrequency=0</ColorPalette>
    <ColorPalette>C_BUTTON_Palette1=#FF0000,C_BUTTON_Palette2=#00FF00,C_BUTTON_Palette3=#0000FF,C_BUTTON_Palette4=#FFFF00,C_BUTTON_Palette5=#FFFFFF,C_BUTTON_Palette6=#000000,C_CHECKBOX_Palette1=1,C_CHECKBOX_Palette2=0,C_CHECKBOX_Palette3=0,C_CHECKBOX_Palette4=0,C_CHECKBOX_Palette5=1,C_CHECKBOX_Palette6=0,C_SLIDER_Brightness=100,C_SLIDER_Contrast=0,C_SLIDER_SparkleFrequency=0</ColorPalette>
    <ColorPalette>C_BUTTON_Palette1=#FF0000,C_BUTTON_Palette2=#00FF00,C_BUTTON_Palette3=#0000FF,C_BUTTON_Palette4=#FFFF00,C_BUTTON_Palette5=#FFFFFF,C_BUTTON_Palette6=#000000,C_CHECKBOX_Palette1=1,C_CHECKBOX_Palette2=0,C_CHECKBOX_Palette3=1,C_CHECKBOX_Palette4=0,C_CHECKBOX_Palette5=1,C_CHECKBOX_Palette6=0,C_SLIDER_Brightness=172,C_SLIDER_Contrast=0,C_SLIDER_SparkleFrequency=0</ColorPalette>
    <ColorPalette>C_BUTTON_Palette1=#FF0000,C_BUTTON_Palette2=#00FF00,C_BUTTON_Palette3=#0000FF,C_BUTTON_Palette4=#FFFF00,C_BUTTON_Palette5=#FFFFFF,C_BUTTON_Palette6=#000000,C_CHECKBOX_Palette1=1,C_CHECKBOX_Palette2=1,C_CHECKBOX_Palette3=1,C_CHECKBOX_Palette4=0,C_CHECKBOX_Palette5=0,C_CHECKBOX_Palette6=0,C_SLIDER_Brightness=163,C_SLIDER_Contrast=0,C_SLIDER_SparkleFrequency=8</ColorPalette>
    <ColorPalette>C_BUTTON_Palette1=#FF0000,C_BUTTON_Palette2=#00FF00,C_BUTTON_Palette3=#0000FF,C_BUTTON_Palette4=#FFFF00,C_BUTTON_Palette5=#FFFFFF,C_BUTTON_Palette6=#000000,C_CHECKBOX_Palette1=1,C_CHECKBOX_Palette2=1,C_CHECKBOX_Palette3=1,C_CHECKBOX_Palette4=0,C_CHECKBOX_Palette5=1,C_CHECKBOX_Palette6=0,C_SLIDER_Brightness=100,C_SLIDER_Contrast=0,C_SLIDER_SparkleFrequency=0</ColorPalette>
    <ColorPalette>C_BUTTON_Palette1=#800080,C_BUTTON_Palette2=#00FF00,C_BUTTON_Palette3=#0000FF,C_BUTTON_Palette4=#FFFF00,C_BUTTON_Palette5=#FFFFFF,C_BUTTON_Palette6=#000000,C_CHECKBOX_Palette1=1,C_CHECKBOX_Palette2=0,C_CHECKBOX_Palette3=1,C_CHECKBOX_Palette4=1,C_CHECKBOX_Palette5=0,C_CHECKBOX_Palette6=0,C_SLIDER_Brightness=100,C_SLIDER_Contrast=0,C_SLIDER_SparkleFrequency=0</ColorPalette>
  </ColorPalettes>
  <EffectDB>
    <Effect>T_CHECKBOX_LayerMorph=0,T_CHECKBOX_OverlayBkg=0,T_CHOICE_LayerMethod=Effect 1,T_SLIDER_EffectLayerMix=0,T_TEXTCTRL_Fadein=0.00,T_TEXTCTRL_Fadeout=0.00</Effect>
    <Effect>E_CHECKBOX_Chase_3dFade1=0,E_CHECKBOX_Chase_Group_All=1,E_CHOICE_Chase_Type1=Dual Bounce,E_CHOICE_SingleStrand_Colors=Palette,E_CHOICE_Skips_Direction=Left,E_NOTEBOOK_SSEFFECT_TYPE=Chase,E_SLIDER_Color_Mix1=9,E_SLIDER_Number_Chases=3,E_SLIDER_Skips_Advance=13,E_SLIDER_Skips_BandSize=2,E_SLIDER_Skips_SkipSize=1,E_SLIDER_Skips_StartPos=1,E_TEXTCTRL_Chase_Rotations=1,T_CHECKBOX_LayerMorph=0,T_CHECKBOX_OverlayBkg=0,T_CHOICE_LayerMethod=Effect 1,T_SLIDER_EffectLayerMix=0,T_TEXTCTRL_Fadein=0.00,T_TEXTCTRL_Fadeout=0.00</Effect>
    <Effect>E_CHOICE_Garlands_Direction=Left,E_SLIDER_Garlands_Spacing=1,E_SLIDER_Garlands_Type=4,E_TEXTCTRL_Garlands_Cycles=1.0,T_CHECKBOX_LayerMorph=0,T_CHECKBOX_OverlayBkg=0,T_CHOICE_LayerMethod=Effect 1,T_SLIDER_EffectLayerMix=0,T_TEXTCTRL_Fadein=0.00,T_TEXTCTRL_Fadeout=0.00</Effect>
    <Effect>E_CHECKBOX_Spirals_3D=0,E_CHECKBOX_Spirals_Blend=0,E_CHECKBOX_Spirals_Grow=0,E_CHECKBOX_Spirals_Shrink=1,E_SLIDER_Spirals_Count=2,E_SLIDER_Spirals_Rotation=-143,E_SLIDER_Spirals_Thickness=60,E_TEXTCTRL_Spirals_Movement=-1.6,T_CHECKBOX_LayerMorph=0,T_CHECKBOX_OverlayBkg=0,T_CHOICE_LayerMethod=Effect 1,T_SLIDER_EffectLayerMix=0,T_TEXTCTRL_Fadein=0.00,T_TEXTCTRL_Fadeout=0.00</Effect>
    <Effect>E_CHECKBOX_Bars_3D=1,E_CHECKBOX_Bars_Highlight=1,E_CHOICE_Bars_Direction=up,E_SLIDER_Bars_BarCount=2,E_TEXTCTRL_Bars_Cycles=6.00,T_CHECKBOX_LayerMorph=0,T_CHECKBOX_OverlayBkg=0,T_CHOICE_LayerMethod=Layered,T_SLIDER_EffectLayerMix=0,T_TEXTCTRL_Fadein=0.00,T_TEXTCTRL_Fadeout=0.00</Effect>
    <Effect>E_CHOICE_Garlands_Direction=Left,E_SLIDER_Garlands_Spacing=11,E_SLIDER_Garlands_Type=4,E_TEXTCTRL_Garlands_Cycles=1.0,T_CHECKBOX_LayerMorph=0,T_CHECKBOX_OverlayBkg=0,T_CHOICE_LayerMethod=Effect 1,T_SLIDER_EffectLayerMix=0,T_TEXTCTRL_Fadein=0.00,T_TEXTCTRL_Fadeout=0.00</Effect>
    <Effect>E_CHECKBOX_Bars_3D=1,E_CHECKBOX_Bars_Highlight=0,E_CHOICE_Bars_Direction=expand,E_SLIDER_Bars_BarCount=2,E_TEXTCTRL_Bars_Cycles=2.00,T_CHECKBOX_LayerMorph=0,T_CHECKBOX_OverlayBkg=0,T_CHOICE_LayerMethod=Average,T_SLIDER_EffectLayerMix=0,T_TEXTCTRL_Fadein=0.00,T_TEXTCTRL_Fadeout=0.00</Effect>
    <Effect>E_CHECKBOX_Spirals_3D=1,E_CHECKBOX_Spirals_Blend=1,E_CHECKBOX_Spirals_Grow=0,E_CHECKBOX_Spirals_Shrink=0,E_SLIDER_Spirals_Count=2,E_SLIDER_Spirals_Rotation=50,E_SLIDER_Spirals_Thickness=16,E_TEXTCTRL_Spirals_Movement=-1.0,T_CHECKBOX_LayerMorph=0,T_CHECKBOX_OverlayBkg=0,T_CHOICE_LayerMethod=Layered,T_SLIDER_EffectLayerMix=0,T_TEXTCTRL_Fadein=0.00,T_TEXTCTRL_Fadeout=0.00</Effect>
    <Effect>E_CHECKBOX_Spirals_3D=1,E_CHECKBOX_Spirals_Blend=0,E_CHECKBOX_Spirals_Grow=0,E_CHECKBOX_Spirals_Shrink=0,E_SLIDER_Spirals_Count=4,E_SLIDER_Spirals_Rotation=91,E_SLIDER_Spirals_Thickness=100,E_TEXTCTRL_Spirals_Movement=-0.8,T_CHECKBOX_LayerMorph=0,T_CHECKBOX_OverlayBkg=0,T_CHOICE_LayerMethod=Effect 1,T_SLIDER_EffectLayerMix=0,T_TEXTCTRL_Fadein=0.00,T_TEXTCTRL_Fadeout=0.00</Effect>
    <Effect>E_CHOICE_Garlands_Direction=Left,E_SLIDER_Garlands_Spacing=7,E_SLIDER_Garlands_Type=4,E_TEXTCTRL_Garlands_Cycles=1.0,T_CHECKBOX_LayerMorph=0,T_CHECKBOX_OverlayBkg=0,T_CHOICE_LayerMethod=Effect 1,T_SLIDER_EffectLayerMix=0,T_TEXTCTRL_Fadein=0.00,T_TEXTCTRL_Fadeout=0.00</Effect>
    <Effect>E_CHECKBOX_Twinkle_ReRandom=0,E_CHECKBOX_Twinkle_Strobe=0,E_SLIDER_Twinkle_Count=55,E_SLIDER_Twinkle_Steps=98,T_CHECKBOX_LayerMorph=0,T_CHECKBOX_OverlayBkg=0,T_CHOICE_LayerMethod=1 is Unmask,T_SLIDER_EffectLayerMix=0,T_TEXTCTRL_Fadein=0.00,T_TEXTCTRL_Fadeout=0.00</Effect>
    <Effect>E_CHECKBOX_Twinkle_ReRandom=0,E_CHECKBOX_Twinkle_Strobe=0,E_SLIDER_Twinkle_Count=78,E_SLIDER_Twinkle_Steps=98,T_CHECKBOX_LayerMorph=0,T_CHECKBOX_OverlayBkg=0,T_CHOICE_LayerMethod=1 is Unmask,T_SLIDER_EffectLayerMix=0,T_TEXTCTRL_Fadein=0.00,T_TEXTCTRL_Fadeout=0.00</Effect>
    <Effect>E_CHECKBOX_Spirals_3D=1,E_CHECKBOX_Spirals_Blend=0,E_CHECKBOX_Spirals_Grow=1,E_CHECKBOX_Spirals_Shrink=0,E_SLIDER_Spirals_Count=1,E_SLIDER_Spirals_Rotation=20,E_SLIDER_Spirals_Thickness=43,E_TEXTCTRL_Spirals_Movement=4.00,T_CHECKBOX_LayerMorph=0,T_CHECKBOX_OverlayBkg=0,T_CHOICE_LayerMethod=Effect 2,T_SLIDER_EffectLayerMix=0,T_TEXTCTRL_Fadein=0.00,T_TEXTCTRL_Fadeout=0.00</Effect>
    <Effect>E_CHOICE_Butterfly_Colors=Palette,E_CHOICE_Butterfly_Direction=Reverse,E_SLIDER_Butterfly_Chunks=1,E_SLIDER_Butterfly_Skip=2,E_SLIDER_Butterfly_Speed=24,E_SLIDER_Butterfly_Style=1,T_CHECKBOX_LayerMorph=0,T_CHECKBOX_OverlayBkg=0,T_CHOICE_LayerMethod=Average,T_SLIDER_EffectLayerMix=0,T_TEXTCTRL_Fadein=0.00,T_TEXTCTRL_Fadeout=0.00</Effect>
    <Effect>E_CHECKBOX_Spirals_3D=1,E_CHECKBOX_Spirals_Blend=1,E_CHECKBOX_Spirals_Grow=0,E_CHECKBOX_Spirals_Shrink=0,E_SLIDER_Spirals_Count=2,E_SLIDER_Spirals_Rotation=39,E_SLIDER_Spirals_Thickness=16,E_TEXTCTRL_Spirals_Movement=-2.00,T_CHECKBOX_LayerMorph=0,T_CHECKBOX_OverlayBkg=0,T_CHOICE_LayerMethod=Layered,T_SLIDER_EffectLayerMix=0,T_TEXTCTRL_Fadein=0.00,T_TEXTCTRL_Fadeout=0.00</Effect>
    <Effect>E_CHOICE_Meteors_Effect=Left,E_CHOICE_Meteors_Type=Palette,E_SLIDER_Meteors_Count=48,E_SLIDER_Meteors_Length=27,E_SLIDER_Meteors_Speed=26,E_SLIDER_Meteors_Swirl_Intensity=0,T_CHECKBOX_LayerMorph=0,T_CHECKBOX_OverlayBkg=0,T_CHOICE_LayerMethod=Effect 1,T_SLIDER_EffectLayerMix=0,T_TEXTCTRL_Fadein=0.00,T_TEXTCTRL_Fadeout=0.00</Effect>
    <Effect>E_CHECKBOX_ColorWash_CircularPalette=1,E_CHECKBOX_ColorWash_HFade=1,E_CHECKBOX_ColorWash_VFade=0,E_TEXTCTRL_ColorWash_Cycles=3.00,T_CHECKBOX_LayerMorph=0,T_CHECKBOX_OverlayBkg=0,T_CHOICE_LayerMethod=Effect 1,T_SLIDER_EffectLayerMix=0,T_TEXTCTRL_Fadein=0.00,T_TEXTCTRL_Fadeout=0.00</Effect>
    <Effect>E_CHECKBOX_Spirals_3D=0,E_CHECKBOX_Spirals_Blend=0,E_CHECKBOX_Spirals_Grow=0,E_CHECKBOX_Spirals_Shrink=0,E_SLIDER_Spirals_Count=5,E_SLIDER_Spirals_Rotation=67,E_SLIDER_Spirals_Thickness=50,E_TEXTCTRL_Spirals_Movement=1.0,T_CHECKBOX_LayerMorph=1,T_CHECKBOX_OverlayBkg=0,T_CHOICE_LayerMethod=Effect 2,T_SLIDER_EffectLayerMix=0,T_TEXTCTRL_Fadein=0.00,T_TEXTCTRL_Fadeout=0.00</Effect>
    <Effect>E_CHECKBOX_Spirals_3D=0,E_CHECKBOX_Spirals_Blend=0,E_CHECKBOX_Spirals_Grow=0,E_CHECKBOX_Spirals_Shrink=0,E_SLIDER_Spirals_Count=5,E_SLIDER_Spirals_Rotation=124,E_SLIDER_Spirals_Thickness=100,E_TEXTCTRL_Spirals_Movement=0.2,T_CHECKBOX_LayerMorph=1,T_CHECKBOX_OverlayBkg=0,T_CHOICE_LayerMethod=1 is Unmask,T_SLIDER_EffectLayerMix=0,T_TEXTCTRL_Fadein=0.00,T_TEXTCTRL_Fadeout=0.00</Effect>
    <Effect>E_CHOICE_Butterfly_Colors=Rainbow,E_CHOICE_Butterfly_Direction=Normal,E_SLIDER_Butterfly_Chunks=1,E_SLIDER_Butterfly_Skip=2,E_SLIDER_Butterfly_Speed=10,E_SLIDER_Butterfly_Style=1,T_CHECKBOX_LayerMorph=0,T_CHECKBOX_OverlayBkg=0,T_CHOICE_LayerMethod=Effect 1,T_SLIDER_EffectLayerMix=0,T_TEXTCTRL_Fadein=0.00,T_TEXTCTRL_Fadeout=0.00</Effect>
    <Effect>E_CHECKBOX_Mirror_Wave=0,E_CHOICE_Fill_Colors=Rainbow,E_CHOICE_Wave_Direction=Right to Left,E_CHOICE_Wave_Type=Sine,E_SLIDER_Number_Waves=2663,E_SLIDER_Thickness_Percentage=63,E_SLIDER_Wave_Height=37,E_TEXTCTRL_Wave_Speed=20,T_CHECKBOX_LayerMorph=0,T_CHECKBOX_OverlayBkg=0,T_CHOICE_LayerMethod=Effect 1,T_SLIDER_EffectLayerMix=0,T_TEXTCTRL_Fadein=0.00,T_TEXTCTRL_Fadeout=0.00</Effect>
    <Effect>E_CHOICE_Meteors_Effect=Left,E_CHOICE_Meteors_Type=Palette,E_SLIDER_Meteors_Count=17,E_SLIDER_Meteors_Length=25,E_SLIDER_Meteors_Speed=11,E_SLIDER_Meteors_Swirl_Intensity=0,T_CHECKBOX_LayerMorph=0,T_CHECKBOX_OverlayBkg=0,T_CHOICE_LayerMethod=Effect 1,T_SLIDER_EffectLayerMix=0,T_TEXTCTRL_Fadein=0.00,T_TEXTCTRL_Fadeout=0.00</Effect>
    <Effect>E_CHECKBOX_Spirals_3D=0,E_CHECKBOX_Spirals_Blend=0,E_CHECKBOX_Spirals_Grow=0,E_CHECKBOX_Spirals_Shrink=0,E_SLIDER_Spirals_Count=5,E_SLIDER_Spirals_Rotation=124,E_SLIDER_Spirals_Thickness=100,E_TEXTCTRL_Spirals_Movement=-1.4,T_CHECKBOX_LayerMorph=1,T_CHECKBOX_OverlayBkg=0,T_CHOICE_LayerMethod=1 reveals 2,T_SLIDER_EffectLayerMix=0,T_TEXTCTRL_Fadein=0.00,T_TEXTCTRL_Fadeout=0.00</Effect>
    <Effect>E_CHECKBOX_Twinkle_ReRandom=0,E_CHECKBOX_Twinkle_Strobe=0,E_SLIDER_Twinkle_Count=80,E_SLIDER_Twinkle_Steps=59,T_CHECKBOX_LayerMorph=0,T_CHECKBOX_OverlayBkg=0,T_CHOICE_LayerMethod=Effect 1,T_SLIDER_EffectLayerMix=0,T_TEXTCTRL_Fadein=0.00,T_TEXTCTRL_Fadeout=0.00</Effect>
    <Effect>E_CHECKBOX_Twinkle_ReRandom=0,E_CHECKBOX_Twinkle_Strobe=0,E_SLIDER_Twinkle_Count=81,E_SLIDER_Twinkle_Steps=6,T_CHECKBOX_LayerMorph=0,T_CHECKBOX_OverlayBkg=0,T_CHOICE_LayerMethod=Effect 1,T_SLIDER_EffectLayerMix=0,T_TEXTCTRL_Fadein=0.00,T_TEXTCTRL_Fadeout=0.00</Effect>
    <Effect>E_CHECKBOX_Twinkle_ReRandom=0,E_CHECKBOX_Twinkle_Strobe=0,E_SLIDER_Twinkle_Count=53,E_SLIDER_Twinkle_Steps=7,T_CHECKBOX_LayerMorph=0,T_CHECKBOX_OverlayBkg=0,T_CHOICE_LayerMethod=Effect 1,T_SLIDER_EffectLayerMix=0,T_TEXTCTRL_Fadein=0.00,T_TEXTCTRL_Fadeout=0.00</Effect>
    <Effect>E_SLIDER_Fireworks_Count=50,E_SLIDER_Fireworks_Explosions=38,E_SLIDER_Fireworks_Fade=50,E_SLIDER_Fireworks_Velocity=2,T_CHECKBOX_LayerMorph=0,T_CHECKBOX_OverlayBkg=0,T_CHOICE_LayerMethod=Effect 1,T_SLIDER_EffectLayerMix=0,T_TEXTCTRL_Fadein=0.00,T_TEXTCTRL_Fadeout=0.00</Effect>
    <Effect>E_CHOICE_Garlands_Direction=Up,E_SLIDER_Garlands_Spacing=1,E_SLIDER_Garlands_Type=4,E_TEXTCTRL_Garlands_Cycles=1.0,T_CHECKBOX_LayerMorph=0,T_CHECKBOX_OverlayBkg=0,T_CHOICE_LayerMethod=Effect 1,T_SLIDER_EffectLayerMix=0,T_TEXTCTRL_Fadein=0.00,T_TEXTCTRL_Fadeout=0.00</Effect>
    <Effect>E_SLIDER_Fireworks_Count=50,E_SLIDER_Fireworks_Explosions=50,E_SLIDER_Fireworks_Fade=50,E_SLIDER_Fireworks_Velocity=2,T_CHECKBOX_LayerMorph=0,T_CHECKBOX_OverlayBkg=0,T_CHOICE_LayerMethod=Effect 1,T_SLIDER_EffectLayerMix=0,T_TEXTCTRL_Fadein=0.00,T_TEXTCTRL_Fadeout=0.00</Effect>
    <Effect>E_CHECKBOX_Spirals_3D=0,E_CHECKBOX_Spirals_Blend=0,E_CHECKBOX_Spirals_Grow=0,E_CHECKBOX_Spirals_Shrink=1,E_SLIDER_Spirals_Count=2,E_SLIDER_Spirals_Rotation=-35,E_SLIDER_Spirals_Thickness=60,E_TEXTCTRL_Spirals_Movement=-2.00,T_CHECKBOX_LayerMorph=0,T_CHECKBOX_OverlayBkg=0,T_CHOICE_LayerMethod=Effect 1,T_SLIDER_EffectLayerMix=0,T_TEXTCTRL_Fadein=0.00,T_TEXTCTRL_Fadeout=0.00</Effect>
    <Effect>E_CHOICE_Garlands_Direction=Left,E_SLIDER_Garlands_Spacing=5,E_SLIDER_Garlands_Type=4,E_TEXTCTRL_Garlands_Cycles=1.0,T_CHECKBOX_LayerMorph=0,T_CHECKBOX_OverlayBkg=0,T_CHOICE_LayerMethod=Effect 1,T_SLIDER_EffectLayerMix=0,T_TEXTCTRL_Fadein=0.00,T_TEXTCTRL_Fadeout=0.00</Effect>
    <Effect>E_CHECKBOX_Bars_3D=0,E_CHECKBOX_Bars_Highlight=0,E_CHOICE_Bars_Direction=expand,E_SLIDER_Bars_BarCount=2,E_TEXTCTRL_Bars_Cycles=2.00,T_CHECKBOX_LayerMorph=0,T_CHECKBOX_OverlayBkg=0,T_CHOICE_LayerMethod=Average,T_SLIDER_EffectLayerMix=0,T_TEXTCTRL_Fadein=0.00,T_TEXTCTRL_Fadeout=0.00</Effect>
    <Effect>E_CHECKBOX_Spirals_3D=1,E_CHECKBOX_Spirals_Blend=1,E_CHECKBOX_Spirals_Grow=0,E_CHECKBOX_Spirals_Shrink=0,E_SLIDER_Spirals_Count=2,E_SLIDER_Spirals_Rotation=50,E_SLIDER_Spirals_Thickness=16,E_TEXTCTRL_Spirals_Movement=-0.8,T_CHECKBOX_LayerMorph=0,T_CHECKBOX_OverlayBkg=0,T_CHOICE_LayerMethod=Layered,T_SLIDER_EffectLayerMix=0,T_TEXTCTRL_Fadein=0.00,T_TEXTCTRL_Fadeout=0.00</Effect>
    <Effect>E_SLIDER_Garlands_Spacing=0,E_SLIDER_Garlands_Type=4,T_CHECKBOX_LayerMorph=0,T_CHECKBOX_OverlayBkg=0,T_CHOICE_LayerMethod=Effect 1,T_SLIDER_EffectLayerMix=0,T_TEXTCTRL_Fadein=0.00,T_TEXTCTRL_Fadeout=0.00</Effect>
    <Effect>E_CHECKBOX_Spirals_3D=1,E_CHECKBOX_Spirals_Blend=0,E_CHECKBOX_Spirals_Grow=0,E_CHECKBOX_Spirals_Shrink=0,E_SLIDER_Spirals_Count=1,E_SLIDER_Spirals_Rotation=16,E_SLIDER_Spirals_Thickness=78,E_TEXTCTRL_Spirals_Movement=-3.00,T_CHECKBOX_LayerMorph=0,T_CHECKBOX_OverlayBkg=0,T_CHOICE_LayerMethod=Effect 1,T_SLIDER_EffectLayerMix=0,T_TEXTCTRL_Fadein=0.00,T_TEXTCTRL_Fadeout=0.00</Effect>
    <Effect>E_CHOICE_Garlands_Direction=Up,E_SLIDER_Garlands_Spacing=16,E_SLIDER_Garlands_Type=4,E_TEXTCTRL_Garlands_Cycles=1.0,T_CHECKBOX_LayerMorph=0,T_CHECKBOX_OverlayBkg=0,T_CHOICE_LayerMethod=Effect 1,T_SLIDER_EffectLayerMix=0,T_TEXTCTRL_Fadein=0.00,T_TEXTCTRL_Fadeout=0.00</Effect>
    <Effect>E_CHOICE_Garlands_Direction=Down,E_SLIDER_Garlands_Spacing=9,E_SLIDER_Garlands_Type=4,E_TEXTCTRL_Garlands_Cycles=1.0,T_CHECKBOX_LayerMorph=0,T_CHECKBOX_OverlayBkg=0,T_CHOICE_LayerMethod=Effect 1,T_SLIDER_EffectLayerMix=0,T_TEXTCTRL_Fadein=0.00,T_TEXTCTRL_Fadeout=0.00</Effect>
    <Effect>E_CHOICE_Butterfly_Colors=Palette,E_CHOICE_Butterfly_Direction=Reverse,E_SLIDER_Butterfly_Chunks=8,E_SLIDER_Butterfly_Skip=8,E_SLIDER_Butterfly_Speed=22,E_SLIDER_Butterfly_Style=1,T_CHECKBOX_LayerMorph=0,T_CHECKBOX_OverlayBkg=0,T_CHOICE_LayerMethod=Effect 1,T_SLIDER_EffectLayerMix=0,T_TEXTCTRL_Fadein=0.00,T_TEXTCTRL_Fadeout=0.00</Effect>
    <Effect>E_CHOICE_Garlands_Direction=Up,E_SLIDER_Garlands_Spacing=7,E_SLIDER_Garlands_Type=4,E_TEXTCTRL_Garlands_Cycles=1.0,T_CHECKBOX_LayerMorph=0,T_CHECKBOX_OverlayBkg=0,T_CHOICE_LayerMethod=Effect 1,T_SLIDER_EffectLayerMix=0,T_TEXTCTRL_Fadein=0.00,T_TEXTCTRL_Fadeout=0.00</Effect>
    <Effect>E_CHOICE_Meteors_Effect=Down,E_CHOICE_Meteors_Type=Palette,E_SLIDER_Meteors_Count=48,E_SLIDER_Meteors_Length=27,E_SLIDER_Meteors_Speed=26,E_SLIDER_Meteors_Swirl_Intensity=0,T_CHECKBOX_LayerMorph=0,T_CHECKBOX_OverlayBkg=0,T_CHOICE_LayerMethod=Effect 1,T_SLIDER_EffectLayerMix=0,T_TEXTCTRL_Fadein=0.00,T_TEXTCTRL_Fadeout=0.00</Effect>
    <Effect>E_CHECKBOX_Pinwheel_Rotation=0,E_CHOICE_Pinwheel_3D=None,E_SLIDER_PinwheelXC=0,E_SLIDER_PinwheelYC=0,E_SLIDER_Pinwheel_ArmSize=126,E_SLIDER_Pinwheel_Arms=4,E_SLIDER_Pinwheel_Thickness=100,E_SLIDER_Pinwheel_Twist=133,E_TEXTCTRL_Pinwheel_Speed=10,T_CHECKBOX_LayerMorph=1,T_CHECKBOX_OverlayBkg=0,T_CHOICE_LayerMethod=Effect 2,T_SLIDER_EffectLayerMix=0,T_TEXTCTRL_Fadein=0.00,T_TEXTCTRL_Fadeout=0.00</Effect>
    <Effect>E_CHECKBOX_Pinwheel_Rotation=0,E_CHOICE_Pinwheel_3D=None,E_SLIDER_PinwheelXC=0,E_SLIDER_PinwheelYC=0,E_SLIDER_Pinwheel_ArmSize=126,E_SLIDER_Pinwheel_Arms=4,E_SLIDER_Pinwheel_Thickness=100,E_SLIDER_Pinwheel_Twist=133,E_TEXTCTRL_Pinwheel_Speed=10,T_CHECKBOX_LayerMorph=1,T_CHECKBOX_OverlayBkg=0,T_CHOICE_LayerMethod=1 is Unmask,T_SLIDER_EffectLayerMix=0,T_TEXTCTRL_Fadein=0.00,T_TEXTCTRL_Fadeout=0.00</Effect>
    <Effect>E_CHOICE_Meteors_Effect=Down,E_CHOICE_Meteors_Type=Rainbow,E_SLIDER_Meteors_Count=10,E_SLIDER_Meteors_Length=25,E_SLIDER_Meteors_Speed=11,E_SLIDER_Meteors_Swirl_Intensity=0,T_CHECKBOX_LayerMorph=0,T_CHECKBOX_OverlayBkg=0,T_CHOICE_LayerMethod=Effect 1,T_SLIDER_EffectLayerMix=0,T_TEXTCTRL_Fadein=0.00,T_TEXTCTRL_Fadeout=0.00</Effect>
    <Effect>E_CHOICE_Meteors_Effect=Up,E_CHOICE_Meteors_Type=Palette,E_SLIDER_Meteors_Count=17,E_SLIDER_Meteors_Length=25,E_SLIDER_Meteors_Speed=11,E_SLIDER_Meteors_Swirl_Intensity=0,T_CHECKBOX_LayerMorph=0,T_CHECKBOX_OverlayBkg=0,T_CHOICE_LayerMethod=Effect 1,T_SLIDER_EffectLayerMix=0,T_TEXTCTRL_Fadein=0.00,T_TEXTCTRL_Fadeout=0.00</Effect>
    <Effect>E_SLIDER_Snowflakes_Count=7,E_SLIDER_Snowflakes_Speed=25,E_SLIDER_Snowflakes_Type=5,T_CHECKBOX_LayerMorph=1,T_CHECKBOX_OverlayBkg=0,T_CHOICE_LayerMethod=1 reveals 2,T_SLIDER_EffectLayerMix=0,T_TEXTCTRL_Fadein=0.00,T_TEXTCTRL_Fadeout=0.00</Effect>
    <Effect>E_CHECKBOX_Twinkle_ReRandom=0,E_CHECKBOX_Twinkle_Strobe=0,E_SLIDER_Twinkle_Count=83,E_SLIDER_Twinkle_Steps=59,T_CHECKBOX_LayerMorph=0,T_CHECKBOX_OverlayBkg=0,T_CHOICE_LayerMethod=Effect 1,T_SLIDER_EffectLayerMix=0,T_TEXTCTRL_Fadein=0.00,T_TEXTCTRL_Fadeout=0.00</Effect>
    <Effect>E_CHECKBOX_Twinkle_ReRandom=0,E_CHECKBOX_Twinkle_Strobe=0,E_SLIDER_Twinkle_Count=61,E_SLIDER_Twinkle_Steps=10,T_CHECKBOX_LayerMorph=0,T_CHECKBOX_OverlayBkg=0,T_CHOICE_LayerMethod=Effect 1,T_SLIDER_EffectLayerMix=0,T_TEXTCTRL_Fadein=0.00,T_TEXTCTRL_Fadeout=0.00</Effect>
    <Effect>E_CHECKBOX_Curtain_Repeat=1,E_CHOICE_Curtain_Edge=center,E_CHOICE_Curtain_Effect=close then open,E_SLIDER_Curtain_Swag=5,E_TEXTCTRL_Curtain_Speed=5.00,T_CHECKBOX_LayerMorph=0,T_CHECKBOX_OverlayBkg=0,T_CHOICE_LayerMethod=Layered,T_SLIDER_EffectLayerMix=0,T_TEXTCTRL_Fadein=0.00,T_TEXTCTRL_Fadeout=0.00</Effect>
    <Effect>E_CHECKBOX_Chase_3dFade1=0,E_CHECKBOX_Chase_Group_All=0,E_CHOICE_Chase_Type1=Left-Right,E_CHOICE_SingleStrand_Colors=Palette,E_CHOICE_Skips_Direction=To Middle,E_NOTEBOOK_SSEFFECT_TYPE=Chase,E_SLIDER_Color_Mix1=10,E_SLIDER_Number_Chases=5,E_SLIDER_Skips_Advance=13,E_SLIDER_Skips_BandSize=18,E_SLIDER_Skips_SkipSize=4,E_SLIDER_Skips_StartPos=13,E_TEXTCTRL_Chase_Rotations=1.5,T_CHECKBOX_LayerMorph=0,T_CHECKBOX_OverlayBkg=0,T_CHOICE_LayerMethod=Average,T_SLIDER_EffectLayerMix=0,T_TEXTCTRL_Fadein=0.00,T_TEXTCTRL_Fadeout=0.00</Effect>
    <Effect>E_CHECKBOX_Spirals_3D=0,E_CHECKBOX_Spirals_Blend=0,E_CHECKBOX_Spirals_Grow=0,E_CHECKBOX_Spirals_Shrink=0,E_SLIDER_Spirals_Count=1,E_SLIDER_Spirals_Rotation=20,E_SLIDER_Spirals_Thickness=3,E_TEXTCTRL_Spirals_Movement=2.00,T_CHECKBOX_LayerMorph=0,T_CHECKBOX_OverlayBkg=0,T_CHOICE_LayerMethod=Layered,T_SLIDER_EffectLayerMix=0,T_TEXTCTRL_Fadein=0.00,T_TEXTCTRL_Fadeout=0.00</Effect>
    <Effect>E_CHECKBOX_Spirals_3D=0,E_CHECKBOX_Spirals_Blend=0,E_CHECKBOX_Spirals_Grow=0,E_CHECKBOX_Spirals_Shrink=0,E_SLIDER_Spirals_Count=2,E_SLIDER_Spirals_Rotation=439,E_SLIDER_Spirals_Thickness=63,E_TEXTCTRL_Spirals_Movement=0.00,T_CHECKBOX_LayerMorph=0,T_CHECKBOX_OverlayBkg=0,T_CHOICE_LayerMethod=1 is Unmask,T_SLIDER_EffectLayerMix=0,T_TEXTCTRL_Fadein=0.00,T_TEXTCTRL_Fadeout=0.00</Effect>
    <Effect>E_SLIDER_Tree_Branches=1,E_SLIDER_Tree_Speed=1,T_CHECKBOX_LayerMorph=0,T_CHECKBOX_OverlayBkg=0,T_CHOICE_LayerMethod=Average,T_SLIDER_EffectLayerMix=0,T_TEXTCTRL_Fadein=0.00,T_TEXTCTRL_Fadeout=0.00</Effect>
    <Effect>E_CHOICE_Butterfly_Colors=Palette,E_CHOICE_Butterfly_Direction=Reverse,E_SLIDER_Butterfly_Chunks=3,E_SLIDER_Butterfly_Skip=9,E_SLIDER_Butterfly_Speed=1,E_SLIDER_Butterfly_Style=1,T_CHECKBOX_LayerMorph=1,T_CHECKBOX_OverlayBkg=0,T_CHOICE_LayerMethod=1 is Mask,T_SLIDER_EffectLayerMix=0,T_TEXTCTRL_Fadein=0.00,T_TEXTCTRL_Fadeout=0.00</Effect>
    <Effect>E_CHECKBOX_Spirals_3D=0,E_CHECKBOX_Spirals_Blend=0,E_CHECKBOX_Spirals_Grow=0,E_CHECKBOX_Spirals_Shrink=0,E_SLIDER_Spirals_Count=1,E_SLIDER_Spirals_Rotation=1,E_SLIDER_Spirals_Thickness=18,E_TEXTCTRL_Spirals_Movement=2.00,T_CHECKBOX_LayerMorph=0,T_CHECKBOX_OverlayBkg=0,T_CHOICE_LayerMethod=Layered,T_SLIDER_EffectLayerMix=0,T_TEXTCTRL_Fadein=0.00,T_TEXTCTRL_Fadeout=0.00</Effect>
    <Effect>E_CHOICE_Butterfly_Colors=Palette,E_CHOICE_Butterfly_Direction=Reverse,E_SLIDER_Butterfly_Chunks=6,E_SLIDER_Butterfly_Skip=4,E_SLIDER_Butterfly_Speed=12,E_SLIDER_Butterfly_Style=4,T_CHECKBOX_LayerMorph=1,T_CHECKBOX_OverlayBkg=0,T_CHOICE_LayerMethod=1 reveals 2,T_SLIDER_EffectLayerMix=0,T_TEXTCTRL_Fadein=0.00,T_TEXTCTRL_Fadeout=0.00</Effect>
    <Effect>E_CHECKBOX_Chase_3dFade1=0,E_CHECKBOX_Chase_Group_All=1,E_CHOICE_Chase_Type1=Left-Right,E_CHOICE_SingleStrand_Colors=Palette,E_CHOICE_Skips_Direction=Left,E_NOTEBOOK_SSEFFECT_TYPE=Chase,E_SLIDER_Color_Mix1=33,E_SLIDER_Number_Chases=4,E_SLIDER_Skips_Advance=13,E_SLIDER_Skips_BandSize=2,E_SLIDER_Skips_SkipSize=1,E_SLIDER_Skips_StartPos=1,E_TEXTCTRL_Chase_Rotations=1,T_CHECKBOX_LayerMorph=0,T_CHECKBOX_OverlayBkg=0,T_CHOICE_LayerMethod=Effect 1,T_SLIDER_EffectLayerMix=0,T_TEXTCTRL_Fadein=0.00,T_TEXTCTRL_Fadeout=0.00</Effect>
    <Effect>E_CHECKBOX_Pinwheel_Rotation=1,E_CHOICE_Pinwheel_3D=None,E_SLIDER_PinwheelXC=0,E_SLIDER_PinwheelYC=0,E_SLIDER_Pinwheel_ArmSize=100,E_SLIDER_Pinwheel_Arms=3,E_SLIDER_Pinwheel_Thickness=59,E_SLIDER_Pinwheel_Twist=0,E_TEXTCTRL_Pinwheel_Speed=10,T_CHECKBOX_LayerMorph=0,T_CHECKBOX_OverlayBkg=0,T_CHOICE_LayerMethod=Effect 1,T_SLIDER_EffectLayerMix=0,T_TEXTCTRL_Fadein=0.00,T_TEXTCTRL_Fadeout=0.00</Effect>
    <Effect>E_CHOICE_Garlands_Direction=Left,E_SLIDER_Garlands_Spacing=9,E_SLIDER_Garlands_Type=4,E_TEXTCTRL_Garlands_Cycles=1.0,T_CHECKBOX_LayerMorph=0,T_CHECKBOX_OverlayBkg=0,T_CHOICE_LayerMethod=Effect 1,T_SLIDER_EffectLayerMix=0,T_TEXTCTRL_Fadein=0.00,T_TEXTCTRL_Fadeout=0.00</Effect>
    <Effect>E_CHECKBOX_Pinwheel_Rotation=1,E_CHOICE_Pinwheel_3D=None,E_SLIDER_PinwheelXC=0,E_SLIDER_PinwheelYC=0,E_SLIDER_Pinwheel_ArmSize=100,E_SLIDER_Pinwheel_Arms=4,E_SLIDER_Pinwheel_Thickness=59,E_SLIDER_Pinwheel_Twist=0,E_TEXTCTRL_Pinwheel_Speed=10,T_CHECKBOX_LayerMorph=0,T_CHECKBOX_OverlayBkg=0,T_CHOICE_LayerMethod=Layered,T_SLIDER_EffectLayerMix=0,T_TEXTCTRL_Fadein=0.00,T_TEXTCTRL_Fadeout=0.00</Effect>
    <Effect>E_CHECKBOX_Pinwheel_Rotation=1,E_CHOICE_Pinwheel_3D=None,E_SLIDER_PinwheelXC=0,E_SLIDER_PinwheelYC=0,E_SLIDER_Pinwheel_ArmSize=100,E_SLIDER_Pinwheel_Arms=4,E_SLIDER_Pinwheel_Thickness=59,E_SLIDER_Pinwheel_Twist=0,E_TEXTCTRL_Pinwheel_Speed=10,T_CHECKBOX_LayerMorph=0,T_CHECKBOX_OverlayBkg=0,T_CHOICE_LayerMethod=Effect 1,T_SLIDER_EffectLayerMix=0,T_TEXTCTRL_Fadein=0.00,T_TEXTCTRL_Fadeout=0.00</Effect>
    <Effect>E_CHECKBOX_Pinwheel_Rotation=1,E_CHOICE_Pinwheel_3D=None,E_SLIDER_PinwheelXC=0,E_SLIDER_PinwheelYC=0,E_SLIDER_Pinwheel_ArmSize=100,E_SLIDER_Pinwheel_Arms=3,E_SLIDER_Pinwheel_Thickness=59,E_SLIDER_Pinwheel_Twist=0,E_TEXTCTRL_Pinwheel_Speed=10,T_CHECKBOX_LayerMorph=1,T_CHECKBOX_OverlayBkg=0,T_CHOICE_LayerMethod=1 reveals 2,T_SLIDER_EffectLayerMix=0,T_TEXTCTRL_Fadein=0.00,T_TEXTCTRL_Fadeout=0.00</Effect>
    <Effect>E_CHECKBOX_Chase_3dFade1=0,E_CHECKBOX_Chase_Group_All=1,E_CHOICE_Chase_Type1=Left-Right,E_CHOICE_SingleStrand_Colors=Palette,E_CHOICE_Skips_Direction=Left,E_NOTEBOOK_SSEFFECT_TYPE=Chase,E_SLIDER_Color_Mix1=9,E_SLIDER_Number_Chases=3,E_SLIDER_Skips_Advance=13,E_SLIDER_Skips_BandSize=2,E_SLIDER_Skips_SkipSize=1,E_SLIDER_Skips_StartPos=1,E_TEXTCTRL_Chase_Rotations=1,T_CHECKBOX_LayerMorph=0,T_CHECKBOX_OverlayBkg=0,T_CHOICE_LayerMethod=Effect 1,T_SLIDER_EffectLayerMix=0,T_TEXTCTRL_Fadein=0.00,T_TEXTCTRL_Fadeout=0.00</Effect>
    <Effect>E_CHECKBOX_Spirals_3D=1,E_CHECKBOX_Spirals_Blend=1,E_CHECKBOX_Spirals_Grow=0,E_CHECKBOX_Spirals_Shrink=0,E_SLIDER_Spirals_Count=2,E_SLIDER_Spirals_Rotation=50,E_SLIDER_Spirals_Thickness=16,E_TEXTCTRL_Spirals_Movement=-3.0,T_CHECKBOX_LayerMorph=0,T_CHECKBOX_OverlayBkg=0,T_CHOICE_LayerMethod=Layered,T_SLIDER_EffectLayerMix=0,T_TEXTCTRL_Fadein=0.00,T_TEXTCTRL_Fadeout=0.00</Effect>
    <Effect>E_CHECKBOX_Spirals_3D=1,E_CHECKBOX_Spirals_Blend=0,E_CHECKBOX_Spirals_Grow=0,E_CHECKBOX_Spirals_Shrink=0,E_SLIDER_Spirals_Count=2,E_SLIDER_Spirals_Rotation=39,E_SLIDER_Spirals_Thickness=16,E_TEXTCTRL_Spirals_Movement=-2.8,T_CHECKBOX_LayerMorph=0,T_CHECKBOX_OverlayBkg=0,T_CHOICE_LayerMethod=Layered,T_SLIDER_EffectLayerMix=0,T_TEXTCTRL_Fadein=0.00,T_TEXTCTRL_Fadeout=0.00</Effect>
    <Effect>E_CHECKBOX_Spirals_3D=0,E_CHECKBOX_Spirals_Blend=0,E_CHECKBOX_Spirals_Grow=0,E_CHECKBOX_Spirals_Shrink=0,E_SLIDER_Spirals_Count=1,E_SLIDER_Spirals_Rotation=20,E_SLIDER_Spirals_Thickness=100,E_TEXTCTRL_Spirals_Movement=15.6,T_CHECKBOX_LayerMorph=1,T_CHECKBOX_OverlayBkg=0,T_CHOICE_LayerMethod=Effect 2,T_SLIDER_EffectLayerMix=0,T_TEXTCTRL_Fadein=0.00,T_TEXTCTRL_Fadeout=0.00</Effect>
    <Effect>E_CHECKBOX_Spirals_3D=0,E_CHECKBOX_Spirals_Blend=0,E_CHECKBOX_Spirals_Grow=0,E_CHECKBOX_Spirals_Shrink=0,E_SLIDER_Spirals_Count=1,E_SLIDER_Spirals_Rotation=20,E_SLIDER_Spirals_Thickness=100,E_TEXTCTRL_Spirals_Movement=4.8,T_CHECKBOX_LayerMorph=1,T_CHECKBOX_OverlayBkg=0,T_CHOICE_LayerMethod=Effect 2,T_SLIDER_EffectLayerMix=0,T_TEXTCTRL_Fadein=0.00,T_TEXTCTRL_Fadeout=0.00</Effect>
    <Effect>E_CHECKBOX_Bars_3D=1,E_CHECKBOX_Bars_Highlight=0,E_CHOICE_Bars_Direction=Left,E_SLIDER_Bars_BarCount=1,E_TEXTCTRL_Bars_Cycles=8.2,T_CHECKBOX_LayerMorph=1,T_CHECKBOX_OverlayBkg=0,T_CHOICE_LayerMethod=1 reveals 2,T_SLIDER_EffectLayerMix=0,T_TEXTCTRL_Fadein=0.00,T_TEXTCTRL_Fadeout=0.00</Effect>
    <Effect>E_CHECKBOX_Twinkle_ReRandom=0,E_CHECKBOX_Twinkle_Strobe=0,E_SLIDER_Twinkle_Count=77,E_SLIDER_Twinkle_Steps=59,T_CHECKBOX_LayerMorph=0,T_CHECKBOX_OverlayBkg=0,T_CHOICE_LayerMethod=Effect 1,T_SLIDER_EffectLayerMix=0,T_TEXTCTRL_Fadein=0.00,T_TEXTCTRL_Fadeout=0.00</Effect>
    <Effect>E_CHECKBOX_Pinwheel_Rotation=0,E_CHOICE_Pinwheel_3D=None,E_SLIDER_PinwheelXC=-7,E_SLIDER_PinwheelYC=-5,E_SLIDER_Pinwheel_ArmSize=206,E_SLIDER_Pinwheel_Arms=4,E_SLIDER_Pinwheel_Thickness=100,E_SLIDER_Pinwheel_Twist=133,E_TEXTCTRL_Pinwheel_Speed=19,T_CHECKBOX_LayerMorph=1,T_CHECKBOX_OverlayBkg=0,T_CHOICE_LayerMethod=Effect 2,T_SLIDER_EffectLayerMix=0,T_TEXTCTRL_Fadein=0.00,T_TEXTCTRL_Fadeout=0.00</Effect>
    <Effect>E_CHECKBOX_Pinwheel_Rotation=0,E_CHOICE_Pinwheel_3D=None,E_SLIDER_PinwheelXC=-7,E_SLIDER_PinwheelYC=-5,E_SLIDER_Pinwheel_ArmSize=196,E_SLIDER_Pinwheel_Arms=4,E_SLIDER_Pinwheel_Thickness=100,E_SLIDER_Pinwheel_Twist=133,E_TEXTCTRL_Pinwheel_Speed=19,T_CHECKBOX_LayerMorph=1,T_CHECKBOX_OverlayBkg=0,T_CHOICE_LayerMethod=Effect 2,T_SLIDER_EffectLayerMix=0,T_TEXTCTRL_Fadein=0.00,T_TEXTCTRL_Fadeout=0.00</Effect>
  </EffectDB>
  <DataLayers>
    <DataLayer lor_params="0" channel_offset="0" num_channels="0" num_frames="0" data="&lt;rendered: erase-mode&gt;" source="&lt;auto-generated&gt;" name="Nutcracker"/>
  </DataLayers>
  <DisplayElements>
    <Element collapsed="0" type="timing" name="Imported Timing" visible="1" active="1" views=""/>
    <Element collapsed="0" type="model" name="RGB Group" visible="1" active="0"/>
    <Element collapsed="0" type="model" name="Megatree" visible="1" active="0"/>
    <Element collapsed="0" type="model" name="Big Star" visible="1" active="0"/>
    <Element collapsed="0" type="model" name="Arches" visible="1" active="0"/>
    <Element collapsed="0" type="model" name="Left Window" visible="0" active="0"/>
    <Element collapsed="0" type="model" name="Right Window" visible="0" active="0"/>
    <Element collapsed="0" type="model" name="Roofline" visible="0" active="0"/>
    <Element collapsed="0" type="model" name="Tree Left" visible="0" active="0"/>
    <Element collapsed="0" type="model" name="Tree Right" visible="0" active="0"/>
  </DisplayElements>
  <ElementEffects>
    <Element type="timing" name="Imported Timing">
      <EffectLayer>
        <Effect label="" startTime="0" endTime="100"></Effect>
        <Effect label="" startTime="100" endTime="250"></Effect>
        <Effect label="1" startTime="250" endTime="5150"></Effect>
        <Effect label="2" startTime="5150" endTime="6750"></Effect>
        <Effect label="3" startTime="6750" endTime="11600"></Effect>
        <Effect label="4" startTime="11600" endTime="13200"></Effect>
        <Effect label="5" startTime="13200" endTime="18100"></Effect>
        <Effect label="6" startTime="18100" endTime="19700"></Effect>
        <Effect label="7" startTime="19700" endTime="24550"></Effect>
        <Effect label="8" startTime="24550" endTime="28000"></Effect>
        <Effect label="" startTime="28000" endTime="30700"></Effect>
        <Effect label="9" startTime="30700" endTime="35850"></Effect>
        <Effect label="10" startTime="35850" endTime="37500"></Effect>
        <Effect label="11" startTime="37500" endTime="42350"></Effect>
        <Effect label="12" startTime="42350" endTime="45800"></Effect>
        <Effect label="" startTime="45800" endTime="47500"></Effect>
        <Effect label="" startTime="47500" endTime="50450"></Effect>
        <Effect label="13" startTime="50450" endTime="56900"></Effect>
        <Effect label="14" startTime="56900" endTime="69850"></Effect>
        <Effect label="15" startTime="69850" endTime="73400"></Effect>
        <Effect label="" startTime="73400" endTime="76100"></Effect>
        <Effect label="16" startTime="76100" endTime="81150"></Effect>
        <Effect label="17" startTime="81150" endTime="82750"></Effect>
        <Effect label="18" startTime="82750" endTime="87600"></Effect>
        <Effect label="19" startTime="87600" endTime="93000"></Effect>
        <Effect label="" startTime="93000" endTime="98950"></Effect>
        <Effect label="20" startTime="98950" endTime="105400"></Effect>
        <Effect label="21" startTime="105400" endTime="124850"></Effect>
        <Effect label="22" startTime="124850" endTime="128000"></Effect>
        <Effect label="" startTime="128000" endTime="130700"></Effect>
        <Effect label="23" startTime="130700" endTime="136150"></Effect>
        <Effect label="24" startTime="136150" endTime="137800"></Effect>
        <Effect label="25" startTime="137800" endTime="142600"></Effect>
        <Effect label="26" startTime="142600" endTime="145050"></Effect>
        <Effect label="" startTime="145050" endTime="149100"></Effect>
        <Effect label="27" startTime="149100" endTime="165250"></Effect>
        <Effect label="28" startTime="165250" endTime="171750"></Effect>
        <Effect label="29" startTime="171750" endTime="178200"></Effect>
        <Effect label="30" startTime="178200" endTime="181500"></Effect>
        <Effect label="31" startTime="181500" endTime="181550"></Effect>
      </EffectLayer>
    </Element>
    <Element type="model" name="RGB Group">
      <EffectLayer>
        <Effect ref="0" name="Off" startTime="0" endTime="100" palette="0"/>
        <Effect ref="1" name="SingleStrand" id="1" startTime="250" endTime="5150" palette="1"/>
        <Effect ref="2" name="Garlands" id="2" startTime="5150" endTime="6750" palette="2"/>
        <Effect ref="1" name="SingleStrand" id="3" startTime="6750" endTime="11600" palette="1"/>
        <Effect ref="2" name="Garlands" id="4" startTime="11600" endTime="13200" palette="3"/>
        <Effect ref="3" name="Spirals" id="5" startTime="13200" endTime="18100" palette="4"/>
        <Effect ref="2" name="Garlands" id="6" startTime="18100" endTime="19700" palette="5"/>
        <Effect ref="4" name="Bars" id="7" startTime="19700" endTime="24550" palette="6"/>
        <Effect ref="5" name="Garlands" id="8" startTime="24550" endTime="28000" palette="7"/>
        <Effect ref="6" name="Bars" id="9" startTime="28000" endTime="30700" palette="8"/>
        <Effect ref="7" name="Spirals" id="10" startTime="30700" endTime="35850" palette="9"/>
        <Effect ref="2" name="Garlands" id="11" startTime="35850" endTime="37500" palette="10"/>
        <Effect ref="8" name="Spirals" id="12" startTime="37500" endTime="42350" palette="11"/>
        <Effect ref="9" name="Garlands" id="13" startTime="42350" endTime="45800" palette="12"/>
        <Effect ref="10" name="Twinkle" id="14" startTime="45800" endTime="47500" palette="13"/>
        <Effect ref="11" name="Twinkle" id="15" startTime="47500" endTime="50450" palette="13"/>
        <Effect ref="12" name="Spirals" id="16" startTime="50450" endTime="69850" palette="14"/>
        <Effect ref="9" name="Garlands" id="17" startTime="69850" endTime="73400" palette="15"/>
        <Effect ref="13" name="Butterfly" id="18" startTime="73400" endTime="76100" palette="16"/>
        <Effect ref="14" name="Spirals" id="19" startTime="76100" endTime="81150" palette="9"/>
        <Effect ref="2" name="Garlands" id="20" startTime="81150" endTime="82750" palette="17"/>
        <Effect ref="14" name="Spirals" id="21" startTime="82750" endTime="87600" palette="9"/>
        <Effect ref="9" name="Garlands" id="22" startTime="87600" endTime="93000" palette="18"/>
        <Effect ref="15" name="Meteors" id="23" startTime="93000" endTime="98950" palette="19"/>
        <Effect ref="16" name="Color Wash" id="24" startTime="98950" endTime="105400" palette="1"/>
        <Effect ref="17" name="Spirals" id="25" startTime="105400" endTime="124850" palette="20"/>
        <Effect ref="2" name="Garlands" id="26" startTime="124850" endTime="128000" palette="20"/>
        <Effect ref="18" name="Spirals" id="27" startTime="128000" endTime="130700" palette="20"/>
        <Effect ref="19" name="Butterfly" id="28" startTime="130700" endTime="136150" palette="21"/>
        <Effect ref="2" name="Garlands" id="29" startTime="136150" endTime="137800" palette="22"/>
        <Effect ref="20" name="Wave" id="30" startTime="137800" endTime="142600" palette="23"/>
        <Effect ref="21" name="Meteors" id="31" startTime="142600" endTime="149100" palette="24"/>
        <Effect ref="22" name="Spirals" id="32" startTime="149100" endTime="165250" palette="25"/>
        <Effect ref="23" name="Twinkle" id="33" startTime="165250" endTime="171750" palette="26"/>
        <Effect ref="24" name="Twinkle" id="34" startTime="171750" endTime="178200" palette="27"/>
        <Effect ref="25" name="Twinkle" id="35" startTime="178200" endTime="181500" palette="28"/>
      </EffectLayer>
    </Element>
    <Element type="model" name="Megatree">
      <EffectLayer>
        <Effect ref="0" name="Off" startTime="0" endTime="100" palette="0"/>
        <Effect ref="0" name="Off" protected="1" id="1" startTime="100" endTime="250" palette="1"/>
        <Effect ref="26" name="Fireworks" id="2" startTime="250" endTime="5150" palette="1"/>
        <Effect ref="27" name="Garlands" id="3" startTime="5150" endTime="6750" palette="2"/>
        <Effect ref="28" name="Fireworks" id="4" startTime="6750" endTime="11600" palette="1"/>
        <Effect ref="27" name="Garlands" id="5" startTime="11600" endTime="13200" palette="3"/>
        <Effect ref="29" name="Spirals" id="6" startTime="13200" endTime="18100" palette="4"/>
        <Effect ref="27" name="Garlands" id="7" startTime="18100" endTime="19700" palette="5"/>
        <Effect ref="4" name="Bars" id="8" startTime="19700" endTime="24550" palette="6"/>
        <Effect ref="30" name="Garlands" id="9" startTime="24550" endTime="28000" palette="7"/>
        <Effect ref="31" name="Bars" id="10" startTime="28000" endTime="30700" palette="8"/>
        <Effect ref="32" name="Spirals" id="11" startTime="30700" endTime="35850" palette="9"/>
        <Effect ref="33" name="Garlands" id="12" startTime="35850" endTime="37500" palette="10"/>
        <Effect ref="34" name="Spirals" id="13" startTime="37500" endTime="42350" palette="11"/>
        <Effect ref="35" name="Garlands" id="14" startTime="42350" endTime="45800" palette="12"/>
        <Effect ref="10" name="Twinkle" id="15" startTime="45800" endTime="47500" palette="13"/>
        <Effect ref="36" name="Garlands" id="16" startTime="47500" endTime="50450" palette="12"/>
        <Effect ref="12" name="Spirals" id="17" startTime="50450" endTime="56900" palette="14"/>
        <Effect ref="37" name="Butterfly" id="18" startTime="56900" endTime="69850" palette="29"/>
        <Effect ref="38" name="Garlands" id="19" startTime="69850" endTime="73400" palette="15"/>
        <Effect ref="13" name="Butterfly" id="20" startTime="73400" endTime="76100" palette="16"/>
        <Effect ref="14" name="Spirals" id="21" startTime="76100" endTime="81150" palette="9"/>
        <Effect ref="33" name="Garlands" id="22" startTime="81150" endTime="82750" palette="17"/>
        <Effect ref="14" name="Spirals" id="23" startTime="82750" endTime="87600" palette="9"/>
        <Effect ref="38" name="Garlands" id="24" startTime="87600" endTime="93000" palette="18"/>
        <Effect ref="39" name="Meteors" id="25" startTime="93000" endTime="98950" palette="19"/>
        <Effect ref="16" name="Color Wash" id="26" startTime="98950" endTime="105400" palette="1"/>
        <Effect ref="40" name="Pinwheel" id="27" startTime="105400" endTime="124850" palette="20"/>
        <Effect ref="33" name="Garlands" id="28" startTime="124850" endTime="128000" palette="20"/>
        <Effect ref="41" name="Pinwheel" id="29" startTime="128000" endTime="130700" palette="20"/>
        <Effect ref="42" name="Meteors" id="30" startTime="130700" endTime="136150" palette="21"/>
        <Effect ref="33" name="Garlands" protected="1" id="31" startTime="136150" endTime="137800" palette="22"/>
        <Effect ref="20" name="Wave" id="32" startTime="137800" endTime="142600" palette="23"/>
        <Effect ref="43" name="Meteors" id="33" startTime="142600" endTime="149100" palette="24"/>
        <Effect ref="44" name="Snowflakes" id="34" startTime="149100" endTime="165250" palette="30"/>
        <Effect ref="45" name="Twinkle" id="35" startTime="165250" endTime="171750" palette="26"/>
        <Effect ref="46" name="Twinkle" id="36" startTime="171750" endTime="178200" palette="27"/>
        <Effect ref="25" name="Twinkle" id="37" startTime="178200" endTime="181500" palette="28"/>
      </EffectLayer>
      <EffectLayer>
        <Effect ref="47" name="Curtain" startTime="19700" endTime="24550" palette="31"/>
        <Effect ref="48" name="SingleStrand" id="1" startTime="28000" endTime="30700" palette="32"/>
        <Effect ref="49" name="Spirals" id="2" startTime="30700" endTime="35850" palette="20"/>
        <Effect ref="50" name="Spirals" id="3" startTime="45800" endTime="47500" palette="33"/>
        <Effect ref="51" name="Tree" id="4" startTime="73400" endTime="76100" palette="34"/>
        <Effect ref="52" name="Butterfly" protected="1" id="5" startTime="76100" endTime="81150" palette="35"/>
        <Effect ref="53" name="Spirals" id="6" startTime="82750" endTime="87600" palette="20"/>
        <Effect ref="54" name="Butterfly" id="7" startTime="149100" endTime="165250" palette="36"/>
      </EffectLayer>
    </Element>
    <Element type="model" name="Big Star">
      <EffectLayer>
        <Effect ref="55" name="SingleStrand" startTime="250" endTime="5150" palette="1"/>
        <Effect ref="33" name="Garlands" id="1" startTime="5150" endTime="6750" palette="37"/>
        <Effect ref="55" name="SingleStrand" id="2" startTime="6750" endTime="11600" palette="1"/>
        <Effect ref="33" name="Garlands" id="3" startTime="11600" endTime="13200" palette="38"/>
        <Effect ref="56" name="Pinwheel" id="4" startTime="13200" endTime="18100" palette="39"/>
        <Effect ref="33" name="Garlands" id="5" startTime="18100" endTime="19700" palette="40"/>
        <Effect ref="56" name="Pinwheel" id="6" startTime="19700" endTime="24550" palette="39"/>
        <Effect ref="57" name="Garlands" id="7" startTime="24550" endTime="28000" palette="7"/>
        <Effect ref="56" name="Pinwheel" id="8" startTime="28000" endTime="30700" palette="39"/>
        <Effect ref="56" name="Pinwheel" id="9" startTime="30700" endTime="35850" palette="41"/>
        <Effect ref="56" name="Pinwheel" id="10" startTime="37500" endTime="42350" palette="41"/>
        <Effect ref="56" name="Pinwheel" id="11" startTime="50450" endTime="69850" palette="41"/>
        <Effect ref="33" name="Garlands" id="12" startTime="69850" endTime="73400" palette="15"/>
        <Effect ref="13" name="Butterfly" id="13" startTime="73400" endTime="76100" palette="16"/>
        <Effect ref="14" name="Spirals" id="14" startTime="76100" endTime="81150" palette="9"/>
        <Effect ref="33" name="Garlands" id="15" startTime="81150" endTime="82750" palette="17"/>
        <Effect ref="58" name="Pinwheel" id="16" startTime="82750" endTime="87600" palette="20"/>
        <Effect ref="33" name="Garlands" id="17" startTime="87600" endTime="93000" palette="18"/>
        <Effect ref="59" name="Pinwheel" id="18" startTime="93000" endTime="98950" palette="19"/>
        <Effect ref="40" name="Pinwheel" id="19" startTime="105400" endTime="124850" palette="20"/>
        <Effect ref="33" name="Garlands" id="20" startTime="124850" endTime="128000" palette="20"/>
        <Effect ref="41" name="Pinwheel" id="21" startTime="128000" endTime="130700" palette="20"/>
        <Effect ref="33" name="Garlands" id="22" startTime="136150" endTime="137800" palette="22"/>
        <Effect ref="60" name="Pinwheel" id="23" startTime="149100" endTime="165250" palette="42"/>
      </EffectLayer>
    </Element>
    <Element type="model" name="Arches">
      <EffectLayer>
        <Effect ref="61" name="SingleStrand" startTime="250" endTime="5150" palette="1"/>
        <Effect ref="2" name="Garlands" id="1" startTime="5150" endTime="6750" palette="37"/>
        <Effect ref="61" name="SingleStrand" id="2" startTime="6750" endTime="11600" palette="1"/>
        <Effect ref="33" name="Garlands" id="3" startTime="11600" endTime="13200" palette="38"/>
        <Effect ref="29" name="Spirals" id="4" startTime="13200" endTime="18100" palette="4"/>
        <Effect ref="27" name="Garlands" id="5" startTime="18100" endTime="19700" palette="5"/>
        <Effect ref="4" name="Bars" id="6" startTime="19700" endTime="24550" palette="6"/>
        <Effect ref="5" name="Garlands" id="7" startTime="24550" endTime="28000" palette="7"/>
        <Effect ref="6" name="Bars" id="8" startTime="28000" endTime="30700" palette="8"/>
        <Effect ref="62" name="Spirals" id="9" startTime="30700" endTime="35850" palette="9"/>
        <Effect ref="2" name="Garlands" id="10" startTime="35850" endTime="37500" palette="10"/>
        <Effect ref="34" name="Spirals" id="11" startTime="37500" endTime="42350" palette="11"/>
        <Effect ref="57" name="Garlands" id="12" startTime="42350" endTime="45800" palette="12"/>
        <Effect ref="10" name="Twinkle" id="13" startTime="45800" endTime="47500" palette="13"/>
        <Effect ref="11" name="Twinkle" id="14" startTime="47500" endTime="50450" palette="13"/>
        <Effect ref="12" name="Spirals" id="15" startTime="50450" endTime="69850" palette="14"/>
        <Effect ref="2" name="Garlands" id="16" startTime="69850" endTime="73400" palette="15"/>
        <Effect ref="13" name="Butterfly" id="17" startTime="73400" endTime="76100" palette="16"/>
        <Effect ref="14" name="Spirals" id="18" startTime="76100" endTime="81150" palette="9"/>
        <Effect ref="2" name="Garlands" id="19" startTime="81150" endTime="82750" palette="17"/>
        <Effect ref="14" name="Spirals" id="20" startTime="82750" endTime="87600" palette="9"/>
        <Effect ref="2" name="Garlands" id="21" startTime="87600" endTime="93000" palette="18"/>
        <Effect ref="63" name="Spirals" id="22" startTime="93000" endTime="98950" palette="43"/>
        <Effect ref="16" name="Color Wash" id="23" startTime="98950" endTime="105400" palette="1"/>
        <Effect ref="64" name="Spirals" id="24" startTime="105400" endTime="124850" palette="20"/>
        <Effect ref="2" name="Garlands" id="25" startTime="124850" endTime="128000" palette="20"/>
        <Effect ref="41" name="Pinwheel" id="26" startTime="128000" endTime="130700" palette="20"/>
        <Effect ref="65" name="Spirals" id="27" startTime="130700" endTime="136150" palette="20"/>
        <Effect ref="2" name="Garlands" id="28" startTime="136150" endTime="137800" palette="22"/>
        <Effect ref="20" name="Wave" id="29" startTime="137800" endTime="142600" palette="23"/>
        <Effect ref="65" name="Spirals" id="30" startTime="142600" endTime="149100" palette="44"/>
        <Effect ref="66" name="Bars" id="31" startTime="149100" endTime="165250" palette="25"/>
        <Effect ref="67" name="Twinkle" id="32" startTime="165250" endTime="171750" palette="26"/>
        <Effect ref="46" name="Twinkle" id="33" startTime="171750" endTime="178200" palette="27"/>
        <Effect ref="25" name="Twinkle" id="34" startTime="178200" endTime="181500" palette="28"/>
      </EffectLayer>
    </Element>
    <Element type="model" name="Left Window">
      <EffectLayer>
        <Effect ref="68" name="Pinwheel" startTime="105400" endTime="124850" palette="20"/>
      </EffectLayer>
    </Element>
    <Element type="model" name="Right Window">
      <EffectLayer>
        <Effect ref="69" name="Pinwheel" startTime="105400" endTime="124850" palette="20"/>
      </EffectLayer>
    </Element>
    <Element type="model" name="Roofline">
      <EffectLayer/>
    </Element>
    <Element type="model" name="Tree Left">
      <EffectLayer/>
    </Element>
    <Element type="model" name="Tree Right">
      <EffectLayer/>
    </Element>
  </ElementEffects>
  <lastView>0</lastView>
</xsequence>
