<?xml version="1.0" encoding="UTF-8"?>
<xrgb>
  <models>
    <model name="Roofline" DisplayAs="Single Line" StringType="BRG Nodes" parm1="1" parm2="150" parm3="1" StartSide="B" Dir="R" Antialias="0" PixelSize="2" Transparency="0" MyDisplay="1" offsetXpct="0.4040" offsetYpct="0.6064" PreviewScaleX="0.7800" PreviewScaleY="0.1240" PreviewRotation="0" versionNumber="1" StartChannel="7:1">
      <dimmingCurve>
        <all brightness="0" gamma="1.0"/>
      </dimmingCurve>
    </model>
    <model name="Tree Left" DisplayAs="Single Line" StringType="BRG Nodes" parm1="1" parm2="50" parm3="1" StartSide="B" Dir="R" Antialias="0" PixelSize="2" Transparency="0" MyDisplay="1" offsetXpct="0.5418" offsetYpct="0.4953" PreviewScaleX="0.1400" PreviewScaleY="0.2160" PreviewRotation="-91" versionNumber="1" StartChannel="7:451">
      <dimmingCurve>
        <all brightness="0" gamma="1.0"/>
      </dimmingCurve>
    </model>
    <model name="AC Train" DisplayAs="Custom" StringType="Single Color White" parm1="15" parm2="9" parm3="1" StartSide="B" Dir="L" Antialias="0" PixelSize="2" Transparency="0" CustomModel=",,,,,,,,,,,,,,;,,,,,,,,,,,,,,;,,,,,,,,,,,,,,;,,1,1,,,,,,,,,,,;1,,1,1,,,,,,,,,,,;1,1,1,1,,1,1,1,1,,1,1,1,1,;1,1,1,1,,1,1,1,1,,1,1,1,1,;1,1,1,1,,1,1,1,1,,1,1,1,1,;1,1,1,1,1,1,1,1,1,1,1,1,1,1," MyDisplay="1" offsetXpct="0.6726" offsetYpct="0.3080" PreviewScaleX="0.1170" PreviewScaleY="0.0990" PreviewRotation="0" versionNumber="1" StartChannel="6:4">
      <dimmingCurve>
        <all brightness="0" gamma="1.0"/>
      </dimmingCurve>
    </model>
    <model name="Left Window" DisplayAs="Custom" StringType="RGB Nodes" parm1="16" parm2="18" parm3="1" StartSide="B" Dir="L" Antialias="0" PixelSize="2" Transparency="0" CustomModel="18,19,20,21,22,23,24,25,26,27,28,29,30,31,32,33;17,,,,,,,,,,,,,,,34;16,,,,,,,,,,,,,,,35;15,,,,,,,,,,,,,,,36;14,,,,,,,,,,,,,,,37;13,,,,,,,,,,,,,,,38;12,,,,,,,,,,,,,,,39;11,,,,,,,,,,,,,,,40;10,,,,,,,,,,,,,,,41;9,,,,,,,,,,,,,,,42;8,,,,,,,,,,,,,,,43;7,,,,,,,,,,,,,,,44;6,,,,,,,,,,,,,,,45;5,,,,,,,,,,,,,,,46;4,,,,,,,,,,,,,,,47;3,,,,,,,,,,,,,,,48;2,,,,,,,,,,,,,,,49;1,,,,,,,,,,,,,,,50" MyDisplay="1" offsetXpct="0.5260" offsetYpct="0.4820" PreviewScaleX="0.0780" PreviewScaleY="0.2410" PreviewRotation="0" versionNumber="1" StartChannel="5:61">
      <dimmingCurve>
        <all brightness="0" gamma="1.0"/>
      </dimmingCurve>
    </model>
    <model name="Right Window" DisplayAs="Custom" StringType="RGB Nodes" parm1="16" parm2="18" parm3="1" StartSide="B" Dir="L" Antialias="0" PixelSize="2" Transparency="0" CustomModel="18,19,20,21,22,23,24,25,26,27,28,29,30,31,32,33;17,,,,,,,,,,,,,,,34;16,,,,,,,,,,,,,,,35;15,,,,,,,,,,,,,,,36;14,,,,,,,,,,,,,,,37;13,,,,,,,,,,,,,,,38;12,,,,,,,,,,,,,,,39;11,,,,,,,,,,,,,,,40;10,,,,,,,,,,,,,,,41;9,,,,,,,,,,,,,,,42;8,,,,,,,,,,,,,,,43;7,,,,,,,,,,,,,,,44;6,,,,,,,,,,,,,,,45;5,,,,,,,,,,,,,,,46;4,,,,,,,,,,,,,,,47;3,,,,,,,,,,,,,,,48;2,,,,,,,,,,,,,,,49;1,,,,,,,,,,,,,,,50" MyDisplay="1" offsetXpct="0.6876" offsetYpct="0.4881" PreviewScaleX="0.0700" PreviewScaleY="0.2160" PreviewRotation="0" versionNumber="1" StartChannel="5:211">
      <dimmingCurve>
        <all brightness="0" gamma="1.0"/>
      </dimmingCurve>
    </model>
    <model name="Big Star" DisplayAs="Star" StringType="RGB Nodes" starSizes="35,15" parm1="1" parm2="50" parm3="5" StartSide="B" Dir="R" Antialias="0" PixelSize="2" Transparency="0" MyDisplay="1" offsetXpct="0.6532" offsetYpct="0.7464" PreviewScaleX="0.0390" PreviewScaleY="0.0880" PreviewRotation="1" versionNumber="1" StartChannel="151">
      <dimmingCurve>
        <all brightness="0" gamma="1.0"/>
      </dimmingCurve>
    </model>
    <model name="Megatree" Advanced="1" String1="1:451" String2="2:391" String3="1:301" String4="3:31" String5="2:241" String6="1:1" String7="3:481" String8="3:181" String9="2:91" String10="4:121" DisplayAs="Tree 180" StringType="RGB Nodes" parm1="10" parm2="50" parm3="1" StartSide="B" Dir="R" Antialias="0" PixelSize="2" Transparency="0" MyDisplay="1" offsetXpct="0.6532" offsetYpct="0.5021" PreviewScaleX="0.1200" PreviewScaleY="0.4060" PreviewRotation="0" versionNumber="1" StartChannel="1">
      <dimmingCurve>
        <all brightness="0" gamma="1.0"/>
      </dimmingCurve>
    </model>
    <model name="Arches" Advanced="1" String1="8:211" String2="8:181" String3="8:151" String4="8:121" String5="8:91" DisplayAs="Arches" StringType="BRG Nodes" parm1="5" parm2="10" parm3="3" StartSide="B" Dir="R" Antialias="0" PixelSize="2" Transparency="0" MyDisplay="1" offsetXpct="0.7278" offsetYpct="0.2806" PreviewScaleX="0.3660" PreviewScaleY="0.0730" PreviewRotation="0" versionNumber="1" StartChannel="8:91">
      <dimmingCurve>
        <all brightness="0" gamma="1.0"/>
      </dimmingCurve>
    </model>
    <model name="Tree Right" DisplayAs="Single Line" StringType="BRG Nodes" parm1="1" parm2="50" parm3="1" StartSide="B" Dir="L" Antialias="0" PixelSize="2" Transparency="0" MyDisplay="1" offsetXpct="0.7584" offsetYpct="0.4879" PreviewScaleX="0.1270" PreviewScaleY="0.2330" PreviewRotation="89" versionNumber="1" StartChannel="8:241"/>
    <model name="AC Nativity" DisplayAs="Custom" StringType="Single Color White" parm1="5" parm2="5" parm3="1" StartSide="B" Dir="L" Antialias="0" PixelSize="2" Transparency="0" CustomModel=",1,1,1,;1,,,,1;1,1,1,1,1;1,1,1,1,1;1,1,1,1,1" MyDisplay="1" offsetXpct="0.8529" offsetYpct="0.3650" PreviewScaleX="0.1270" PreviewScaleY="0.1580" PreviewRotation="0" versionNumber="1" StartChannel="6:1"/>
    <model name="AC Sign" DisplayAs="Custom" StringType="Single Color White" parm1="4" parm2="2" parm3="1" StartSide="B" Dir="L" Antialias="0" PixelSize="2" Transparency="0" CustomModel="1,1,1,1;1,1,1,1" MyDisplay="1" offsetXpct="0.4642" offsetYpct="0.5769" PreviewScaleX="0.0460" PreviewScaleY="0.0370" PreviewRotation="0" versionNumber="1" StartChannel="6:3"/>
    <model name="AC Truck" DisplayAs="Custom" StringType="Single Color White" parm1="5" parm2="5" parm3="1" StartSide="B" Dir="L" Antialias="0" PixelSize="2" Transparency="0" CustomModel=",1,1,,;,1,1,,;1,1,1,1,1;1,1,1,1,1;1,1,1,1,1" MyDisplay="1" offsetXpct="0.0510" offsetYpct="0.2031" PreviewScaleX="0.0650" PreviewScaleY="0.0990" PreviewRotation="0" versionNumber="1" StartChannel="6:2"/>
  </models>
  <effects version="0004"/>
  <palettes/>
  <views/>
  <modelGroups>
    <modelGroup selected="0" name="RGB Group" models="Big Star,Left Window,Right Window,Roofline,Tree Left,Tree Right" layout="grid" GridSize="400"/>
    <modelGroup name="Inflatables Group" models="AC Nativity,AC Sign,AC Train,AC Truck" layout="minimalGrid" GridSize="400"/>
  </modelGroups>
  <perspectives current="Single Monitor">
    <perspective name="Dual Monitor" settings="layout2|name=ModelPreview;caption=Model Preview;state=2099198;dir=4;layer=0;row=0;pos=6;prop=100000;bestw=200;besth=200;minw=-1;minh=-1;maxw=-1;maxh=-1;floatx=-1;floaty=-1;floatw=-1;floath=-1|name=HousePreview;caption=House Preview;state=2115581;dir=4;layer=0;row=0;pos=2;prop=100000;bestw=200;besth=200;minw=-1;minh=-1;maxw=-1;maxh=-1;floatx=2012;floaty=105;floatw=1392;floath=544|name=EffectAssist;caption=Effect Assist;state=2099198;dir=4;layer=0;row=0;pos=5;prop=100000;bestw=200;besth=200;minw=-1;minh=-1;maxw=-1;maxh=-1;floatx=-1;floaty=-1;floatw=-1;floath=-1|name=DisplayElements;caption=Display Elements;state=2099199;dir=4;layer=0;row=0;pos=0;prop=100000;bestw=326;besth=481;minw=-1;minh=-1;maxw=-1;maxh=-1;floatx=98;floaty=72;floatw=334;floath=505|name=Perspectives;caption=Perspectives;state=2099196;dir=4;layer=0;row=0;pos=2;prop=100000;bestw=171;besth=171;minw=-1;minh=-1;maxw=-1;maxh=-1;floatx=-1;floaty=-1;floatw=-1;floath=-1|name=EffectDropper;caption=Effects;state=2099198;dir=4;layer=0;row=0;pos=4;prop=100000;bestw=150;besth=182;minw=150;minh=150;maxw=-1;maxh=-1;floatx=-1;floaty=-1;floatw=-1;floath=-1|name=Effect;caption=Effect Settings;state=2099196;dir=4;layer=0;row=0;pos=1;prop=125000;bestw=175;besth=175;minw=175;minh=175;maxw=-1;maxh=-1;floatx=-1;floaty=-1;floatw=-1;floath=-1|name=Color;caption=Color;state=2099196;dir=4;layer=0;row=0;pos=0;prop=75000;bestw=184;besth=178;minw=-1;minh=-1;maxw=-1;maxh=-1;floatx=-1;floaty=-1;floatw=-1;floath=-1|name=LayerTiming;caption=Layer Blending;state=2099198;dir=4;layer=0;row=0;pos=0;prop=100000;bestw=778;besth=707;minw=-1;minh=-1;maxw=-1;maxh=-1;floatx=-1;floaty=-1;floatw=-1;floath=-1|name=Main Sequencer;caption=Main Sequencer;state=768;dir=5;layer=0;row=0;pos=0;prop=100000;bestw=250;besth=214;minw=-1;minh=-1;maxw=-1;maxh=-1;floatx=-1;floaty=-1;floatw=-1;floath=-1|dock_size(4,0,0)=419|dock_size(5,0,0)=252|"/>
    <perspective name="Single Monitor" settings="layout2|name=ModelPreview;caption=Model Preview;state=2099198;dir=4;layer=0;row=0;pos=6;prop=100000;bestw=200;besth=200;minw=-1;minh=-1;maxw=-1;maxh=-1;floatx=-1;floaty=-1;floatw=-1;floath=-1|name=HousePreview;caption=House Preview;state=2099196;dir=4;layer=0;row=0;pos=2;prop=100000;bestw=200;besth=200;minw=-1;minh=-1;maxw=-1;maxh=-1;floatx=91;floaty=753;floatw=764;floath=297|name=EffectAssist;caption=Effect Assist;state=2099198;dir=4;layer=0;row=0;pos=5;prop=100000;bestw=200;besth=200;minw=-1;minh=-1;maxw=-1;maxh=-1;floatx=-1;floaty=-1;floatw=-1;floath=-1|name=DisplayElements;caption=Display Elements;state=2115583;dir=4;layer=0;row=0;pos=0;prop=100000;bestw=326;besth=481;minw=-1;minh=-1;maxw=-1;maxh=-1;floatx=98;floaty=72;floatw=334;floath=505|name=Perspectives;caption=Perspectives;state=2099196;dir=4;layer=0;row=0;pos=3;prop=100000;bestw=171;besth=171;minw=-1;minh=-1;maxw=-1;maxh=-1;floatx=-1;floaty=-1;floatw=-1;floath=-1|name=EffectDropper;caption=Effects;state=2099198;dir=4;layer=0;row=0;pos=4;prop=100000;bestw=150;besth=182;minw=150;minh=150;maxw=-1;maxh=-1;floatx=-1;floaty=-1;floatw=-1;floath=-1|name=Effect;caption=Effect Settings;state=2099196;dir=4;layer=0;row=0;pos=1;prop=100000;bestw=175;besth=175;minw=175;minh=175;maxw=-1;maxh=-1;floatx=-1;floaty=-1;floatw=-1;floath=-1|name=Color;caption=Color;state=2099196;dir=4;layer=0;row=0;pos=0;prop=100000;bestw=184;besth=178;minw=-1;minh=-1;maxw=-1;maxh=-1;floatx=-1;floaty=-1;floatw=-1;floath=-1|name=LayerTiming;caption=Layer Blending;state=2099198;dir=4;layer=0;row=0;pos=0;prop=100000;bestw=778;besth=707;minw=-1;minh=-1;maxw=-1;maxh=-1;floatx=-1;floaty=-1;floatw=-1;floath=-1|name=Main Sequencer;caption=Main Sequencer;state=768;dir=5;layer=0;row=0;pos=0;prop=100000;bestw=250;besth=214;minw=-1;minh=-1;maxw=-1;maxh=-1;floatx=-1;floaty=-1;floatw=-1;floath=-1|dock_size(4,0,0)=419|dock_size(5,0,0)=252|"/>
  </perspectives>
  <settings>
    <backgroundImage value="/home/cjd/Owncloud/Lights/House_2015_dim_1280.jpg"/>
    <scaleImage value="0"/>
    <previewWidth value="1280"/>
    <previewHeight value="557"/>
  </settings>
</xrgb>
