<?xml version="1.0" encoding="UTF-8"?>
<xsequence BaseChannel="0" ChanCtrlBasic="0" ChanCtrlColor="0" FixedPointTiming="1">
  <head>
    <version>2016.53</version>
    <author/>
    <author-email/>
    <author-website/>
    <song/>
    <artist/>
    <album/>
    <MusicURL/>
    <comment/>
    <sequenceTiming>50 ms</sequenceTiming>
    <sequenceType>Media</sequenceType>
    <mediaFile>/home/cjd/Owncloud/Lights/Media/PPAP_Pen_Pineapple_Apple_Pen.mp3</mediaFile>
    <sequenceDuration>43.041</sequenceDuration>
    <imageDir/>
  </head>
  <nextid>1</nextid>
  <ColorPalettes>
    <ColorPalette>C_BUTTON_Palette1=#FFFFFF,C_BUTTON_Palette2=#FF0000,C_BUTTON_Palette3=#00FF00,C_BUTTON_Palette4=#0000FF,C_BUTTON_Palette5=#FFFF00,C_BUTTON_Palette6=#000000,C_BUTTON_Palette7=#00FFFF,C_BUTTON_Palette8=#FF00FF,C_CHECKBOX_Palette3=1,C_CHECKBOX_Palette5=1</ColorPalette>
    <ColorPalette>C_BUTTON_Palette1=#FFFFFF,C_BUTTON_Palette2=#FF0000,C_BUTTON_Palette3=#00FF00,C_BUTTON_Palette4=#0000FF,C_BUTTON_Palette5=#FFFF00,C_BUTTON_Palette6=#000000,C_BUTTON_Palette7=#00FFFF,C_BUTTON_Palette8=#FF00FF,C_CHECKBOX_Palette4=1</ColorPalette>
    <ColorPalette>C_BUTTON_Palette1=#FFFFFF,C_BUTTON_Palette2=#FF0000,C_BUTTON_Palette3=#00FF00,C_BUTTON_Palette4=#0000FF,C_BUTTON_Palette5=#FFFF00,C_BUTTON_Palette6=#000000,C_BUTTON_Palette7=#00FFFF,C_BUTTON_Palette8=#FF00FF,C_CHECKBOX_Palette2=1</ColorPalette>
    <ColorPalette>C_BUTTON_Palette1=#0000FF,C_BUTTON_Palette2=#FF0000,C_BUTTON_Palette3=#00FF00,C_BUTTON_Palette4=#0000FF,C_BUTTON_Palette5=#FFFF00,C_BUTTON_Palette6=#000000,C_BUTTON_Palette7=#00FFFF,C_BUTTON_Palette8=#FF00FF,C_CHECKBOX_Palette1=1,C_CHECKBOX_Palette2=1</ColorPalette>
    <ColorPalette>C_BUTTON_Palette1=#0000FF,C_BUTTON_Palette2=#FF0000,C_BUTTON_Palette3=#FFFF00,C_BUTTON_Palette4=#0000FF,C_BUTTON_Palette5=#FFFF00,C_BUTTON_Palette6=#000000,C_BUTTON_Palette7=#00FFFF,C_BUTTON_Palette8=#FF00FF,C_CHECKBOX_Palette2=1,C_CHECKBOX_Palette4=1</ColorPalette>
    <ColorPalette>C_BUTTON_Palette1=#FFFFFF,C_BUTTON_Palette2=#FF0000,C_BUTTON_Palette3=#00FF00,C_BUTTON_Palette4=#0000FF,C_BUTTON_Palette5=#FFFF00,C_BUTTON_Palette6=#000000,C_BUTTON_Palette7=#00FFFF,C_BUTTON_Palette8=#FF00FF,C_CHECKBOX_Palette5=1</ColorPalette>
    <ColorPalette>C_BUTTON_Palette1=#0000FF,C_BUTTON_Palette2=#FF0000,C_BUTTON_Palette3=#00FF00,C_BUTTON_Palette4=#0000FF,C_BUTTON_Palette5=#FFFF00,C_BUTTON_Palette6=#000000,C_BUTTON_Palette7=#00FFFF,C_BUTTON_Palette8=#FF00FF,C_CHECKBOX_Palette4=1,C_CHECKBOX_Palette5=1</ColorPalette>
    <ColorPalette>C_BUTTON_Palette1=#0000FF,C_BUTTON_Palette2=#FF0000,C_BUTTON_Palette3=#FFFF00,C_BUTTON_Palette4=#0000FF,C_BUTTON_Palette5=#FFFF00,C_BUTTON_Palette6=#000000,C_BUTTON_Palette7=#00FFFF,C_BUTTON_Palette8=#FF00FF,C_CHECKBOX_Palette1=1,C_CHECKBOX_Palette3=1</ColorPalette>
    <ColorPalette>C_BUTTON_Palette1=#0000FF,C_BUTTON_Palette2=#FF0000,C_BUTTON_Palette3=#00FF00,C_BUTTON_Palette4=#0000FF,C_BUTTON_Palette5=#FFFF00,C_BUTTON_Palette6=#000000,C_BUTTON_Palette7=#00FFFF,C_BUTTON_Palette8=#FF00FF,C_CHECKBOX_Palette1=1,C_CHECKBOX_Palette5=1</ColorPalette>
    <ColorPalette>C_BUTTON_Palette1=#0000FF,C_BUTTON_Palette2=#FF0000,C_BUTTON_Palette3=#00FF00,C_BUTTON_Palette4=#0000FF,C_BUTTON_Palette5=#FFFF00,C_BUTTON_Palette6=#000000,C_BUTTON_Palette7=#00FFFF,C_BUTTON_Palette8=#FF00FF,C_CHECKBOX_Palette1=1,C_CHECKBOX_Palette2=1,C_CHECKBOX_Palette4=1,C_CHECKBOX_Palette5=1</ColorPalette>
    <ColorPalette>C_BUTTON_Palette1=#0000FF,C_BUTTON_Palette2=#FF0000,C_BUTTON_Palette3=#FFFF00,C_BUTTON_Palette4=#0000FF,C_BUTTON_Palette5=#FFFF00,C_BUTTON_Palette6=#000000,C_BUTTON_Palette7=#00FFFF,C_BUTTON_Palette8=#FF00FF,C_CHECKBOX_Palette1=1,C_CHECKBOX_Palette2=1,C_CHECKBOX_Palette3=1,C_CHECKBOX_Palette4=1</ColorPalette>
    <ColorPalette>C_BUTTON_Palette1=#0000FF,C_BUTTON_Palette2=#FF0000,C_BUTTON_Palette3=#00FF00,C_BUTTON_Palette4=#0000FF,C_BUTTON_Palette5=#FFFF00,C_BUTTON_Palette6=#000000,C_BUTTON_Palette7=#00FFFF,C_BUTTON_Palette8=#FF00FF,C_CHECKBOX_Palette4=1</ColorPalette>
    <ColorPalette>C_BUTTON_Palette1=#0000FF,C_BUTTON_Palette2=#FF0000,C_BUTTON_Palette3=#00FF00,C_BUTTON_Palette4=#0000FF,C_BUTTON_Palette5=#FFFF00,C_BUTTON_Palette6=#000000,C_BUTTON_Palette7=#00FFFF,C_BUTTON_Palette8=#FF00FF,C_CHECKBOX_Palette1=1</ColorPalette>
    <ColorPalette>C_BUTTON_Palette1=#0000FF,C_BUTTON_Palette2=#FF0000,C_BUTTON_Palette3=#00FF00,C_BUTTON_Palette4=#0000FF,C_BUTTON_Palette5=#FFFF00,C_BUTTON_Palette6=#000000,C_BUTTON_Palette7=#00FFFF,C_BUTTON_Palette8=#FF00FF,C_CHECKBOX_Palette2=1</ColorPalette>
    <ColorPalette>C_BUTTON_Palette1=#0000FF,C_BUTTON_Palette2=#FF0000,C_BUTTON_Palette3=#00FF00,C_BUTTON_Palette4=#0000FF,C_BUTTON_Palette5=#FFFF00,C_BUTTON_Palette6=#000000,C_BUTTON_Palette7=#00FFFF,C_BUTTON_Palette8=#FF00FF,C_CHECKBOX_Palette3=1</ColorPalette>
    <ColorPalette>C_BUTTON_Palette1=#0000FF,C_BUTTON_Palette2=#FF0000,C_BUTTON_Palette3=#00FF00,C_BUTTON_Palette4=#0000FF,C_BUTTON_Palette5=#FFFF00,C_BUTTON_Palette6=#000000,C_BUTTON_Palette7=#00FFFF,C_BUTTON_Palette8=#FF00FF,C_CHECKBOX_Palette5=1</ColorPalette>
    <ColorPalette>C_BUTTON_Palette1=#FFFFFF,C_BUTTON_Palette2=#FF0000,C_BUTTON_Palette3=#00FF00,C_BUTTON_Palette4=#0000FF,C_BUTTON_Palette5=#FFFF00,C_BUTTON_Palette6=#000000,C_BUTTON_Palette7=#00FFFF,C_BUTTON_Palette8=#FF00FF,C_CHECKBOX_Palette3=1</ColorPalette>
    <ColorPalette>C_BUTTON_Palette1=#FFFFFF,C_BUTTON_Palette2=#FF0000,C_BUTTON_Palette3=#00FF00,C_BUTTON_Palette4=#0000FF,C_BUTTON_Palette5=#FFFF00,C_BUTTON_Palette6=#000000,C_BUTTON_Palette7=#00FFFF,C_BUTTON_Palette8=#FF00FF,C_CHECKBOX_Palette2=1,C_CHECKBOX_Palette3=1,C_CHECKBOX_Palette5=1</ColorPalette>
    <ColorPalette>C_BUTTON_Palette1=#FFFFFF,C_BUTTON_Palette2=#FF0000,C_BUTTON_Palette3=#00FF00,C_BUTTON_Palette4=#0000FF,C_BUTTON_Palette5=#FFFF00,C_BUTTON_Palette6=#000000,C_BUTTON_Palette7=#00FFFF,C_BUTTON_Palette8=#FF00FF,C_CHECKBOX_Palette1=1,C_CHECKBOX_Palette2=1</ColorPalette>
  </ColorPalettes>
  <EffectDB>
    <Effect>E_CHECKBOX_Curtain_Repeat=0,E_CHOICE_Curtain_Edge=center,E_CHOICE_Curtain_Effect=close,E_SLIDER_Curtain_Swag=3,E_TEXTCTRL_Curtain_Speed=1.0,E_VALUECURVE_Curtain_Speed=Active=FALSE|,E_VALUECURVE_Curtain_Swag=Active=FALSE|</Effect>
    <Effect>E_CHECKBOX_Chase_3dFade1=0,E_CHECKBOX_Chase_Group_All=0,E_CHOICE_Chase_Type1=From Middle,E_CHOICE_SingleStrand_Colors=Palette,E_CHOICE_Skips_Direction=Left,E_NOTEBOOK_SSEFFECT_TYPE=Chase,E_SLIDER_Color_Mix1=10,E_SLIDER_Number_Chases=1,E_SLIDER_Skips_Advance=0,E_SLIDER_Skips_BandSize=1,E_SLIDER_Skips_SkipSize=1,E_SLIDER_Skips_StartPos=1,E_TEXTCTRL_Chase_Rotations=1.0,E_VALUECURVE_Chase_Rotations=Active=FALSE|,E_VALUECURVE_Color_Mix1=Active=FALSE|,E_VALUECURVE_Number_Chases=Active=FALSE|</Effect>
    <Effect>E_CHECKBOX_Fan_Blend_Edges=1,E_CHECKBOX_Fan_Reverse=0,E_NOTEBOOK_Fan=Blades,E_SLIDER_Fan_Accel=0,E_SLIDER_Fan_Blade_Angle=90,E_SLIDER_Fan_Blade_Width=100,E_SLIDER_Fan_CenterX=50,E_SLIDER_Fan_CenterY=50,E_SLIDER_Fan_Duration=100,E_SLIDER_Fan_Element_Width=100,E_SLIDER_Fan_End_Radius=348,E_SLIDER_Fan_Num_Blades=4,E_SLIDER_Fan_Num_Elements=1,E_SLIDER_Fan_Revolutions=720,E_SLIDER_Fan_Start_Angle=0,E_SLIDER_Fan_Start_Radius=1,E_VALUECURVE_Fan_Accel=Active=FALSE|,E_VALUECURVE_Fan_Blade_Angle=Active=FALSE|,E_VALUECURVE_Fan_Blade_Width=Active=FALSE|,E_VALUECURVE_Fan_CenterX=Active=FALSE|,E_VALUECURVE_Fan_CenterY=Active=FALSE|,E_VALUECURVE_Fan_Duration=Active=FALSE|,E_VALUECURVE_Fan_Element_Width=Active=FALSE|,E_VALUECURVE_Fan_End_Radius=Active=FALSE|,E_VALUECURVE_Fan_Num_Blades=Active=FALSE|,E_VALUECURVE_Fan_Num_Elements=Active=FALSE|,E_VALUECURVE_Fan_Revolutions=Active=FALSE|,E_VALUECURVE_Fan_Start_Angle=Active=FALSE|,E_VALUECURVE_Fan_Start_Radius=Active=FALSE|</Effect>
    <Effect>E_CHECKBOX_Fill_Color_Time=0,E_CHECKBOX_Fill_Offset_In_Pixels=1,E_CHECKBOX_Fill_Wrap=1,E_CHOICE_Fill_Direction=Right,E_SLIDER_Fill_Band_Size=0,E_SLIDER_Fill_Offset=0,E_SLIDER_Fill_Skip_Size=0,E_VALUECURVE_Fill_Band_Size=Active=FALSE|,E_VALUECURVE_Fill_Offset=Active=FALSE|,E_VALUECURVE_Fill_Position=Active=TRUE|Id=ID_VALUECURVE_Fill_Position|Type=Ramp|Min=0.00|Max=100.00|P2=50|,E_VALUECURVE_Fill_Skip_Size=Active=FALSE|</Effect>
    <Effect>E_CHECKBOX_Fill_Color_Time=0,E_CHECKBOX_Fill_Offset_In_Pixels=1,E_CHECKBOX_Fill_Wrap=1,E_CHOICE_Fill_Direction=Left,E_SLIDER_Fill_Band_Size=0,E_SLIDER_Fill_Offset=0,E_SLIDER_Fill_Skip_Size=0,E_VALUECURVE_Fill_Band_Size=Active=FALSE|,E_VALUECURVE_Fill_Offset=Active=FALSE|,E_VALUECURVE_Fill_Position=Active=TRUE|Id=ID_VALUECURVE_Fill_Position|Type=Ramp|Min=0.00|Max=100.00|P2=50|,E_VALUECURVE_Fill_Skip_Size=Active=FALSE|</Effect>
    <Effect>E_CHECKBOX_Curtain_Repeat=0,E_CHOICE_Curtain_Edge=center,E_CHOICE_Curtain_Effect=open,E_SLIDER_Curtain_Swag=0,E_TEXTCTRL_Curtain_Speed=1.0,E_VALUECURVE_Curtain_Speed=Active=FALSE|,E_VALUECURVE_Curtain_Swag=Active=FALSE|</Effect>
    <Effect>E_CHECKBOX_Morph_End_Link=0,E_CHECKBOX_Morph_Start_Link=0,E_CHECKBOX_ShowHeadAtStart=0,E_NOTEBOOK_Morph=Start,E_SLIDER_MorphAccel=0,E_SLIDER_MorphDuration=20,E_SLIDER_MorphEndLength=1,E_SLIDER_MorphStartLength=1,E_SLIDER_Morph_End_X1=0,E_SLIDER_Morph_End_X2=100,E_SLIDER_Morph_End_Y1=0,E_SLIDER_Morph_End_Y2=0,E_SLIDER_Morph_Repeat_Count=41,E_SLIDER_Morph_Repeat_Skip=1,E_SLIDER_Morph_Stagger=0,E_SLIDER_Morph_Start_X1=0,E_SLIDER_Morph_Start_X2=100,E_SLIDER_Morph_Start_Y1=100,E_SLIDER_Morph_Start_Y2=100,E_VALUECURVE_MorphAccel=Active=FALSE|,E_VALUECURVE_MorphDuration=Active=FALSE|,E_VALUECURVE_MorphEndLength=Active=FALSE|,E_VALUECURVE_MorphStartLength=Active=FALSE|,E_VALUECURVE_Morph_End_X1=Active=FALSE|,E_VALUECURVE_Morph_End_X2=Active=FALSE|,E_VALUECURVE_Morph_End_Y1=Active=FALSE|,E_VALUECURVE_Morph_End_Y2=Active=FALSE|,E_VALUECURVE_Morph_Repeat_Count=Active=FALSE|,E_VALUECURVE_Morph_Repeat_Skip=Active=FALSE|,E_VALUECURVE_Morph_Stagger=Active=FALSE|,E_VALUECURVE_Morph_Start_X1=Active=FALSE|,E_VALUECURVE_Morph_Start_X2=Active=FALSE|,E_VALUECURVE_Morph_Start_Y1=Active=FALSE|,E_VALUECURVE_Morph_Start_Y2=Active=FALSE|</Effect>
    <Effect></Effect>
    <Effect>E_CHECKBOX_Fan_Blend_Edges=1,E_CHECKBOX_Fan_Reverse=0,E_NOTEBOOK_Fan=Options,E_SLIDER_Fan_Accel=0,E_SLIDER_Fan_Blade_Angle=90,E_SLIDER_Fan_Blade_Width=100,E_SLIDER_Fan_CenterX=50,E_SLIDER_Fan_CenterY=50,E_SLIDER_Fan_Duration=100,E_SLIDER_Fan_Element_Width=100,E_SLIDER_Fan_End_Radius=500,E_SLIDER_Fan_Num_Blades=4,E_SLIDER_Fan_Num_Elements=1,E_SLIDER_Fan_Revolutions=270,E_SLIDER_Fan_Start_Angle=0,E_SLIDER_Fan_Start_Radius=1,E_VALUECURVE_Fan_Accel=Active=FALSE|,E_VALUECURVE_Fan_Blade_Angle=Active=FALSE|,E_VALUECURVE_Fan_Blade_Width=Active=FALSE|,E_VALUECURVE_Fan_CenterX=Active=FALSE|,E_VALUECURVE_Fan_CenterY=Active=FALSE|,E_VALUECURVE_Fan_Duration=Active=FALSE|,E_VALUECURVE_Fan_Element_Width=Active=FALSE|,E_VALUECURVE_Fan_End_Radius=Active=FALSE|,E_VALUECURVE_Fan_Num_Blades=Active=FALSE|,E_VALUECURVE_Fan_Num_Elements=Active=FALSE|,E_VALUECURVE_Fan_Revolutions=Active=FALSE|,E_VALUECURVE_Fan_Start_Angle=Active=FALSE|,E_VALUECURVE_Fan_Start_Radius=Active=FALSE|</Effect>
    <Effect>E_CHECKBOX_Circles_Bounce=0,E_CHECKBOX_Circles_Bubbles=0,E_CHECKBOX_Circles_Collide=0,E_CHECKBOX_Circles_Linear_Fade=0,E_CHECKBOX_Circles_Plasma=0,E_CHECKBOX_Circles_Radial=1,E_CHECKBOX_Circles_Radial_3D=0,E_CHECKBOX_Circles_Random_m=0,E_SLIDER_Circles_Count=4,E_SLIDER_Circles_Size=12,E_SLIDER_Circles_Speed=15,E_VALUECURVE_Circles_Count=Active=FALSE|,E_VALUECURVE_Circles_Size=Active=FALSE|,E_VALUECURVE_Circles_Speed=Active=FALSE|</Effect>
    <Effect>E_CHECKBOX_Chase_3dFade1=0,E_CHECKBOX_Chase_Group_All=1,E_CHOICE_Chase_Type1=Left-Right,E_CHOICE_SingleStrand_Colors=Rainbow,E_CHOICE_Skips_Direction=Left,E_NOTEBOOK_SSEFFECT_TYPE=Chase,E_SLIDER_Color_Mix1=13,E_SLIDER_Number_Chases=2,E_SLIDER_Skips_Advance=0,E_SLIDER_Skips_BandSize=1,E_SLIDER_Skips_SkipSize=1,E_SLIDER_Skips_StartPos=1,E_TEXTCTRL_Chase_Rotations=1.0,E_VALUECURVE_Chase_Rotations=Active=FALSE|,E_VALUECURVE_Color_Mix1=Active=FALSE|,E_VALUECURVE_Number_Chases=Active=FALSE|</Effect>
    <Effect>E_CHECKBOX_Chase_3dFade1=0,E_CHECKBOX_Chase_Group_All=0,E_CHOICE_Chase_Type1=Bounce from Left,E_CHOICE_SingleStrand_Colors=Palette,E_CHOICE_Skips_Direction=Left,E_NOTEBOOK_SSEFFECT_TYPE=Chase,E_SLIDER_Color_Mix1=10,E_SLIDER_Number_Chases=1,E_SLIDER_Skips_Advance=0,E_SLIDER_Skips_BandSize=1,E_SLIDER_Skips_SkipSize=1,E_SLIDER_Skips_StartPos=1,E_TEXTCTRL_Chase_Rotations=1.0,E_VALUECURVE_Chase_Rotations=Active=FALSE|,E_VALUECURVE_Color_Mix1=Active=FALSE|,E_VALUECURVE_Number_Chases=Active=FALSE|</Effect>
    <Effect>E_CHECKBOX_Chase_3dFade1=0,E_CHECKBOX_Chase_Group_All=1,E_CHOICE_Chase_Type1=Left-Right,E_CHOICE_SingleStrand_Colors=Rainbow,E_CHOICE_Skips_Direction=Left,E_NOTEBOOK_SSEFFECT_TYPE=Chase,E_SLIDER_Color_Mix1=10,E_SLIDER_Number_Chases=1,E_SLIDER_Skips_Advance=0,E_SLIDER_Skips_BandSize=1,E_SLIDER_Skips_SkipSize=1,E_SLIDER_Skips_StartPos=1,E_TEXTCTRL_Chase_Rotations=1.0,E_VALUECURVE_Chase_Rotations=Active=FALSE|,E_VALUECURVE_Color_Mix1=Active=FALSE|,E_VALUECURVE_Number_Chases=Active=FALSE|</Effect>
    <Effect>E_CHECKBOX_Chase_3dFade1=0,E_CHECKBOX_Chase_Group_All=1,E_CHOICE_Chase_Type1=Bounce from Left,E_CHOICE_SingleStrand_Colors=Palette,E_CHOICE_Skips_Direction=Left,E_NOTEBOOK_SSEFFECT_TYPE=Chase,E_SLIDER_Color_Mix1=10,E_SLIDER_Number_Chases=1,E_SLIDER_Skips_Advance=0,E_SLIDER_Skips_BandSize=1,E_SLIDER_Skips_SkipSize=1,E_SLIDER_Skips_StartPos=1,E_TEXTCTRL_Chase_Rotations=1.0,E_VALUECURVE_Chase_Rotations=Active=FALSE|,E_VALUECURVE_Color_Mix1=Active=FALSE|,E_VALUECURVE_Number_Chases=Active=FALSE|</Effect>
    <Effect>E_CHECKBOX_Chase_3dFade1=0,E_CHECKBOX_Chase_Group_All=0,E_CHOICE_Chase_Type1=Left-Right,E_CHOICE_SingleStrand_Colors=Palette,E_CHOICE_Skips_Direction=Left,E_NOTEBOOK_SSEFFECT_TYPE=Chase,E_SLIDER_Color_Mix1=2,E_SLIDER_Number_Chases=1,E_SLIDER_Skips_Advance=0,E_SLIDER_Skips_BandSize=1,E_SLIDER_Skips_SkipSize=1,E_SLIDER_Skips_StartPos=1,E_TEXTCTRL_Chase_Rotations=3.2,E_VALUECURVE_Chase_Rotations=Active=FALSE|,E_VALUECURVE_Color_Mix1=Active=FALSE|,E_VALUECURVE_Number_Chases=Active=FALSE|</Effect>
    <Effect>E_CHECKBOX_Chase_3dFade1=0,E_CHECKBOX_Chase_Group_All=0,E_CHOICE_Chase_Type1=Left-Right,E_CHOICE_SingleStrand_Colors=Palette,E_CHOICE_Skips_Direction=Left,E_NOTEBOOK_SSEFFECT_TYPE=Chase,E_SLIDER_Color_Mix1=2,E_SLIDER_Number_Chases=2,E_SLIDER_Skips_Advance=0,E_SLIDER_Skips_BandSize=1,E_SLIDER_Skips_SkipSize=1,E_SLIDER_Skips_StartPos=1,E_TEXTCTRL_Chase_Rotations=3.2,E_VALUECURVE_Chase_Rotations=Active=FALSE|,E_VALUECURVE_Color_Mix1=Active=FALSE|,E_VALUECURVE_Number_Chases=Active=FALSE|</Effect>
    <Effect>E_CHECKBOX_Morph_End_Link=0,E_CHECKBOX_Morph_Start_Link=0,E_CHECKBOX_ShowHeadAtStart=0,E_NOTEBOOK_Morph=Options,E_SLIDER_MorphAccel=0,E_SLIDER_MorphDuration=20,E_SLIDER_MorphEndLength=1,E_SLIDER_MorphStartLength=1,E_SLIDER_Morph_End_X1=0,E_SLIDER_Morph_End_X2=100,E_SLIDER_Morph_End_Y1=100,E_SLIDER_Morph_End_Y2=100,E_SLIDER_Morph_Repeat_Count=29,E_SLIDER_Morph_Repeat_Skip=1,E_SLIDER_Morph_Stagger=0,E_SLIDER_Morph_Start_X1=0,E_SLIDER_Morph_Start_X2=100,E_SLIDER_Morph_Start_Y1=0,E_SLIDER_Morph_Start_Y2=0,E_VALUECURVE_MorphAccel=Active=FALSE|,E_VALUECURVE_MorphDuration=Active=FALSE|,E_VALUECURVE_MorphEndLength=Active=FALSE|,E_VALUECURVE_MorphStartLength=Active=FALSE|,E_VALUECURVE_Morph_End_X1=Active=FALSE|,E_VALUECURVE_Morph_End_X2=Active=FALSE|,E_VALUECURVE_Morph_End_Y1=Active=FALSE|,E_VALUECURVE_Morph_End_Y2=Active=FALSE|,E_VALUECURVE_Morph_Repeat_Count=Active=FALSE|,E_VALUECURVE_Morph_Repeat_Skip=Active=FALSE|,E_VALUECURVE_Morph_Stagger=Active=FALSE|,E_VALUECURVE_Morph_Start_X1=Active=FALSE|,E_VALUECURVE_Morph_Start_X2=Active=FALSE|,E_VALUECURVE_Morph_Start_Y1=Active=FALSE|,E_VALUECURVE_Morph_Start_Y2=Active=FALSE|</Effect>
    <Effect>E_CHECKBOX_Pinwheel_Rotation=1,E_CHOICE_Pinwheel_3D=None,E_SLIDER_PinwheelXC=0,E_SLIDER_PinwheelYC=0,E_SLIDER_Pinwheel_ArmSize=100,E_SLIDER_Pinwheel_Arms=3,E_SLIDER_Pinwheel_Speed=10,E_SLIDER_Pinwheel_Thickness=100,E_SLIDER_Pinwheel_Twist=0,E_VALUECURVE_PinwheelXC=Active=FALSE|,E_VALUECURVE_PinwheelYC=Active=FALSE|,E_VALUECURVE_Pinwheel_ArmSize=Active=FALSE|,E_VALUECURVE_Pinwheel_Speed=Active=FALSE|,E_VALUECURVE_Pinwheel_Thickness=Active=FALSE|,E_VALUECURVE_Pinwheel_Twist=Active=FALSE|</Effect>
    <Effect>E_CHECKBOX_Fan_Blend_Edges=1,E_CHECKBOX_Fan_Reverse=0,E_NOTEBOOK_Fan=Blades,E_SLIDER_Fan_Accel=0,E_SLIDER_Fan_Blade_Angle=90,E_SLIDER_Fan_Blade_Width=100,E_SLIDER_Fan_CenterX=50,E_SLIDER_Fan_CenterY=50,E_SLIDER_Fan_Duration=100,E_SLIDER_Fan_Element_Width=100,E_SLIDER_Fan_End_Radius=348,E_SLIDER_Fan_Num_Blades=3,E_SLIDER_Fan_Num_Elements=1,E_SLIDER_Fan_Revolutions=720,E_SLIDER_Fan_Start_Angle=0,E_SLIDER_Fan_Start_Radius=1,E_VALUECURVE_Fan_Accel=Active=FALSE|,E_VALUECURVE_Fan_Blade_Angle=Active=FALSE|,E_VALUECURVE_Fan_Blade_Width=Active=FALSE|,E_VALUECURVE_Fan_CenterX=Active=FALSE|,E_VALUECURVE_Fan_CenterY=Active=FALSE|,E_VALUECURVE_Fan_Duration=Active=FALSE|,E_VALUECURVE_Fan_Element_Width=Active=FALSE|,E_VALUECURVE_Fan_End_Radius=Active=FALSE|,E_VALUECURVE_Fan_Num_Blades=Active=FALSE|,E_VALUECURVE_Fan_Num_Elements=Active=FALSE|,E_VALUECURVE_Fan_Revolutions=Active=FALSE|,E_VALUECURVE_Fan_Start_Angle=Active=FALSE|,E_VALUECURVE_Fan_Start_Radius=Active=FALSE|</Effect>
    <Effect>E_CHECKBOX_Pictures_PixelOffsets=0,E_CHECKBOX_Pictures_ScaleToFit=0,E_CHECKBOX_Pictures_Shimmer=0,E_CHECKBOX_Pictures_WrapX=0,E_CHOICE_Pictures_Direction=down-left,E_FILEPICKER_Pictures_Filename=/home/cjd/Owncloud/Lights/Media/PPAP/Pen.gif,E_SLIDER_PicturesXC=0,E_SLIDER_PicturesYC=0,E_SLIDER_Pictures_EndScale=100,E_SLIDER_Pictures_StartScale=100,E_TEXTCTRL_Pictures_FrameRateAdj=1.0,E_TEXTCTRL_Pictures_Speed=1.0</Effect>
    <Effect>E_CHECKBOX_Pictures_PixelOffsets=0,E_CHECKBOX_Pictures_ScaleToFit=0,E_CHECKBOX_Pictures_Shimmer=0,E_CHECKBOX_Pictures_WrapX=0,E_CHOICE_Pictures_Direction=down-right,E_FILEPICKER_Pictures_Filename=/home/cjd/Owncloud/Lights/Media/PPAP/Apple.gif,E_SLIDER_PicturesXC=0,E_SLIDER_PicturesYC=0,E_SLIDER_Pictures_EndScale=100,E_SLIDER_Pictures_StartScale=100,E_TEXTCTRL_Pictures_FrameRateAdj=1.0,E_TEXTCTRL_Pictures_Speed=1.0</Effect>
    <Effect>E_CHECKBOX_Pictures_PixelOffsets=0,E_CHECKBOX_Pictures_ScaleToFit=0,E_CHECKBOX_Pictures_Shimmer=0,E_CHECKBOX_Pictures_WrapX=0,E_CHOICE_Pictures_Direction=none,E_FILEPICKER_Pictures_Filename=/home/cjd/Owncloud/Lights/Media/PPAP/applepen.gif,E_SLIDER_PicturesXC=0,E_SLIDER_PicturesYC=0,E_SLIDER_Pictures_EndScale=100,E_SLIDER_Pictures_StartScale=100,E_TEXTCTRL_Pictures_FrameRateAdj=1.0,E_TEXTCTRL_Pictures_Speed=1.0</Effect>
    <Effect>E_CHECKBOX_Pictures_PixelOffsets=0,E_CHECKBOX_Pictures_ScaleToFit=0,E_CHECKBOX_Pictures_Shimmer=0,E_CHECKBOX_Pictures_WrapX=0,E_CHOICE_Pictures_Direction=down-right,E_FILEPICKER_Pictures_Filename=/home/cjd/Owncloud/Lights/Media/PPAP/Pineapple.gif,E_SLIDER_PicturesXC=0,E_SLIDER_PicturesYC=0,E_SLIDER_Pictures_EndScale=100,E_SLIDER_Pictures_StartScale=100,E_TEXTCTRL_Pictures_FrameRateAdj=1.0,E_TEXTCTRL_Pictures_Speed=1.0</Effect>
    <Effect>E_CHECKBOX_Pictures_PixelOffsets=0,E_CHECKBOX_Pictures_ScaleToFit=0,E_CHECKBOX_Pictures_Shimmer=0,E_CHECKBOX_Pictures_WrapX=0,E_CHOICE_Pictures_Direction=none,E_FILEPICKER_Pictures_Filename=/home/cjd/Owncloud/Lights/Media/PPAP/Pineapplepen.gif,E_SLIDER_PicturesXC=0,E_SLIDER_PicturesYC=0,E_SLIDER_Pictures_EndScale=100,E_SLIDER_Pictures_StartScale=100,E_TEXTCTRL_Pictures_FrameRateAdj=1.0,E_TEXTCTRL_Pictures_Speed=1.0</Effect>
    <Effect>E_CHECKBOX_Pictures_PixelOffsets=0,E_CHECKBOX_Pictures_ScaleToFit=0,E_CHECKBOX_Pictures_Shimmer=0,E_CHECKBOX_Pictures_WrapX=0,E_CHOICE_Pictures_Direction=none,E_FILEPICKER_Pictures_Filename=/home/cjd/Owncloud/Lights/Media/PPAP/ppap.gif,E_SLIDER_PicturesXC=0,E_SLIDER_PicturesYC=0,E_SLIDER_Pictures_EndScale=100,E_SLIDER_Pictures_StartScale=100,E_TEXTCTRL_Pictures_FrameRateAdj=1.0,E_TEXTCTRL_Pictures_Speed=1.0</Effect>
    <Effect>E_CHECKBOX_Pictures_PixelOffsets=0,E_CHECKBOX_Pictures_ScaleToFit=0,E_CHECKBOX_Pictures_Shimmer=0,E_CHECKBOX_Pictures_WrapX=0,E_CHOICE_Pictures_Direction=down-left,E_FILEPICKER_Pictures_Filename=/home/cjd/Owncloud/Lights/Media/PPAP/Pen.gif,E_SLIDER_PicturesXC=0,E_SLIDER_PicturesYC=10,E_SLIDER_Pictures_EndScale=100,E_SLIDER_Pictures_StartScale=100,E_TEXTCTRL_Pictures_FrameRateAdj=1.0,E_TEXTCTRL_Pictures_Speed=1.0</Effect>
    <Effect>E_CHECKBOX_Pictures_PixelOffsets=0,E_CHECKBOX_Pictures_ScaleToFit=0,E_CHECKBOX_Pictures_Shimmer=0,E_CHECKBOX_Pictures_WrapX=0,E_CHOICE_Pictures_Direction=down-right,E_FILEPICKER_Pictures_Filename=/home/cjd/Owncloud/Lights/Media/PPAP/Apple.gif,E_SLIDER_PicturesXC=0,E_SLIDER_PicturesYC=10,E_SLIDER_Pictures_EndScale=100,E_SLIDER_Pictures_StartScale=100,E_TEXTCTRL_Pictures_FrameRateAdj=1.0,E_TEXTCTRL_Pictures_Speed=1.0</Effect>
    <Effect>E_CHECKBOX_Pictures_PixelOffsets=1,E_CHECKBOX_Pictures_ScaleToFit=0,E_CHECKBOX_Pictures_Shimmer=0,E_CHECKBOX_Pictures_WrapX=0,E_CHOICE_Pictures_Direction=none,E_FILEPICKER_Pictures_Filename=/home/cjd/Owncloud/Lights/Media/PPAP/applepen.gif,E_SLIDER_PicturesXC=0,E_SLIDER_PicturesYC=10,E_SLIDER_Pictures_EndScale=100,E_SLIDER_Pictures_StartScale=100,E_TEXTCTRL_Pictures_FrameRateAdj=1.0,E_TEXTCTRL_Pictures_Speed=1.0</Effect>
    <Effect>E_CHECKBOX_Pictures_PixelOffsets=0,E_CHECKBOX_Pictures_ScaleToFit=0,E_CHECKBOX_Pictures_Shimmer=0,E_CHECKBOX_Pictures_WrapX=0,E_CHOICE_Pictures_Direction=down-right,E_FILEPICKER_Pictures_Filename=/home/cjd/Owncloud/Lights/Media/PPAP/Pineapple.gif,E_SLIDER_PicturesXC=0,E_SLIDER_PicturesYC=10,E_SLIDER_Pictures_EndScale=100,E_SLIDER_Pictures_StartScale=100,E_TEXTCTRL_Pictures_FrameRateAdj=1.0,E_TEXTCTRL_Pictures_Speed=1.0</Effect>
    <Effect>E_CHECKBOX_Pictures_PixelOffsets=1,E_CHECKBOX_Pictures_ScaleToFit=0,E_CHECKBOX_Pictures_Shimmer=0,E_CHECKBOX_Pictures_WrapX=0,E_CHOICE_Pictures_Direction=none,E_FILEPICKER_Pictures_Filename=/home/cjd/Owncloud/Lights/Media/PPAP/Pineapplepen.gif,E_SLIDER_PicturesXC=0,E_SLIDER_PicturesYC=10,E_SLIDER_Pictures_EndScale=100,E_SLIDER_Pictures_StartScale=100,E_TEXTCTRL_Pictures_FrameRateAdj=1.0,E_TEXTCTRL_Pictures_Speed=1.0</Effect>
    <Effect>E_CHECKBOX_Pictures_PixelOffsets=0,E_CHECKBOX_Pictures_ScaleToFit=1,E_CHECKBOX_Pictures_Shimmer=0,E_CHECKBOX_Pictures_WrapX=0,E_CHOICE_Pictures_Direction=none,E_FILEPICKER_Pictures_Filename=/home/cjd/Owncloud/Lights/Media/PPAP/ppap.gif,E_SLIDER_PicturesXC=0,E_SLIDER_PicturesYC=0,E_SLIDER_Pictures_EndScale=100,E_SLIDER_Pictures_StartScale=100,E_TEXTCTRL_Pictures_FrameRateAdj=1.0,E_TEXTCTRL_Pictures_Speed=1.0</Effect>
    <Effect>E_CHECKBOX_Faces_Outline=1,E_CHOICE_Faces_Eyes=Auto,E_CHOICE_Faces_FaceDefinition=Singer,E_CHOICE_Faces_TimingTrack=Lyrics</Effect>
  </EffectDB>
  <DataLayers>
    <DataLayer lor_params="32741" channel_offset="0" num_channels="0" num_frames="0" data="&lt;rendered: erase-mode&gt;" source="&lt;auto-generated&gt;" name="Nutcracker"/>
  </DataLayers>
  <DisplayElements>
    <Element collapsed="0" type="timing" name="Bars" visible="1" views="" active="1"/>
    <Element collapsed="0" type="timing" name="Lyrics" visible="1" views="" active="0"/>
    <Element collapsed="0" type="timing" name="Beats" visible="1" views="" active="0"/>
    <Element collapsed="0" type="model" name="Group - RGB" visible="1"/>
    <Element collapsed="0" type="model" name="Arches" visible="1"/>
    <Element collapsed="0" type="model" name="Candy Canes" visible="1"/>
    <Element collapsed="0" type="model" name="Group - Mini Trees" visible="1"/>
    <Element collapsed="0" type="model" name="Group - Stars" visible="1"/>
    <Element collapsed="0" type="model" name="Megatree" visible="1"/>
    <Element collapsed="0" type="model" name="Shirt Matrix" visible="1"/>
    <Element collapsed="0" type="model" name="Singing_Tree" visible="1"/>
  </DisplayElements>
  <ElementEffects>
    <Element type="timing" name="Bars">
      <EffectLayer>
        <Effect label="1" startTime="0" endTime="1800"></Effect>
        <Effect label="2" startTime="1800" endTime="3550"></Effect>
        <Effect label="3" startTime="3550" endTime="5300"></Effect>
        <Effect label="4" startTime="5300" endTime="7100"></Effect>
        <Effect label="5" startTime="7100" endTime="8850"></Effect>
        <Effect label="6" startTime="8850" endTime="10600"></Effect>
        <Effect label="7" startTime="10600" endTime="12400"></Effect>
        <Effect label="8" startTime="12400" endTime="14150"></Effect>
        <Effect label="9" startTime="14150" endTime="15900"></Effect>
        <Effect label="10" startTime="15900" endTime="17650"></Effect>
        <Effect label="11" startTime="17650" endTime="19450"></Effect>
        <Effect label="12" startTime="19450" endTime="21200"></Effect>
        <Effect label="13" startTime="21200" endTime="22950"></Effect>
        <Effect label="14" startTime="22950" endTime="24750"></Effect>
        <Effect label="15" startTime="24750" endTime="26500"></Effect>
        <Effect label="16" startTime="26500" endTime="28250"></Effect>
        <Effect label="17" startTime="28250" endTime="30050"></Effect>
        <Effect label="18" startTime="30050" endTime="31800"></Effect>
        <Effect label="19" startTime="31800" endTime="33550"></Effect>
        <Effect label="20" startTime="33550" endTime="35300"></Effect>
        <Effect label="21" startTime="35300" endTime="37150"></Effect>
        <Effect label="22" startTime="37150" endTime="38950"></Effect>
        <Effect label="23" startTime="38950" endTime="40750"></Effect>
        <Effect label="24" startTime="40750" endTime="42600"></Effect>
        <Effect label="25" startTime="42600" endTime="42600"></Effect>
      </EffectLayer>
    </Element>
    <Element type="timing" name="Lyrics">
      <EffectLayer>
        <Effect label="P P A P" startTime="2700" endTime="3550"></Effect>
        <Effect label="I have a pen, I have a apple" startTime="10600" endTime="15000"></Effect>
        <Effect label="Uh! Apple Pen!" startTime="15000" endTime="17700"></Effect>
        <Effect label="I have a pen, I have pineapple" startTime="17700" endTime="22100"></Effect>
        <Effect label="Uh! Pineapple Pen!" startTime="22100" endTime="24750"></Effect>
        <Effect label="Apple Pen, Pineapple Pen" startTime="24750" endTime="29150"></Effect>
        <Effect label="Uh! Pen Pineapple Apple Pen" startTime="29150" endTime="31800"></Effect>
        <Effect label="Pen Pineapple Apple Pen" startTime="37100" endTime="38850"></Effect>
      </EffectLayer>
      <EffectLayer>
        <Effect label="P" startTime="2700" endTime="2900"></Effect>
        <Effect label="P" startTime="2900" endTime="3100"></Effect>
        <Effect label="A" startTime="3100" endTime="3350"></Effect>
        <Effect label="P" startTime="3350" endTime="3550"></Effect>
        <Effect label="I" startTime="10600" endTime="10950"></Effect>
        <Effect label="have" startTime="10950" endTime="11250"></Effect>
        <Effect label="a" startTime="11250" endTime="11500"></Effect>
        <Effect label="pen," startTime="11500" endTime="12400"></Effect>
        <Effect label="I" startTime="12400" endTime="12750"></Effect>
        <Effect label="have" startTime="12750" endTime="13000"></Effect>
        <Effect label="a" startTime="13000" endTime="13100"></Effect>
        <Effect label="apple" startTime="13100" endTime="14150"></Effect>
        <Effect label="Uh!" startTime="14150" endTime="15900"></Effect>
        <Effect label="Apple" startTime="15900" endTime="16550"></Effect>
        <Effect label="Pen!" startTime="16550" endTime="17700"></Effect>
        <Effect label="I" startTime="17700" endTime="18050"></Effect>
        <Effect label="have" startTime="18050" endTime="18400"></Effect>
        <Effect label="a" startTime="18400" endTime="18600"></Effect>
        <Effect label="pen," startTime="18600" endTime="19450"></Effect>
        <Effect label="I" startTime="19450" endTime="19850"></Effect>
        <Effect label="have" startTime="19850" endTime="20050"></Effect>
        <Effect label="pineapple" startTime="20050" endTime="20950"></Effect>
        <Effect label="Uh!" startTime="22100" endTime="22900"></Effect>
        <Effect label="Pineapple" startTime="22900" endTime="23650"></Effect>
        <Effect label="Pen!" startTime="23650" endTime="24750"></Effect>
        <Effect label="Apple" startTime="24750" endTime="25400"></Effect>
        <Effect label="Pen," startTime="25400" endTime="26500"></Effect>
        <Effect label="Pineapple" startTime="26500" endTime="27150"></Effect>
        <Effect label="Pen" startTime="27150" endTime="28250"></Effect>
        <Effect label="Uh!" startTime="29150" endTime="30050"></Effect>
        <Effect label="Pen" startTime="30050" endTime="30250"></Effect>
        <Effect label="Pineapple" startTime="30250" endTime="30900"></Effect>
        <Effect label="Apple" startTime="30900" endTime="31400"></Effect>
        <Effect label="Pen" startTime="31400" endTime="31800"></Effect>
        <Effect label="Pen" startTime="37100" endTime="37350"></Effect>
        <Effect label="Pineapple" startTime="37350" endTime="38000"></Effect>
        <Effect label="Apple" startTime="38000" endTime="38500"></Effect>
        <Effect label="Pen" startTime="38500" endTime="38850"></Effect>
      </EffectLayer>
      <EffectLayer>
        <Effect label="MBP" startTime="2700" endTime="2750"></Effect>
        <Effect label="E" startTime="2750" endTime="2900"></Effect>
        <Effect label="MBP" startTime="2900" endTime="3000"></Effect>
        <Effect label="E" startTime="3000" endTime="3100"></Effect>
        <Effect label="AI" startTime="3100" endTime="3350"></Effect>
        <Effect label="MBP" startTime="3350" endTime="3400"></Effect>
        <Effect label="E" startTime="3400" endTime="3550"></Effect>
        <Effect label="AI" startTime="10600" endTime="10950"></Effect>
        <Effect label="etc" startTime="10950" endTime="11050"></Effect>
        <Effect label="AI" startTime="11050" endTime="11150"></Effect>
        <Effect label="FV" startTime="11150" endTime="11250"></Effect>
        <Effect label="AI" startTime="11250" endTime="11500"></Effect>
        <Effect label="MBP" startTime="11500" endTime="11800"></Effect>
        <Effect label="E" startTime="11800" endTime="12100"></Effect>
        <Effect label="etc" startTime="12100" endTime="12400"></Effect>
        <Effect label="AI" startTime="12400" endTime="12750"></Effect>
        <Effect label="etc" startTime="12750" endTime="12850"></Effect>
        <Effect label="AI" startTime="12850" endTime="12900"></Effect>
        <Effect label="FV" startTime="12900" endTime="13000"></Effect>
        <Effect label="AI" startTime="13000" endTime="13100"></Effect>
        <Effect label="AI" startTime="13100" endTime="13300"></Effect>
        <Effect label="MBP" startTime="13300" endTime="13600"></Effect>
        <Effect label="AI" startTime="13600" endTime="13900"></Effect>
        <Effect label="L" startTime="13900" endTime="14150"></Effect>
        <Effect label="AI" startTime="15000" endTime="15900"></Effect>
        <Effect label="AI" startTime="15900" endTime="16050"></Effect>
        <Effect label="MBP" startTime="16050" endTime="16200"></Effect>
        <Effect label="AI" startTime="16200" endTime="16400"></Effect>
        <Effect label="L" startTime="16400" endTime="16550"></Effect>
        <Effect label="MBP" startTime="16550" endTime="16600"></Effect>
        <Effect label="E" startTime="16600" endTime="17650"></Effect>
        <Effect label="etc" startTime="17650" endTime="17700"></Effect>
        <Effect label="AI" startTime="17700" endTime="18050"></Effect>
        <Effect label="etc" startTime="18050" endTime="18150"></Effect>
        <Effect label="AI" startTime="18150" endTime="18300"></Effect>
        <Effect label="FV" startTime="18300" endTime="18400"></Effect>
        <Effect label="AI" startTime="18400" endTime="18600"></Effect>
        <Effect label="MBP" startTime="18600" endTime="18650"></Effect>
        <Effect label="E" startTime="18650" endTime="19400"></Effect>
        <Effect label="etc" startTime="19400" endTime="19450"></Effect>
        <Effect label="AI" startTime="19450" endTime="19850"></Effect>
        <Effect label="etc" startTime="19850" endTime="19900"></Effect>
        <Effect label="AI" startTime="19900" endTime="20000"></Effect>
        <Effect label="FV" startTime="20000" endTime="20050"></Effect>
        <Effect label="MBP" startTime="20050" endTime="20200"></Effect>
        <Effect label="AI" startTime="20200" endTime="20300"></Effect>
        <Effect label="etc" startTime="20300" endTime="20450"></Effect>
        <Effect label="AI" startTime="20450" endTime="20550"></Effect>
        <Effect label="MBP" startTime="20550" endTime="20700"></Effect>
        <Effect label="AI" startTime="20700" endTime="20800"></Effect>
        <Effect label="L" startTime="20800" endTime="20950"></Effect>
        <Effect label="AI" startTime="22100" endTime="22900"></Effect>
        <Effect label="MBP" startTime="22900" endTime="23000"></Effect>
        <Effect label="AI" startTime="23000" endTime="23100"></Effect>
        <Effect label="etc" startTime="23100" endTime="23200"></Effect>
        <Effect label="AI" startTime="23200" endTime="23350"></Effect>
        <Effect label="MBP" startTime="23350" endTime="23450"></Effect>
        <Effect label="AI" startTime="23450" endTime="23550"></Effect>
        <Effect label="L" startTime="23550" endTime="23650"></Effect>
        <Effect label="MBP" startTime="23650" endTime="23700"></Effect>
        <Effect label="E" startTime="23700" endTime="24700"></Effect>
        <Effect label="etc" startTime="24700" endTime="24750"></Effect>
        <Effect label="AI" startTime="24750" endTime="24900"></Effect>
        <Effect label="MBP" startTime="24900" endTime="25050"></Effect>
        <Effect label="AI" startTime="25050" endTime="25250"></Effect>
        <Effect label="L" startTime="25250" endTime="25400"></Effect>
        <Effect label="MBP" startTime="25400" endTime="25450"></Effect>
        <Effect label="E" startTime="25450" endTime="26450"></Effect>
        <Effect label="etc" startTime="26450" endTime="26500"></Effect>
        <Effect label="MBP" startTime="26500" endTime="26600"></Effect>
        <Effect label="AI" startTime="26600" endTime="26700"></Effect>
        <Effect label="etc" startTime="26700" endTime="26800"></Effect>
        <Effect label="AI" startTime="26800" endTime="26850"></Effect>
        <Effect label="MBP" startTime="26850" endTime="26950"></Effect>
        <Effect label="AI" startTime="26950" endTime="27050"></Effect>
        <Effect label="L" startTime="27050" endTime="27150"></Effect>
        <Effect label="MBP" startTime="27150" endTime="27250"></Effect>
        <Effect label="E" startTime="27250" endTime="28200"></Effect>
        <Effect label="etc" startTime="28200" endTime="28250"></Effect>
        <Effect label="AI" startTime="29150" endTime="30050"></Effect>
        <Effect label="MBP" startTime="30050" endTime="30100"></Effect>
        <Effect label="E" startTime="30100" endTime="30200"></Effect>
        <Effect label="etc" startTime="30200" endTime="30250"></Effect>
        <Effect label="MBP" startTime="30250" endTime="30350"></Effect>
        <Effect label="AI" startTime="30350" endTime="30450"></Effect>
        <Effect label="etc" startTime="30450" endTime="30550"></Effect>
        <Effect label="AI" startTime="30550" endTime="30600"></Effect>
        <Effect label="MBP" startTime="30600" endTime="30700"></Effect>
        <Effect label="AI" startTime="30700" endTime="30800"></Effect>
        <Effect label="L" startTime="30800" endTime="30900"></Effect>
        <Effect label="AI" startTime="30900" endTime="31000"></Effect>
        <Effect label="MBP" startTime="31000" endTime="31150"></Effect>
        <Effect label="AI" startTime="31150" endTime="31250"></Effect>
        <Effect label="L" startTime="31250" endTime="31400"></Effect>
        <Effect label="MBP" startTime="31400" endTime="31550"></Effect>
        <Effect label="E" startTime="31550" endTime="31650"></Effect>
        <Effect label="etc" startTime="31650" endTime="31800"></Effect>
        <Effect label="MBP" startTime="37100" endTime="37200"></Effect>
        <Effect label="E" startTime="37200" endTime="37250"></Effect>
        <Effect label="etc" startTime="37250" endTime="37350"></Effect>
        <Effect label="MBP" startTime="37350" endTime="37450"></Effect>
        <Effect label="AI" startTime="37450" endTime="37550"></Effect>
        <Effect label="etc" startTime="37550" endTime="37650"></Effect>
        <Effect label="AI" startTime="37650" endTime="37700"></Effect>
        <Effect label="MBP" startTime="37700" endTime="37800"></Effect>
        <Effect label="AI" startTime="37800" endTime="37900"></Effect>
        <Effect label="L" startTime="37900" endTime="38000"></Effect>
        <Effect label="AI" startTime="38000" endTime="38150"></Effect>
        <Effect label="MBP" startTime="38150" endTime="38250"></Effect>
        <Effect label="AI" startTime="38250" endTime="38400"></Effect>
        <Effect label="L" startTime="38400" endTime="38500"></Effect>
        <Effect label="MBP" startTime="38500" endTime="38600"></Effect>
        <Effect label="E" startTime="38600" endTime="38750"></Effect>
        <Effect label="etc" startTime="38750" endTime="38850"></Effect>
      </EffectLayer>
    </Element>
    <Element type="timing" name="Beats">
      <EffectLayer>
        <Effect label="1" startTime="0" endTime="500"></Effect>
        <Effect label="2" startTime="500" endTime="950"></Effect>
        <Effect label="3" startTime="950" endTime="1350"></Effect>
        <Effect label="4" startTime="1350" endTime="1800"></Effect>
        <Effect label="1" startTime="1800" endTime="2250"></Effect>
        <Effect label="2" startTime="2250" endTime="2650"></Effect>
        <Effect label="3" startTime="2650" endTime="3100"></Effect>
        <Effect label="4" startTime="3100" endTime="3550"></Effect>
        <Effect label="1" startTime="3550" endTime="4000"></Effect>
        <Effect label="2" startTime="4000" endTime="4450"></Effect>
        <Effect label="3" startTime="4450" endTime="4900"></Effect>
        <Effect label="4" startTime="4900" endTime="5300"></Effect>
        <Effect label="1" startTime="5300" endTime="5750"></Effect>
        <Effect label="2" startTime="5750" endTime="6200"></Effect>
        <Effect label="3" startTime="6200" endTime="6650"></Effect>
        <Effect label="4" startTime="6650" endTime="7100"></Effect>
        <Effect label="1" startTime="7100" endTime="7500"></Effect>
        <Effect label="2" startTime="7500" endTime="7950"></Effect>
        <Effect label="3" startTime="7950" endTime="8400"></Effect>
        <Effect label="4" startTime="8400" endTime="8850"></Effect>
        <Effect label="1" startTime="8850" endTime="9300"></Effect>
        <Effect label="2" startTime="9300" endTime="9750"></Effect>
        <Effect label="3" startTime="9750" endTime="10150"></Effect>
        <Effect label="4" startTime="10150" endTime="10600"></Effect>
        <Effect label="1" startTime="10600" endTime="11050"></Effect>
        <Effect label="2" startTime="11050" endTime="11500"></Effect>
        <Effect label="3" startTime="11500" endTime="11950"></Effect>
        <Effect label="4" startTime="11950" endTime="12400"></Effect>
        <Effect label="1" startTime="12400" endTime="12800"></Effect>
        <Effect label="2" startTime="12800" endTime="13250"></Effect>
        <Effect label="3" startTime="13250" endTime="13700"></Effect>
        <Effect label="4" startTime="13700" endTime="14150"></Effect>
        <Effect label="1" startTime="14150" endTime="14600"></Effect>
        <Effect label="2" startTime="14600" endTime="15000"></Effect>
        <Effect label="3" startTime="15000" endTime="15450"></Effect>
        <Effect label="4" startTime="15450" endTime="15900"></Effect>
        <Effect label="1" startTime="15900" endTime="16350"></Effect>
        <Effect label="2" startTime="16350" endTime="16800"></Effect>
        <Effect label="3" startTime="16800" endTime="17250"></Effect>
        <Effect label="4" startTime="17250" endTime="17650"></Effect>
        <Effect label="1" startTime="17650" endTime="18100"></Effect>
        <Effect label="2" startTime="18100" endTime="18550"></Effect>
        <Effect label="3" startTime="18550" endTime="19000"></Effect>
        <Effect label="4" startTime="19000" endTime="19450"></Effect>
        <Effect label="1" startTime="19450" endTime="19900"></Effect>
        <Effect label="2" startTime="19900" endTime="20300"></Effect>
        <Effect label="3" startTime="20300" endTime="20750"></Effect>
        <Effect label="4" startTime="20750" endTime="21200"></Effect>
        <Effect label="1" startTime="21200" endTime="21650"></Effect>
        <Effect label="2" startTime="21650" endTime="22100"></Effect>
        <Effect label="3" startTime="22100" endTime="22500"></Effect>
        <Effect label="4" startTime="22500" endTime="22950"></Effect>
        <Effect label="1" startTime="22950" endTime="23400"></Effect>
        <Effect label="2" startTime="23400" endTime="23850"></Effect>
        <Effect label="3" startTime="23850" endTime="24300"></Effect>
        <Effect label="4" startTime="24300" endTime="24750"></Effect>
        <Effect label="1" startTime="24750" endTime="25150"></Effect>
        <Effect label="2" startTime="25150" endTime="25600"></Effect>
        <Effect label="3" startTime="25600" endTime="26050"></Effect>
        <Effect label="4" startTime="26050" endTime="26500"></Effect>
        <Effect label="1" startTime="26500" endTime="26950"></Effect>
        <Effect label="2" startTime="26950" endTime="27400"></Effect>
        <Effect label="3" startTime="27400" endTime="27850"></Effect>
        <Effect label="4" startTime="27850" endTime="28250"></Effect>
        <Effect label="1" startTime="28250" endTime="28700"></Effect>
        <Effect label="2" startTime="28700" endTime="29150"></Effect>
        <Effect label="3" startTime="29150" endTime="29600"></Effect>
        <Effect label="4" startTime="29600" endTime="30050"></Effect>
        <Effect label="1" startTime="30050" endTime="30500"></Effect>
        <Effect label="2" startTime="30500" endTime="30950"></Effect>
        <Effect label="3" startTime="30950" endTime="31350"></Effect>
        <Effect label="4" startTime="31350" endTime="31800"></Effect>
        <Effect label="1" startTime="31800" endTime="32250"></Effect>
        <Effect label="2" startTime="32250" endTime="32650"></Effect>
        <Effect label="3" startTime="32650" endTime="33100"></Effect>
        <Effect label="4" startTime="33100" endTime="33550"></Effect>
        <Effect label="1" startTime="33550" endTime="34000"></Effect>
        <Effect label="2" startTime="34000" endTime="34450"></Effect>
        <Effect label="3" startTime="34450" endTime="34900"></Effect>
        <Effect label="4" startTime="34900" endTime="35300"></Effect>
        <Effect label="1" startTime="35300" endTime="35750"></Effect>
        <Effect label="2" startTime="35750" endTime="36200"></Effect>
        <Effect label="3" startTime="36200" endTime="36700"></Effect>
        <Effect label="4" startTime="36700" endTime="37150"></Effect>
        <Effect label="1" startTime="37150" endTime="37600"></Effect>
        <Effect label="2" startTime="37600" endTime="38050"></Effect>
        <Effect label="3" startTime="38050" endTime="38500"></Effect>
        <Effect label="4" startTime="38500" endTime="38950"></Effect>
        <Effect label="1" startTime="38950" endTime="39400"></Effect>
        <Effect label="2" startTime="39400" endTime="39850"></Effect>
        <Effect label="3" startTime="39850" endTime="40300"></Effect>
        <Effect label="4" startTime="40300" endTime="40750"></Effect>
        <Effect label="1" startTime="40750" endTime="41250"></Effect>
        <Effect label="2" startTime="41250" endTime="41700"></Effect>
        <Effect label="3" startTime="41700" endTime="42150"></Effect>
        <Effect label="4" startTime="42150" endTime="42600"></Effect>
        <Effect label="1" startTime="42600" endTime="42600"></Effect>
      </EffectLayer>
    </Element>
    <Element type="model" name="Group - RGB">
      <EffectLayer>
        <Effect ref="0" name="Curtain" startTime="0" endTime="2700" palette="0"/>
        <Effect ref="1" name="SingleStrand" id="1" startTime="2700" endTime="3550" palette="0"/>
        <Effect ref="2" name="Fan" id="2" startTime="3550" endTime="10600" palette="0"/>
        <Effect ref="3" name="Fill" id="3" startTime="10600" endTime="12400" palette="1"/>
        <Effect ref="4" name="Fill" id="4" startTime="12400" endTime="14150" palette="2"/>
        <Effect ref="5" name="Curtain" id="5" startTime="14150" endTime="15000" palette="3"/>
        <Effect ref="6" name="Morph" id="6" startTime="15000" endTime="15900" palette="4"/>
        <Effect ref="7" name="Color Wash" id="7" startTime="15900" endTime="17650" palette="3"/>
        <Effect ref="3" name="Fill" id="8" startTime="17650" endTime="19450" palette="1"/>
        <Effect ref="4" name="Fill" id="9" startTime="19450" endTime="21200" palette="5"/>
        <Effect ref="5" name="Curtain" id="10" startTime="21200" endTime="22100" palette="6"/>
        <Effect ref="6" name="Morph" id="11" startTime="22100" endTime="22950" palette="7"/>
        <Effect ref="7" name="Color Wash" id="12" startTime="22950" endTime="24750" palette="8"/>
        <Effect ref="7" name="Color Wash" id="13" startTime="24750" endTime="26500" palette="3"/>
        <Effect ref="7" name="Color Wash" id="14" startTime="26500" endTime="28250" palette="8"/>
        <Effect ref="5" name="Curtain" id="15" startTime="28250" endTime="29150" palette="9"/>
        <Effect ref="6" name="Morph" id="16" startTime="29150" endTime="30050" palette="10"/>
        <Effect ref="7" name="Color Wash" id="17" startTime="30050" endTime="31800" palette="10"/>
        <Effect ref="8" name="Fan" id="18" startTime="31800" endTime="37150" palette="9"/>
        <Effect ref="7" name="Color Wash" id="19" startTime="37150" endTime="38950" palette="10"/>
        <Effect ref="9" name="Circles" id="20" startTime="38950" endTime="42600" palette="9"/>
      </EffectLayer>
    </Element>
    <Element type="model" name="Arches">
      <EffectLayer>
        <Effect ref="10" name="SingleStrand" startTime="0" endTime="3550" palette="9"/>
        <Effect ref="11" name="SingleStrand" id="2" startTime="3550" endTime="5300" palette="9"/>
        <Effect ref="11" name="SingleStrand" id="3" startTime="5300" endTime="7100" palette="9"/>
        <Effect ref="11" name="SingleStrand" id="4" startTime="7100" endTime="8850" palette="11"/>
        <Effect ref="11" name="SingleStrand" id="5" startTime="8850" endTime="10600" palette="12"/>
        <Effect ref="11" name="SingleStrand" id="6" startTime="10600" endTime="12400" palette="13"/>
        <Effect ref="11" name="SingleStrand" id="7" startTime="12400" endTime="14150" palette="14"/>
        <Effect ref="11" name="SingleStrand" id="8" startTime="14150" endTime="15900" palette="11"/>
        <Effect ref="11" name="SingleStrand" id="9" startTime="15900" endTime="17650" palette="11"/>
        <Effect ref="11" name="SingleStrand" id="10" startTime="17650" endTime="19450" palette="15"/>
        <Effect ref="11" name="SingleStrand" id="11" startTime="19450" endTime="21200" palette="15"/>
        <Effect ref="11" name="SingleStrand" id="12" startTime="21200" endTime="22950" palette="13"/>
        <Effect ref="11" name="SingleStrand" id="13" startTime="22950" endTime="24750" palette="13"/>
        <Effect ref="11" name="SingleStrand" id="14" startTime="24750" endTime="26500" palette="14"/>
        <Effect ref="11" name="SingleStrand" id="15" startTime="26500" endTime="28250" palette="14"/>
        <Effect ref="11" name="SingleStrand" id="16" startTime="28250" endTime="30050" palette="11"/>
        <Effect ref="11" name="SingleStrand" id="17" startTime="30050" endTime="31800" palette="11"/>
        <Effect ref="11" name="SingleStrand" id="18" startTime="31800" endTime="33550" palette="15"/>
        <Effect ref="11" name="SingleStrand" id="19" startTime="33550" endTime="35300" palette="15"/>
        <Effect ref="11" name="SingleStrand" id="20" startTime="35300" endTime="37150" palette="13"/>
        <Effect ref="12" name="SingleStrand" id="21" startTime="37150" endTime="38950" palette="9"/>
        <Effect ref="13" name="SingleStrand" id="22" startTime="38950" endTime="42600" palette="9"/>
        <Effect ref="11" name="SingleStrand" id="24" startTime="42600" endTime="42600" palette="9"/>
      </EffectLayer>
    </Element>
    <Element type="model" name="Candy Canes">
      <EffectLayer>
        <Effect ref="14" name="SingleStrand" startTime="3550" endTime="10600" palette="16"/>
        <Effect ref="3" name="Fill" id="1" startTime="10600" endTime="12400" palette="1"/>
        <Effect ref="4" name="Fill" id="2" startTime="12400" endTime="14150" palette="2"/>
        <Effect ref="5" name="Curtain" id="3" startTime="14150" endTime="15900" palette="3"/>
        <Effect ref="3" name="Fill" id="4" startTime="17650" endTime="19450" palette="1"/>
        <Effect ref="4" name="Fill" id="5" startTime="19450" endTime="21200" palette="5"/>
        <Effect ref="5" name="Curtain" id="6" startTime="21200" endTime="22950" palette="6"/>
        <Effect ref="5" name="Curtain" id="7" startTime="28250" endTime="30050" palette="9"/>
      </EffectLayer>
      <EffectLayer>
        <Effect ref="15" name="SingleStrand" startTime="3550" endTime="10600" palette="2"/>
      </EffectLayer>
    </Element>
    <Element type="model" name="Group - Mini Trees">
      <EffectLayer>
        <Effect ref="16" name="Morph" startTime="0" endTime="972" palette="2"/>
        <Effect ref="16" name="Morph" id="1" startTime="972" endTime="1800" palette="16"/>
        <Effect ref="16" name="Morph" id="2" startTime="1800" endTime="2710" palette="2"/>
        <Effect ref="16" name="Morph" id="3" startTime="2710" endTime="3550" palette="16"/>
        <Effect ref="16" name="Morph" id="4" startTime="3550" endTime="4500" palette="2"/>
        <Effect ref="16" name="Morph" id="5" startTime="4500" endTime="5300" palette="16"/>
        <Effect ref="16" name="Morph" id="6" startTime="5300" endTime="6250" palette="2"/>
        <Effect ref="16" name="Morph" id="7" startTime="6250" endTime="7100" palette="16"/>
        <Effect ref="16" name="Morph" id="8" startTime="7100" endTime="8050" palette="2"/>
        <Effect ref="16" name="Morph" id="9" startTime="8050" endTime="8850" palette="16"/>
        <Effect ref="16" name="Morph" id="10" startTime="8850" endTime="9800" palette="2"/>
        <Effect ref="16" name="Morph" id="11" startTime="9800" endTime="10600" palette="16"/>
        <Effect ref="16" name="Morph" id="12" startTime="10600" endTime="11572" palette="2"/>
        <Effect ref="16" name="Morph" id="13" startTime="11572" endTime="12400" palette="16"/>
        <Effect ref="16" name="Morph" id="14" startTime="12400" endTime="13310" palette="2"/>
        <Effect ref="16" name="Morph" id="15" startTime="13310" endTime="14150" palette="16"/>
        <Effect ref="16" name="Morph" id="16" startTime="14150" endTime="15095" palette="2"/>
        <Effect ref="16" name="Morph" id="17" startTime="15095" endTime="15900" palette="16"/>
        <Effect ref="16" name="Morph" id="18" startTime="15900" endTime="16845" palette="2"/>
        <Effect ref="16" name="Morph" id="19" startTime="16845" endTime="17650" palette="16"/>
        <Effect ref="16" name="Morph" id="20" startTime="17650" endTime="18622" palette="2"/>
        <Effect ref="16" name="Morph" id="21" startTime="18622" endTime="19450" palette="16"/>
        <Effect ref="16" name="Morph" id="22" startTime="19450" endTime="20360" palette="2"/>
        <Effect ref="16" name="Morph" id="23" startTime="20360" endTime="21200" palette="16"/>
        <Effect ref="16" name="Morph" id="24" startTime="21200" endTime="22145" palette="2"/>
        <Effect ref="16" name="Morph" id="25" startTime="22145" endTime="22950" palette="16"/>
        <Effect ref="16" name="Morph" id="26" startTime="22950" endTime="23922" palette="2"/>
        <Effect ref="16" name="Morph" id="27" startTime="23922" endTime="24750" palette="16"/>
        <Effect ref="16" name="Morph" id="28" startTime="24750" endTime="25695" palette="2"/>
        <Effect ref="16" name="Morph" id="29" startTime="25695" endTime="26500" palette="16"/>
        <Effect ref="16" name="Morph" id="30" startTime="26500" endTime="27410" palette="2"/>
        <Effect ref="16" name="Morph" id="31" startTime="27410" endTime="28250" palette="16"/>
        <Effect ref="16" name="Morph" id="32" startTime="28250" endTime="29222" palette="2"/>
        <Effect ref="16" name="Morph" id="33" startTime="29222" endTime="30050" palette="16"/>
        <Effect ref="16" name="Morph" id="34" startTime="30050" endTime="30995" palette="2"/>
        <Effect ref="16" name="Morph" id="35" startTime="30995" endTime="31800" palette="16"/>
        <Effect ref="16" name="Morph" id="36" startTime="31800" endTime="32745" palette="2"/>
        <Effect ref="16" name="Morph" id="37" startTime="32745" endTime="33550" palette="16"/>
        <Effect ref="16" name="Morph" id="38" startTime="33550" endTime="34460" palette="2"/>
        <Effect ref="16" name="Morph" id="39" startTime="34460" endTime="35300" palette="16"/>
        <Effect ref="16" name="Morph" id="40" startTime="35300" endTime="36299" palette="2"/>
        <Effect ref="16" name="Morph" id="41" startTime="36299" endTime="37150" palette="16"/>
        <Effect ref="16" name="Morph" id="42" startTime="37150" endTime="38122" palette="2"/>
        <Effect ref="16" name="Morph" id="43" startTime="38122" endTime="38950" palette="16"/>
        <Effect ref="16" name="Morph" id="44" startTime="38950" endTime="39922" palette="2"/>
        <Effect ref="16" name="Morph" id="45" startTime="39922" endTime="40750" palette="16"/>
        <Effect ref="16" name="Morph" id="46" startTime="40750" endTime="41712" palette="2"/>
        <Effect ref="16" name="Morph" id="47" startTime="41712" endTime="42600" palette="16"/>
        <Effect ref="16" name="Morph" id="48" startTime="42600" endTime="42600" palette="2"/>
      </EffectLayer>
    </Element>
    <Element type="model" name="Group - Stars">
      <EffectLayer>
        <Effect ref="17" name="Pinwheel" startTime="3550" endTime="10600" palette="17"/>
      </EffectLayer>
    </Element>
    <Element type="model" name="Megatree">
      <EffectLayer>
        <Effect ref="18" name="Fan" startTime="3550" endTime="10600" palette="0"/>
        <Effect ref="19" name="Pictures" id="1" startTime="10600" endTime="12400" palette="18"/>
        <Effect ref="20" name="Pictures" id="2" startTime="12400" endTime="14150" palette="18"/>
        <Effect ref="21" name="Pictures" id="3" startTime="15900" endTime="17650" palette="18"/>
        <Effect ref="19" name="Pictures" id="4" startTime="17650" endTime="19450" palette="18"/>
        <Effect ref="22" name="Pictures" id="5" startTime="19450" endTime="21200" palette="18"/>
        <Effect ref="23" name="Pictures" id="6" startTime="22950" endTime="24750" palette="18"/>
        <Effect ref="21" name="Pictures" id="7" startTime="24750" endTime="26500" palette="18"/>
        <Effect ref="23" name="Pictures" id="8" startTime="26500" endTime="28250" palette="18"/>
        <Effect ref="24" name="Pictures" id="9" startTime="30050" endTime="31800" palette="18"/>
        <Effect ref="8" name="Fan" id="10" startTime="31800" endTime="37150" palette="9"/>
        <Effect ref="24" name="Pictures" id="11" startTime="37150" endTime="38950" palette="18"/>
      </EffectLayer>
    </Element>
    <Element type="model" name="Shirt Matrix">
      <EffectLayer>
        <Effect ref="18" name="Fan" startTime="3550" endTime="10600" palette="0"/>
        <Effect ref="25" name="Pictures" id="1" startTime="10600" endTime="12400" palette="18"/>
        <Effect ref="26" name="Pictures" id="2" startTime="12400" endTime="14150" palette="18"/>
        <Effect ref="27" name="Pictures" id="3" startTime="15900" endTime="17650" palette="18"/>
        <Effect ref="25" name="Pictures" id="4" startTime="17650" endTime="19450" palette="18"/>
        <Effect ref="28" name="Pictures" id="5" startTime="19450" endTime="21200" palette="18"/>
        <Effect ref="29" name="Pictures" id="6" startTime="22950" endTime="24750" palette="18"/>
        <Effect ref="27" name="Pictures" id="7" startTime="24750" endTime="26500" palette="18"/>
        <Effect ref="29" name="Pictures" id="8" startTime="26500" endTime="28250" palette="18"/>
        <Effect ref="30" name="Pictures" selected="1" id="9" startTime="30050" endTime="31800" palette="18"/>
        <Effect ref="8" name="Fan" id="10" startTime="31800" endTime="37150" palette="9"/>
        <Effect ref="30" name="Pictures" id="11" startTime="37150" endTime="38950" palette="18"/>
      </EffectLayer>
    </Element>
    <Element type="model" name="Singing_Tree">
      <EffectLayer>
        <Effect ref="31" name="Faces" startTime="0" endTime="42650" palette="18"/>
      </EffectLayer>
    </Element>
  </ElementEffects>
  <lastView>0</lastView>
</xsequence>
